macro_R2,model,model_category,model_key,nMAE,nMSE,nRMSE,outer_fold,prediction_type,sample_size,split
0.7953766140827031,XGBoost,Boosting,xgboost_regressor,0.23387523015469042,0.17088709064060018,0.4133849182548877,0,raw,500,id_validation
0.792151848976775,XGBoost,Boosting,xgboost_regressor,0.23291956333748437,0.1741260211411773,0.4172841012322148,0,projected,500,id_validation
0.862559611786841,XGBoost,Boosting,xgboost_regressor,0.18494027966372664,0.15427660816620645,0.39278061073098613,0,raw,1450,id_validation
0.86041847845114,XGBoost,Boosting,xgboost_regressor,0.1862095095392867,0.15635196104367818,0.39541365814002705,0,projected,1450,id_validation
0.886895549380273,XGBoost,Boosting,xgboost_regressor,0.16573694648634135,0.11279739828720328,0.335853239209038,0,raw,2400,id_validation
0.884616215474099,XGBoost,Boosting,xgboost_regressor,0.16826972579073554,0.11502607820045088,0.33915494718557604,0,projected,2400,id_validation
0.8942040511124478,XGBoost,Boosting,xgboost_regressor,0.15923899478155346,0.11064802459397054,0.3326379782796464,0,raw,3350,id_validation
0.8927424478589698,XGBoost,Boosting,xgboost_regressor,0.16104478227443464,0.11196928761682316,0.3346181220687594,0,projected,3350,id_validation
0.9057426912215061,XGBoost,Boosting,xgboost_regressor,0.1510112925776573,0.0941827710808875,0.3068921163550597,0,raw,4300,id_validation
0.9046674603410452,XGBoost,Boosting,xgboost_regressor,0.15238903864944917,0.09507554819576938,0.30834323114958984,0,projected,4300,id_validation
0.9118035296179162,XGBoost,Boosting,xgboost_regressor,0.14408018830217018,0.08738818158569851,0.29561492111478155,0,raw,5250,id_validation
0.9116971650857868,XGBoost,Boosting,xgboost_regressor,0.14478177545166754,0.0872501104954646,0.2953812967935929,0,projected,5250,id_validation
0.918738642219551,XGBoost,Boosting,xgboost_regressor,0.13724395953609134,0.08264363895144052,0.28747806690500843,0,raw,6200,id_validation
0.9190756414159897,XGBoost,Boosting,xgboost_regressor,0.1375747463044172,0.08210618074342113,0.2865417609065407,0,projected,6200,id_validation
0.924989514740514,XGBoost,Boosting,xgboost_regressor,0.1319902286090635,0.07596399561029134,0.27561566648195335,0,raw,7150,id_validation
0.9253423244249444,XGBoost,Boosting,xgboost_regressor,0.13236309171585334,0.07549082647948106,0.2747559398438568,0,projected,7150,id_validation
0.9273431174496851,XGBoost,Boosting,xgboost_regressor,0.12998499840434888,0.07274281724889693,0.26970876375990627,0,raw,8100,id_validation
0.9271464728179211,XGBoost,Boosting,xgboost_regressor,0.13104889331645977,0.07280592019256081,0.2698257218883345,0,projected,8100,id_validation
0.9331308629733766,XGBoost,Boosting,xgboost_regressor,0.12652529335155369,0.0647313396669372,0.25442354385342797,0,raw,9050,id_validation
0.9331167752703646,XGBoost,Boosting,xgboost_regressor,0.12693462063016994,0.06463241005157921,0.2542290503691095,0,projected,9050,id_validation
0.9321612684462263,XGBoost,Boosting,xgboost_regressor,0.1257065348510254,0.06423468743247639,0.2534456301309541,0,raw,10000,id_validation
0.9322320791290256,XGBoost,Boosting,xgboost_regressor,0.12592790611023602,0.06411737853830883,0.25321409624724456,0,projected,10000,id_validation
0.8018485796449841,XGBoost,Boosting,xgboost_regressor,0.24933247266784378,0.20097783112232048,0.4483055109212026,1,raw,500,id_validation
0.7884275081864229,XGBoost,Boosting,xgboost_regressor,0.25317923660609964,0.2112309280430023,0.45959865974891867,1,projected,500,id_validation
0.8740070487609872,XGBoost,Boosting,xgboost_regressor,0.1937617718424196,0.14706941193084963,0.3834962997616139,1,raw,1450,id_validation
0.8690979767415868,XGBoost,Boosting,xgboost_regressor,0.1973121730806445,0.15204963118875933,0.38993541925395714,1,projected,1450,id_validation
0.8909218358967392,XGBoost,Boosting,xgboost_regressor,0.17782694659011303,0.14643307868003952,0.3826657532103435,1,raw,2400,id_validation
0.8872406774614257,XGBoost,Boosting,xgboost_regressor,0.18117405258373,0.1498523476276434,0.3871076692958219,1,projected,2400,id_validation
0.9057835959057542,XGBoost,Boosting,xgboost_regressor,0.160716022644257,0.11820872864488004,0.343814962799585,1,raw,3350,id_validation
0.903514019275308,XGBoost,Boosting,xgboost_regressor,0.1630460001898056,0.12038679930287105,0.3469680090481989,1,projected,3350,id_validation
0.9184916188819614,XGBoost,Boosting,xgboost_regressor,0.14781175860998727,0.08883571841493695,0.29805321406577207,1,raw,4300,id_validation
0.9166932842954749,XGBoost,Boosting,xgboost_regressor,0.15016919771051254,0.09079831987938378,0.3013275956154427,1,projected,4300,id_validation
0.927890816268938,XGBoost,Boosting,xgboost_regressor,0.13996804798546994,0.07576387607416506,0.27525238613709613,1,raw,5250,id_validation
0.9266835516709069,XGBoost,Boosting,xgboost_regressor,0.14197044593257344,0.07716624836349295,0.27778813575005856,1,projected,5250,id_validation
0.9258872452323363,XGBoost,Boosting,xgboost_regressor,0.1370078065763369,0.07996199367893683,0.2827755181746412,1,raw,6200,id_validation
0.9250008928512374,XGBoost,Boosting,xgboost_regressor,0.1388301676116818,0.08108020440383058,0.28474585932692786,1,projected,6200,id_validation
0.9303290732452026,XGBoost,Boosting,xgboost_regressor,0.13153109763633206,0.0736226218373639,0.271334888721233,1,raw,7150,id_validation
0.9292359334796064,XGBoost,Boosting,xgboost_regressor,0.1334130316207862,0.07487549353693199,0.2736338676716243,1,projected,7150,id_validation
0.9330726490645315,XGBoost,Boosting,xgboost_regressor,0.1283373788705976,0.06912576788953119,0.26291779682922034,1,raw,8100,id_validation
0.9323386154127092,XGBoost,Boosting,xgboost_regressor,0.12976064837419649,0.07000191241389653,0.26457874520432767,1,projected,8100,id_validation
0.9340004142317897,XGBoost,Boosting,xgboost_regressor,0.1264804153244742,0.06590377895492458,0.2567173133135445,1,raw,9050,id_validation
0.9331286394769215,XGBoost,Boosting,xgboost_regressor,0.1277675339699205,0.06687488557895165,0.25860178958961527,1,projected,9050,id_validation
0.9359049311570921,XGBoost,Boosting,xgboost_regressor,0.12379530075748353,0.06524377111140668,0.2554286027668137,1,raw,10000,id_validation
0.935247865351049,XGBoost,Boosting,xgboost_regressor,0.12524163704037106,0.06604784901367236,0.2569977607172334,1,projected,10000,id_validation
0.818251559067838,XGBoost,Boosting,xgboost_regressor,0.2403733197913109,0.1931677414734059,0.4395085226402395,2,raw,500,id_validation
0.8138224564184788,XGBoost,Boosting,xgboost_regressor,0.24045268190848343,0.19831729279680788,0.4453282977723377,2,projected,500,id_validation
0.8474043861864932,XGBoost,Boosting,xgboost_regressor,0.1868439372670561,0.12107734559406202,0.3479617013322903,2,raw,1450,id_validation
0.47649610118206837,XGBoost,Boosting,xgboost_regressor,0.19411657688484216,0.2313091857088321,0.48094613597453106,2,projected,1450,id_validation
0.8740756956022459,XGBoost,Boosting,xgboost_regressor,0.16993890149101556,0.10964957548184893,0.33113377278956146,2,raw,2400,id_validation
0.7590913779815691,XGBoost,Boosting,xgboost_regressor,0.17487705203218157,0.16874559150697258,0.4107865522469943,2,projected,2400,id_validation
0.8955127616608518,XGBoost,Boosting,xgboost_regressor,0.15698880212209446,0.09289464592225133,0.3047862298763698,2,raw,3350,id_validation
0.7925351481376499,XGBoost,Boosting,xgboost_regressor,0.1602470593207581,0.1477640834322796,0.3844009409877655,2,projected,3350,id_validation
0.9094612003295964,XGBoost,Boosting,xgboost_regressor,0.14735094384761122,0.08126384453601591,0.28506814016304227,2,raw,4300,id_validation
0.9091862605465423,XGBoost,Boosting,xgboost_regressor,0.1480160034641801,0.08189666004739958,0.28617592499614564,2,projected,4300,id_validation
0.9191158396718659,XGBoost,Boosting,xgboost_regressor,0.14292590726615811,0.07714991136245317,0.2777587286881425,2,raw,5250,id_validation
0.9023233831517207,XGBoost,Boosting,xgboost_regressor,0.14370217981985378,0.08688059391072223,0.294755142297335,2,projected,5250,id_validation
0.9221779079078338,XGBoost,Boosting,xgboost_regressor,0.13649261810815602,0.07144338193050279,0.2672889483882616,2,raw,6200,id_validation
0.9217357017902195,XGBoost,Boosting,xgboost_regressor,0.13734157481236067,0.07200738506671663,0.2683419182064491,2,projected,6200,id_validation
0.9300773304944547,XGBoost,Boosting,xgboost_regressor,0.13352364476325965,0.06698785172795946,0.2588201146123683,2,raw,7150,id_validation
0.9297711411876509,XGBoost,Boosting,xgboost_regressor,0.13379059474457386,0.06744787008061395,0.2597072776812655,2,projected,7150,id_validation
0.9301112998081,XGBoost,Boosting,xgboost_regressor,0.13018055915138999,0.06781655375669143,0.2604161165455998,2,raw,8100,id_validation
0.9302330923566251,XGBoost,Boosting,xgboost_regressor,0.13031562912902667,0.06779872905703822,0.2603818908008739,2,projected,8100,id_validation
0.9283570126565557,XGBoost,Boosting,xgboost_regressor,0.127992124031666,0.070880075672456,0.26623312279364486,2,raw,9050,id_validation
0.9287155614816471,XGBoost,Boosting,xgboost_regressor,0.1281781526369132,0.07069031868508233,0.26587651021683417,2,projected,9050,id_validation
0.9323006228850922,XGBoost,Boosting,xgboost_regressor,0.12574751486551314,0.06864945917846138,0.26201041807237624,2,raw,10000,id_validation
0.9320468975382663,XGBoost,Boosting,xgboost_regressor,0.1265382150666152,0.06903838116730542,0.2627515578779799,2,projected,10000,id_validation
0.800258687862461,XGBoost,Boosting,xgboost_regressor,0.24141929842756443,0.1684570396097527,0.4104351832016265,3,raw,500,id_validation
0.8000726988947374,XGBoost,Boosting,xgboost_regressor,0.24001981581023882,0.1717993637856976,0.41448686804975815,3,projected,500,id_validation
0.8808789530834888,XGBoost,Boosting,xgboost_regressor,0.18014772660620829,0.10865199893549975,0.32962402663565005,3,raw,1450,id_validation
0.8795526152041914,XGBoost,Boosting,xgboost_regressor,0.17946416949599733,0.11033155992036046,0.3321619483329788,3,projected,1450,id_validation
0.8762958803584991,XGBoost,Boosting,xgboost_regressor,0.16705605760153674,0.1026495095103075,0.3203896214147823,3,raw,2400,id_validation
0.8753040880797276,XGBoost,Boosting,xgboost_regressor,0.16742499049565843,0.10385213494259113,0.3222609733470547,3,projected,2400,id_validation
0.8904945326312681,XGBoost,Boosting,xgboost_regressor,0.15574112353748767,0.09359706582705124,0.3059363754558311,3,raw,3350,id_validation
0.8902717628755976,XGBoost,Boosting,xgboost_regressor,0.15580742746533477,0.09397401524943516,0.306551814950483,3,projected,3350,id_validation
0.9009381299458118,XGBoost,Boosting,xgboost_regressor,0.14801723795273913,0.09156853210217887,0.3026029281123679,3,raw,4300,id_validation
0.9006239354006775,XGBoost,Boosting,xgboost_regressor,0.1481106644250643,0.09195572885782735,0.30324203016374124,3,projected,4300,id_validation
0.9107558822587697,XGBoost,Boosting,xgboost_regressor,0.14130254729020766,0.08184051735444915,0.28607781695624207,3,raw,5250,id_validation
0.9102946948029075,XGBoost,Boosting,xgboost_regressor,0.1413936968820673,0.08247544956656928,0.2871853923279687,3,projected,5250,id_validation
0.9242878281587987,XGBoost,Boosting,xgboost_regressor,0.13648834465590562,0.0720743050844668,0.26846658094531395,3,raw,6200,id_validation
0.9243126385227475,XGBoost,Boosting,xgboost_regressor,0.13611530596708712,0.07209511445323386,0.26850533412435934,3,projected,6200,id_validation
0.9237279962923617,XGBoost,Boosting,xgboost_regressor,0.13436985600149898,0.07491992866335367,0.2737150501221182,3,raw,7150,id_validation
0.9235735259704304,XGBoost,Boosting,xgboost_regressor,0.13420380742615504,0.07510137799919575,0.274046306304602,3,projected,7150,id_validation
0.9296847764865044,XGBoost,Boosting,xgboost_regressor,0.1313238855374639,0.06812312218898388,0.26100406546447485,3,raw,8100,id_validation
0.9296313299322053,XGBoost,Boosting,xgboost_regressor,0.13136410913982993,0.06816435302766793,0.261083038567556,3,projected,8100,id_validation
0.9314764478596829,XGBoost,Boosting,xgboost_regressor,0.12965109568682473,0.06865793839833888,0.26202659864666195,3,raw,9050,id_validation
0.9308946551684008,XGBoost,Boosting,xgboost_regressor,0.13021939975135804,0.06931172033525286,0.26327119161665385,3,projected,9050,id_validation
0.9349407050358067,XGBoost,Boosting,xgboost_regressor,0.1266609060311771,0.06402761851954099,0.25303679281784497,3,raw,10000,id_validation
0.9347431371659958,XGBoost,Boosting,xgboost_regressor,0.12669264402508165,0.06429081015931877,0.2535563254176846,3,projected,10000,id_validation
0.8172172581787966,XGBoost,Boosting,xgboost_regressor,0.22926879993893307,0.21596385935069298,0.4647191187703525,4,raw,500,id_validation
0.8133676154019958,XGBoost,Boosting,xgboost_regressor,0.23029278027582042,0.218853287540476,0.4678175793410034,4,projected,500,id_validation
0.8860252861932715,XGBoost,Boosting,xgboost_regressor,0.17278999500405215,0.10828426956536981,0.3290657526473544,4,raw,1450,id_validation
0.8849842008104728,XGBoost,Boosting,xgboost_regressor,0.1720225505417632,0.10875225665187858,0.3297760704658217,4,projected,1450,id_validation
0.8847620495956126,XGBoost,Boosting,xgboost_regressor,0.16068359879473634,0.10300899392816716,0.3209501424336296,4,raw,2400,id_validation
0.884564532711468,XGBoost,Boosting,xgboost_regressor,0.16070235579873368,0.10268780056524002,0.3204493728582411,4,projected,2400,id_validation
0.9135932993822508,XGBoost,Boosting,xgboost_regressor,0.14813142866793144,0.08202226718907318,0.2863952988250212,4,raw,3350,id_validation
0.9128467751654055,XGBoost,Boosting,xgboost_regressor,0.14907220500511378,0.08236923198607302,0.2870004041566371,4,projected,3350,id_validation
0.9169264750870727,XGBoost,Boosting,xgboost_regressor,0.14181941773259718,0.08805483017095607,0.2967403413271544,4,raw,4300,id_validation
0.9156837659152626,XGBoost,Boosting,xgboost_regressor,0.14315546492483275,0.08908689593869533,0.2984742801962932,4,projected,4300,id_validation
0.9245621636085926,XGBoost,Boosting,xgboost_regressor,0.13535854266794553,0.08041112638544824,0.2835685567644062,4,raw,5250,id_validation
0.9234950391866285,XGBoost,Boosting,xgboost_regressor,0.13682109471400528,0.0813252132384547,0.2851757585042156,4,projected,5250,id_validation
0.9305129923699758,XGBoost,Boosting,xgboost_regressor,0.12949637521617605,0.07169678636637145,0.26776255594532156,4,raw,6200,id_validation
0.9292222307675045,XGBoost,Boosting,xgboost_regressor,0.13084461444665124,0.07280723340917723,0.2698281553307164,4,projected,6200,id_validation
0.9308665582925902,XGBoost,Boosting,xgboost_regressor,0.12800580422505708,0.07047703337817424,0.26547510877326,4,raw,7150,id_validation
0.930351232386361,XGBoost,Boosting,xgboost_regressor,0.12928205813683719,0.07084550981238437,0.2661681983490597,4,projected,7150,id_validation
0.9356929120832401,XGBoost,Boosting,xgboost_regressor,0.12427213171914699,0.0654958423759065,0.25592155512169446,4,raw,8100,id_validation
0.9348479557949613,XGBoost,Boosting,xgboost_regressor,0.12564399638055312,0.06622052787910557,0.25733349544726114,4,projected,8100,id_validation
0.9382906523736247,XGBoost,Boosting,xgboost_regressor,0.12268805668082218,0.06315226524767173,0.25130114454110974,4,raw,9050,id_validation
0.9378948897114647,XGBoost,Boosting,xgboost_regressor,0.12340083577253953,0.06338166407594657,0.25175715297871193,4,projected,9050,id_validation
0.9404333985283225,XGBoost,Boosting,xgboost_regressor,0.1201018748761164,0.06058310296787035,0.24613635035863832,4,raw,10000,id_validation
0.9401163281710365,XGBoost,Boosting,xgboost_regressor,0.12083421655632341,0.06071577257733488,0.24640570727427336,4,projected,10000,id_validation
0.792231626125359,LightGBM,Boosting,lightgbm_regressor,0.22840911084516327,0.17370473522157653,0.41677900045656874,0,raw,500,id_validation
0.7858295351354222,LightGBM,Boosting,lightgbm_regressor,0.22897401040463833,0.18016239901305875,0.42445541463510483,0,projected,500,id_validation
0.8660071680377964,LightGBM,Boosting,lightgbm_regressor,0.17757608621115306,0.15463091377329305,0.3932313743501312,0,raw,1450,id_validation
0.8640263371254792,LightGBM,Boosting,lightgbm_regressor,0.178435748131175,0.15667841987127146,0.39582624959857254,0,projected,1450,id_validation
0.8892088637895068,LightGBM,Boosting,lightgbm_regressor,0.1592276233675858,0.11053190023920725,0.3324633818019772,0,raw,2400,id_validation
0.8886406905726707,LightGBM,Boosting,lightgbm_regressor,0.16042509874416508,0.11118280935157399,0.3334408633499709,0,projected,2400,id_validation
0.8998265259542132,LightGBM,Boosting,lightgbm_regressor,0.15053653362792602,0.10516020607068799,0.3242841440321867,0,raw,3350,id_validation
0.8995551061312487,LightGBM,Boosting,lightgbm_regressor,0.15218878292249724,0.10528927356089787,0.3244830867100747,0,projected,3350,id_validation
0.9087421670676747,LightGBM,Boosting,lightgbm_regressor,0.14177465129517688,0.09161857512414949,0.3026856044217324,0,raw,4300,id_validation
0.9085453002099969,LightGBM,Boosting,lightgbm_regressor,0.1431669559203095,0.0916773228524261,0.30278263300993025,0,projected,4300,id_validation
0.9147496563324828,LightGBM,Boosting,lightgbm_regressor,0.1369844807297585,0.08459301221741307,0.2908487789512156,0,raw,5250,id_validation
0.9151628554392971,LightGBM,Boosting,lightgbm_regressor,0.1377855219579153,0.08406307715640193,0.28993633293604637,0,projected,5250,id_validation
0.921841048004921,LightGBM,Boosting,lightgbm_regressor,0.13036236550762736,0.08001289235884392,0.2828655022423977,0,raw,6200,id_validation
0.9222171965514907,LightGBM,Boosting,lightgbm_regressor,0.13077712889343907,0.07942058867917019,0.2818165869482671,0,projected,6200,id_validation
0.9266498583000459,LightGBM,Boosting,lightgbm_regressor,0.12676151523751022,0.07473661206876367,0.27337997744671,0,raw,7150,id_validation
0.9270407606414425,LightGBM,Boosting,lightgbm_regressor,0.12739845987944737,0.07419257633063872,0.2723831425228785,0,projected,7150,id_validation
0.9328728983944726,LightGBM,Boosting,lightgbm_regressor,0.12367150347238574,0.06726092009918953,0.25934710351031404,0,raw,8100,id_validation
0.9331784572269243,LightGBM,Boosting,lightgbm_regressor,0.12456222378235057,0.06682788797097952,0.2585109049362899,0,projected,8100,id_validation
0.932293017916939,LightGBM,Boosting,lightgbm_regressor,0.12055567520674397,0.065124815206298,0.25519564104094333,0,raw,9050,id_validation
0.9322077055342468,LightGBM,Boosting,lightgbm_regressor,0.12153825959516537,0.06508945143466398,0.255126344062435,0,projected,9050,id_validation
0.9330704010640734,LightGBM,Boosting,lightgbm_regressor,0.11865589043326874,0.06251609906159217,0.2500321960500131,0,raw,10000,id_validation
0.9332845713288783,LightGBM,Boosting,lightgbm_regressor,0.11940256809019492,0.06222415678433194,0.24944770350582893,0,projected,10000,id_validation
0.8091493880253946,LightGBM,Boosting,lightgbm_regressor,0.24193789281824682,0.19687737225767948,0.44370865695597994,1,raw,500,id_validation
0.7952653387545298,LightGBM,Boosting,lightgbm_regressor,0.24801562450977865,0.20794373091154433,0.45600847679790374,1,projected,500,id_validation
0.8762368715743047,LightGBM,Boosting,lightgbm_regressor,0.18564890492334246,0.14285363998906767,0.37795983912192005,1,raw,1450,id_validation
0.8722871907180838,LightGBM,Boosting,lightgbm_regressor,0.1900839965509757,0.14673429039016955,0.3830591212726432,1,projected,1450,id_validation
0.8956457725795423,LightGBM,Boosting,lightgbm_regressor,0.16862516490890858,0.14430934476000237,0.37988069806190783,1,raw,2400,id_validation
0.8942488349221485,LightGBM,Boosting,lightgbm_regressor,0.17049865045737472,0.14539044572024387,0.3813009909772644,1,projected,2400,id_validation
0.9105729861380871,LightGBM,Boosting,lightgbm_regressor,0.15193804766029254,0.11420569228185924,0.3379433270266765,1,raw,3350,id_validation
0.9090314263454955,LightGBM,Boosting,lightgbm_regressor,0.15455271267358234,0.11570136508459582,0.34014903363760396,1,projected,3350,id_validation
0.9236598475283697,LightGBM,Boosting,lightgbm_regressor,0.139338836544666,0.08340108165888827,0.28879245429700595,1,raw,4300,id_validation
0.9227732185409803,LightGBM,Boosting,lightgbm_regressor,0.1419465590351635,0.08446873277499096,0.29063505083694047,1,projected,4300,id_validation
0.9315423492732631,LightGBM,Boosting,lightgbm_regressor,0.13329310446431425,0.07268891973942716,0.2696088272654053,1,raw,5250,id_validation
0.9305326149042639,LightGBM,Boosting,lightgbm_regressor,0.13551118678285431,0.07386489963150303,0.27178097731721956,1,projected,5250,id_validation
0.9299602019358748,LightGBM,Boosting,lightgbm_regressor,0.13000861591688298,0.07651557767759083,0.2766144928914442,1,raw,6200,id_validation
0.9290249222041043,LightGBM,Boosting,lightgbm_regressor,0.13265968382919427,0.07773439477635041,0.2788088857557277,1,projected,6200,id_validation
0.9331101091649137,LightGBM,Boosting,lightgbm_regressor,0.1254780840851526,0.07150478978525862,0.26740379538304726,1,raw,7150,id_validation
0.9320427105827613,LightGBM,Boosting,lightgbm_regressor,0.12837770763162795,0.07276484305222092,0.2697495932382863,1,projected,7150,id_validation
0.935528800704326,LightGBM,Boosting,lightgbm_regressor,0.12295615767432554,0.06717295391778715,0.2591774564227899,1,raw,8100,id_validation
0.9349760531731836,LightGBM,Boosting,lightgbm_regressor,0.12524913633495557,0.06791069396956685,0.2605968034523195,1,projected,8100,id_validation
0.9364090520073669,LightGBM,Boosting,lightgbm_regressor,0.12063881471421924,0.06363192109506471,0.25225368400692333,1,raw,9050,id_validation
0.9359548283635869,LightGBM,Boosting,lightgbm_regressor,0.12303363783678672,0.06424077529580209,0.2534576400422802,1,projected,9050,id_validation
0.9407174431152878,LightGBM,Boosting,lightgbm_regressor,0.11817660192048338,0.06036243960427753,0.24568768712387182,1,raw,10000,id_validation
0.9398973263935474,LightGBM,Boosting,lightgbm_regressor,0.12045868146140187,0.061362012753274416,0.2477135699820953,1,projected,10000,id_validation
0.8006294166860057,LightGBM,Boosting,lightgbm_regressor,0.24160108066391625,0.20413470678207454,0.45181268993032336,2,raw,500,id_validation
0.7954936733182615,LightGBM,Boosting,lightgbm_regressor,0.24403652142370366,0.20979025152018924,0.45802865796824244,2,projected,500,id_validation
0.8498386836193192,LightGBM,Boosting,lightgbm_regressor,0.17793402828428576,0.11594136314314395,0.3405016345675068,2,raw,1450,id_validation
0.6682040276376906,LightGBM,Boosting,lightgbm_regressor,0.18569368622489754,0.17111605749921122,0.4136617670261674,2,projected,1450,id_validation
0.8579718065582,LightGBM,Boosting,lightgbm_regressor,0.16354197435894732,0.11361161289949907,0.337063217956957,2,raw,2400,id_validation
0.8566531643516118,LightGBM,Boosting,lightgbm_regressor,0.16659188949173523,0.11556107867524129,0.3399427579390996,2,projected,2400,id_validation
0.8875627157147375,LightGBM,Boosting,lightgbm_regressor,0.1511006963719898,0.09372934735253823,0.3061524903582171,2,raw,3350,id_validation
0.8881539663535337,LightGBM,Boosting,lightgbm_regressor,0.15223501329841774,0.09418778808517356,0.3069002901353688,2,projected,3350,id_validation
0.9128898044144231,LightGBM,Boosting,lightgbm_regressor,0.1399998168603715,0.07578005172825784,0.2752817678820336,2,raw,4300,id_validation
0.9129866918081511,LightGBM,Boosting,lightgbm_regressor,0.14074967319021728,0.07598037740663816,0.2756453834306647,2,projected,4300,id_validation
0.920839318280197,LightGBM,Boosting,lightgbm_regressor,0.13645481072902793,0.07299705257825709,0.2701796672184217,2,raw,5250,id_validation
0.919464408832719,LightGBM,Boosting,lightgbm_regressor,0.13776783064413026,0.07406953399912408,0.2721571861978369,2,projected,5250,id_validation
0.9258967548233077,LightGBM,Boosting,lightgbm_regressor,0.13305748261853792,0.0666952755910696,0.2582542847487135,2,raw,6200,id_validation
0.9258003054402513,LightGBM,Boosting,lightgbm_regressor,0.13380734125859378,0.06688195246569921,0.25861545287491855,2,projected,6200,id_validation
0.9304277763534383,LightGBM,Boosting,lightgbm_regressor,0.13089149422334637,0.06457547347724783,0.2541170468056951,2,raw,7150,id_validation
0.930935592750032,LightGBM,Boosting,lightgbm_regressor,0.1310439931283753,0.06418327363885322,0.2533441801953485,2,projected,7150,id_validation
0.9321152434369431,LightGBM,Boosting,lightgbm_regressor,0.12884052643318689,0.06519001864960364,0.2553233609554826,2,raw,8100,id_validation
0.9323572212482963,LightGBM,Boosting,lightgbm_regressor,0.12877899809310023,0.06502075310888658,0.2549916726265518,2,projected,8100,id_validation
0.9316528821018671,LightGBM,Boosting,lightgbm_regressor,0.12661134504544752,0.06731031613423948,0.2594423175471563,2,raw,9050,id_validation
0.9317548372890949,LightGBM,Boosting,lightgbm_regressor,0.1270101329232945,0.06735913058722515,0.2595363762312041,2,projected,9050,id_validation
0.9325156228605893,LightGBM,Boosting,lightgbm_regressor,0.12636508625968304,0.06820006568970266,0.26115142291341753,2,raw,10000,id_validation
0.9323813601185108,LightGBM,Boosting,lightgbm_regressor,0.12682112515843338,0.06844960612573077,0.2616287563050567,2,projected,10000,id_validation
0.8035296222301879,LightGBM,Boosting,lightgbm_regressor,0.23249218186517318,0.16338328671467447,0.4042069849899609,3,raw,500,id_validation
0.8036196111450347,LightGBM,Boosting,lightgbm_regressor,0.2334296854299489,0.1659700241639403,0.40739418769042385,3,projected,500,id_validation
0.8800662543130058,LightGBM,Boosting,lightgbm_regressor,0.17201535570894944,0.10985159530817973,0.33143867503382846,3,raw,1450,id_validation
0.8783259263590537,LightGBM,Boosting,lightgbm_regressor,0.1742378697795574,0.11193539093221397,0.3345674684308293,3,projected,1450,id_validation
0.8712665422402107,LightGBM,Boosting,lightgbm_regressor,0.1534345012245355,0.10030197288187245,0.3167048671584831,3,raw,2400,id_validation
0.8704634266821536,LightGBM,Boosting,lightgbm_regressor,0.15510491813727578,0.1013634203548641,0.318376224543957,3,projected,2400,id_validation
0.9022433171894433,LightGBM,Boosting,lightgbm_regressor,0.14203141069722677,0.08376348263355601,0.28941921607515286,3,raw,3350,id_validation
0.9019974075599407,LightGBM,Boosting,lightgbm_regressor,0.1433802952022041,0.08416849971654387,0.2901180789205386,3,projected,3350,id_validation
0.9061625172298869,LightGBM,Boosting,lightgbm_regressor,0.13621023154778264,0.08600236088117576,0.2932615912136735,3,raw,4300,id_validation
0.9056649346357057,LightGBM,Boosting,lightgbm_regressor,0.13785653695624875,0.08657586303523598,0.29423776616069525,3,projected,4300,id_validation
0.9210510106002564,LightGBM,Boosting,lightgbm_regressor,0.1289142811480916,0.07239049419167558,0.26905481633242617,3,raw,5250,id_validation
0.9204444323947076,LightGBM,Boosting,lightgbm_regressor,0.13063292755584746,0.07317570988091336,0.2705100920130585,3,projected,5250,id_validation
0.931800914950941,LightGBM,Boosting,lightgbm_regressor,0.12467613555293316,0.06460230039405586,0.2541698258921697,3,raw,6200,id_validation
0.9314152635565588,LightGBM,Boosting,lightgbm_regressor,0.12570173047427297,0.06507902083420816,0.255105901214002,3,projected,6200,id_validation
0.9321265261318284,LightGBM,Boosting,lightgbm_regressor,0.12331009751560494,0.06655383499385766,0.25798029962355196,3,raw,7150,id_validation
0.932091794834438,LightGBM,Boosting,lightgbm_regressor,0.12464088444424597,0.06662765146652026,0.2581233260798417,3,projected,7150,id_validation
0.9354824009840523,LightGBM,Boosting,lightgbm_regressor,0.1216590073001628,0.06218533329880808,0.24936987247622372,3,raw,8100,id_validation
0.9353052626157352,LightGBM,Boosting,lightgbm_regressor,0.12292308159730372,0.062372665630590615,0.24974520141654497,3,projected,8100,id_validation
0.9376435299957004,LightGBM,Boosting,lightgbm_regressor,0.12066704210382077,0.062382517822690206,0.2497649251249867,3,raw,9050,id_validation
0.9372293702086164,LightGBM,Boosting,lightgbm_regressor,0.12196878500408659,0.06285737004877769,0.2507137213013633,3,projected,9050,id_validation
0.9415488767598271,LightGBM,Boosting,lightgbm_regressor,0.11852162851248135,0.057573995014432965,0.2399458168304523,3,raw,10000,id_validation
0.9410222938761468,LightGBM,Boosting,lightgbm_regressor,0.12014789506856405,0.058192020913599415,0.2412302238808384,3,projected,10000,id_validation
0.8145104526050367,LightGBM,Boosting,lightgbm_regressor,0.22800388626398285,0.22703553629212017,0.47648246168365965,4,raw,500,id_validation
0.8124047956567342,LightGBM,Boosting,lightgbm_regressor,0.22835696060093347,0.2281823941608964,0.4776844085386254,4,projected,500,id_validation
0.8831848147574608,LightGBM,Boosting,lightgbm_regressor,0.17202442479031652,0.1103261691536599,0.3321538335676105,4,raw,1450,id_validation
0.8815295531226987,LightGBM,Boosting,lightgbm_regressor,0.17321538523410665,0.11150292995689516,0.3339205443767951,4,projected,1450,id_validation
0.8962198676568077,LightGBM,Boosting,lightgbm_regressor,0.154221664755208,0.09430403050883039,0.3070896131568608,4,raw,2400,id_validation
0.8967965078183301,LightGBM,Boosting,lightgbm_regressor,0.15394343918007294,0.09324535692198775,0.30536102718255936,4,projected,2400,id_validation
0.9168873088465087,LightGBM,Boosting,lightgbm_regressor,0.1427362276032101,0.07871726499117948,0.28056597261816957,4,raw,3350,id_validation
0.9166760681981552,LightGBM,Boosting,lightgbm_regressor,0.14374490926134256,0.07860254878831348,0.2803614609540931,4,projected,3350,id_validation
0.9196633367045131,LightGBM,Boosting,lightgbm_regressor,0.13666485151073784,0.08610161578799408,0.29343076830488324,4,raw,4300,id_validation
0.9194182131371317,LightGBM,Boosting,lightgbm_regressor,0.13772516731390264,0.08613283858415666,0.2934839664856611,4,projected,4300,id_validation
0.9278024712891829,LightGBM,Boosting,lightgbm_regressor,0.1312893178326796,0.07742469071487969,0.27825292579751915,4,raw,5250,id_validation
0.9272363814432495,LightGBM,Boosting,lightgbm_regressor,0.13243579845777942,0.0778388408850885,0.27899613059160605,4,projected,5250,id_validation
0.9304187486189471,LightGBM,Boosting,lightgbm_regressor,0.12597207538044944,0.07308659601917115,0.2703453273485065,4,raw,6200,id_validation
0.9295791005818483,LightGBM,Boosting,lightgbm_regressor,0.12777858551913399,0.07377091156682178,0.27160801086643555,4,projected,6200,id_validation
0.9344941268822113,LightGBM,Boosting,lightgbm_regressor,0.12418009169945467,0.06729049110108179,0.2594041077182121,4,raw,7150,id_validation
0.9339470391172228,LightGBM,Boosting,lightgbm_regressor,0.1255434859627894,0.0676960766318596,0.2601846971515804,4,projected,7150,id_validation
0.9376992247965239,LightGBM,Boosting,lightgbm_regressor,0.12226705050457073,0.06383632419687793,0.25265851301089765,4,raw,8100,id_validation
0.937354520810816,LightGBM,Boosting,lightgbm_regressor,0.12348526652147515,0.06406435760484248,0.2531093787374195,4,projected,8100,id_validation
0.9389995706372505,LightGBM,Boosting,lightgbm_regressor,0.12133837379722309,0.06278851314189227,0.25057636189771026,4,raw,9050,id_validation
0.9386708418245318,LightGBM,Boosting,lightgbm_regressor,0.12235739801505914,0.06293121326375835,0.25086094407810544,4,projected,9050,id_validation
0.9398838132363052,LightGBM,Boosting,lightgbm_regressor,0.1195465455416572,0.06187338586277524,0.2487436147175948,4,raw,10000,id_validation
0.9394164134404441,LightGBM,Boosting,lightgbm_regressor,0.1208834396517026,0.06213066755428138,0.2492602406206842,4,projected,10000,id_validation
0.7666943949806126,CatBoost,Boosting,catboost_regressor,0.24389218045711392,0.19775701286503147,0.44469878891788256,0,raw,500,id_validation
0.7653430719721788,CatBoost,Boosting,catboost_regressor,0.2445685409809182,0.19920338999220383,0.4463220698018459,0,projected,500,id_validation
0.8702591595165412,CatBoost,Boosting,catboost_regressor,0.1691879768083009,0.1527940097709485,0.39088874346922364,0,raw,1450,id_validation
0.8693139351769872,CatBoost,Boosting,catboost_regressor,0.16952346080539735,0.153845167088312,0.3922310123999784,0,projected,1450,id_validation
0.9013557650095454,CatBoost,Boosting,catboost_regressor,0.14848772896054807,0.09786033493887931,0.31282636547912535,0,raw,2400,id_validation
0.9010946930782969,CatBoost,Boosting,catboost_regressor,0.1495900784357967,0.09818571831080379,0.3133460041404769,0,projected,2400,id_validation
0.9151721133118794,CatBoost,Boosting,catboost_regressor,0.14208545171658526,0.08817033748790092,0.2969349044620738,0,raw,3350,id_validation
0.9147666330051303,CatBoost,Boosting,catboost_regressor,0.14264264931942994,0.08852621426012523,0.2975335514864252,0,projected,3350,id_validation
0.9195360634852123,CatBoost,Boosting,catboost_regressor,0.134204240590711,0.08124895507620512,0.28504202335130363,0,raw,4300,id_validation
0.9185288825919118,CatBoost,Boosting,catboost_regressor,0.13422884552463227,0.08230246075649265,0.2868840545525189,0,projected,4300,id_validation
0.9257228844685322,CatBoost,Boosting,catboost_regressor,0.131158623662016,0.07400270870110846,0.27203438882080416,0,raw,5250,id_validation
0.9259298930373221,CatBoost,Boosting,catboost_regressor,0.13031491863494737,0.0736837185412591,0.2714474507916018,0,projected,5250,id_validation
0.9330258118701952,CatBoost,Boosting,catboost_regressor,0.12395799084965292,0.06842306538518068,0.26157802924783397,0,raw,6200,id_validation
0.9331641925003786,CatBoost,Boosting,catboost_regressor,0.12321798022197156,0.06813846342215835,0.2610334526878851,0,projected,6200,id_validation
0.9383076308791211,CatBoost,Boosting,catboost_regressor,0.12038179352381334,0.06263405082761647,0.2502679580521975,0,raw,7150,id_validation
0.9386416185764406,CatBoost,Boosting,catboost_regressor,0.11925559470683289,0.06221292268751594,0.24942518454942744,0,projected,7150,id_validation
0.9431540323037566,CatBoost,Boosting,catboost_regressor,0.1168777062122629,0.057069431316297325,0.23889209136406614,0,raw,8100,id_validation
0.9435093205838815,CatBoost,Boosting,catboost_regressor,0.11565343422479954,0.056660542447518426,0.2380347505040355,0,projected,8100,id_validation
0.9449831847878837,CatBoost,Boosting,catboost_regressor,0.11489022816461832,0.053372724915176556,0.23102537721033278,0,raw,9050,id_validation
0.9455796428021637,CatBoost,Boosting,catboost_regressor,0.11321461619306736,0.0527150110640847,0.22959749794822396,0,projected,9050,id_validation
0.945962730514619,CatBoost,Boosting,catboost_regressor,0.11369762713629575,0.05138808325804629,0.22668939820389988,0,raw,10000,id_validation
0.946425717714118,CatBoost,Boosting,catboost_regressor,0.11218874613420658,0.05088782882083936,0.22558330793930512,0,projected,10000,id_validation
0.7827142743257809,CatBoost,Boosting,catboost_regressor,0.26882914620708753,0.23665130937257348,0.48646819975469463,1,raw,500,id_validation
0.7719633619988251,CatBoost,Boosting,catboost_regressor,0.2701513693783091,0.24091986611245783,0.49083588511075454,1,projected,500,id_validation
0.8876508395251227,CatBoost,Boosting,catboost_regressor,0.1784142007118914,0.13098738060376866,0.361921787964981,1,raw,1450,id_validation
0.886950995246444,CatBoost,Boosting,catboost_regressor,0.18003452635693457,0.13134826264038166,0.3624200086093229,1,projected,1450,id_validation
0.9001184139298861,CatBoost,Boosting,catboost_regressor,0.16172839045411355,0.14423217806747576,0.3797791174715584,1,raw,2400,id_validation
0.8999704804870318,CatBoost,Boosting,catboost_regressor,0.16213046600741368,0.1442767482928634,0.37983779208086105,1,projected,2400,id_validation
0.921288889050077,CatBoost,Boosting,catboost_regressor,0.14482652888022382,0.10134655531850849,0.31834973742490896,1,raw,3350,id_validation
0.9211755941172715,CatBoost,Boosting,catboost_regressor,0.1447475123364474,0.10137347111697524,0.3183920085633043,1,projected,3350,id_validation
0.9271445715629552,CatBoost,Boosting,catboost_regressor,0.13447997205654924,0.08175540452073865,0.285929020074456,1,raw,4300,id_validation
0.9273160880617463,CatBoost,Boosting,catboost_regressor,0.13405245527525944,0.08164278610146695,0.2857320179844516,1,projected,4300,id_validation
0.9370173627176055,CatBoost,Boosting,catboost_regressor,0.12734345367188035,0.0677107714492545,0.2602129348231069,1,raw,5250,id_validation
0.937382617702873,CatBoost,Boosting,catboost_regressor,0.1264258939499941,0.06745551384652383,0.2597219933823931,1,projected,5250,id_validation
0.9372298670167585,CatBoost,Boosting,catboost_regressor,0.12423023009870646,0.0692221743124107,0.26310107242732916,1,raw,6200,id_validation
0.9377277363067945,CatBoost,Boosting,catboost_regressor,0.12328605889330901,0.06885259900739367,0.2623977877334214,1,projected,6200,id_validation
0.940870739250645,CatBoost,Boosting,catboost_regressor,0.11937361377386085,0.06359310347846045,0.252176730644325,1,raw,7150,id_validation
0.9410761456182813,CatBoost,Boosting,catboost_regressor,0.1184006616049843,0.06348533054852977,0.2519629547146361,1,projected,7150,id_validation
0.9439625381556448,CatBoost,Boosting,catboost_regressor,0.11673120343708676,0.05836748646074267,0.24159363911482162,1,raw,8100,id_validation
0.9443030726059349,CatBoost,Boosting,catboost_regressor,0.11552608363446598,0.05811113720668162,0.24106251721634706,1,projected,8100,id_validation
0.9495399509455666,CatBoost,Boosting,catboost_regressor,0.11349359063591903,0.050332019080535265,0.22434798657562155,1,raw,9050,id_validation
0.9499749413522466,CatBoost,Boosting,catboost_regressor,0.11226708334906106,0.04995445300020203,0.2235049283577479,1,projected,9050,id_validation
0.9478945613849469,CatBoost,Boosting,catboost_regressor,0.11093017705113375,0.053245077286198775,0.23074894861342007,1,raw,10000,id_validation
0.9482722630803794,CatBoost,Boosting,catboost_regressor,0.10986452546380401,0.05295464209777099,0.2301187565101354,1,projected,10000,id_validation
0.7573224735740031,CatBoost,Boosting,catboost_regressor,0.27318332137040297,0.2935908116925659,0.541840208634027,2,raw,500,id_validation
0.7613632165608579,CatBoost,Boosting,catboost_regressor,0.27216310810839334,0.28849749879513287,0.5371196317349914,2,projected,500,id_validation
0.8795396733815583,CatBoost,Boosting,catboost_regressor,0.17285674386041536,0.10917181136917738,0.33041157874562654,2,raw,1450,id_validation
0.37287348928372166,CatBoost,Boosting,catboost_regressor,0.18007908542381784,0.2554569452396344,0.5054274876177931,2,projected,1450,id_validation
0.8928339995450548,CatBoost,Boosting,catboost_regressor,0.15504649080232324,0.09431063850572598,0.3071003720377525,2,raw,2400,id_validation
0.7002482174022135,CatBoost,Boosting,catboost_regressor,0.15773176632884955,0.1907517054172207,0.4367513084321794,2,projected,2400,id_validation
0.9135672522984482,CatBoost,Boosting,catboost_regressor,0.14255794362373161,0.07615072617218492,0.27595421028167866,2,raw,3350,id_validation
0.7897095788504782,CatBoost,Boosting,catboost_regressor,0.14503496234528493,0.14119216556835593,0.3757554597984651,2,projected,3350,id_validation
0.9237977942167541,CatBoost,Boosting,catboost_regressor,0.1332373320690691,0.06645453082997096,0.2577877631501755,2,raw,4300,id_validation
0.8710388329640815,CatBoost,Boosting,catboost_regressor,0.1330117140332769,0.09004562389829456,0.300076030196173,2,projected,4300,id_validation
0.9320354807267343,CatBoost,Boosting,catboost_regressor,0.12909517505102774,0.06345814996920808,0.25190901129020393,2,raw,5250,id_validation
0.8771893562289629,CatBoost,Boosting,catboost_regressor,0.12898016835722526,0.09440231582305277,0.30724959857264705,2,projected,5250,id_validation
0.9302291749141031,CatBoost,Boosting,catboost_regressor,0.1249216126203611,0.06083536265683798,0.24664825695073941,2,raw,6200,id_validation
0.8732781490206338,CatBoost,Boosting,catboost_regressor,0.12534257788956257,0.08686176341979944,0.2947231979668371,2,projected,6200,id_validation
0.940867395646908,CatBoost,Boosting,catboost_regressor,0.121587311193484,0.05488436615075078,0.23427412608043335,2,raw,7150,id_validation
0.8917590987204435,CatBoost,Boosting,catboost_regressor,0.12127898192540393,0.07950919252543,0.2819737443902003,2,projected,7150,id_validation
0.9415647603386678,CatBoost,Boosting,catboost_regressor,0.119285469104721,0.055993343046236335,0.2366291255239649,2,raw,8100,id_validation
0.9419300434929625,CatBoost,Boosting,catboost_regressor,0.11793489347822063,0.055659523344977924,0.2359227062937731,2,projected,8100,id_validation
0.9396556790692504,CatBoost,Boosting,catboost_regressor,0.11717950797904168,0.0591541325710348,0.24321622596166317,2,raw,9050,id_validation
0.9178644182151086,CatBoost,Boosting,catboost_regressor,0.11632688859103481,0.07799727025305492,0.2792799138016462,2,projected,9050,id_validation
0.943776017221776,CatBoost,Boosting,catboost_regressor,0.11537688430958581,0.05679028387369185,0.2383071209042899,2,raw,10000,id_validation
0.9443857757237394,CatBoost,Boosting,catboost_regressor,0.11346626120718606,0.05620622699437629,0.23707852495402507,2,projected,10000,id_validation
0.7423130753838765,CatBoost,Boosting,catboost_regressor,0.2968138317361641,0.22700649997839292,0.4764519912629109,3,raw,500,id_validation
0.7500645779832118,CatBoost,Boosting,catboost_regressor,0.28244494932061287,0.2230017864048591,0.47223064958223443,3,projected,500,id_validation
0.8759300405421288,CatBoost,Boosting,catboost_regressor,0.18259162072390683,0.1137621526902081,0.3372864549462491,3,raw,1450,id_validation
0.8763932534474872,CatBoost,Boosting,catboost_regressor,0.17932453240546617,0.11376230152289431,0.3372866755786453,3,projected,1450,id_validation
0.9073628271759538,CatBoost,Boosting,catboost_regressor,0.1565775048340952,0.08442237661179312,0.29055529011152614,3,raw,2400,id_validation
0.9077843246490183,CatBoost,Boosting,catboost_regressor,0.15388820455090232,0.0840705454786597,0.2899492118952209,3,projected,2400,id_validation
0.9195767611363388,CatBoost,Boosting,catboost_regressor,0.14367450075319563,0.07387589518393504,0.27180120526578805,3,raw,3350,id_validation
0.9201487863867734,CatBoost,Boosting,catboost_regressor,0.14169275226237876,0.0734839805167093,0.27107928824738586,3,projected,3350,id_validation
0.9243028282098367,CatBoost,Boosting,catboost_regressor,0.1350824133837196,0.07118291651092519,0.2668012678210604,3,raw,4300,id_validation
0.9240304706694227,CatBoost,Boosting,catboost_regressor,0.13316989975141263,0.07154348760098836,0.2674761439848204,3,projected,4300,id_validation
0.9294762141062316,CatBoost,Boosting,catboost_regressor,0.1294075338057643,0.0654065774074375,0.25574709657675,3,raw,5250,id_validation
0.9297660678766574,CatBoost,Boosting,catboost_regressor,0.12777252899816424,0.06531189378177817,0.25556191770641057,3,projected,5250,id_validation
0.9398276097458946,CatBoost,Boosting,catboost_regressor,0.12328630471298845,0.05752726692974131,0.23984842490569186,3,raw,6200,id_validation
0.940650874418051,CatBoost,Boosting,catboost_regressor,0.12123633118328937,0.056796008713123805,0.238319132075299,3,projected,6200,id_validation
0.940308081871866,CatBoost,Boosting,catboost_regressor,0.12120545520375038,0.0586898108395705,0.2422598002962326,3,raw,7150,id_validation
0.9414472754786573,CatBoost,Boosting,catboost_regressor,0.11871039156013231,0.057588253272527375,0.23997552640327174,3,projected,7150,id_validation
0.9453880845896059,CatBoost,Boosting,catboost_regressor,0.1182138886008079,0.05314193130445098,0.23052533766258967,3,raw,8100,id_validation
0.9462415726341735,CatBoost,Boosting,catboost_regressor,0.11611750556739929,0.05227629386483683,0.22864009680026998,3,projected,8100,id_validation
0.9474213950684568,CatBoost,Boosting,catboost_regressor,0.1154163358356811,0.05266074007013052,0.229479280263231,3,raw,9050,id_validation
0.9484006005308538,CatBoost,Boosting,catboost_regressor,0.11306688235145583,0.05171521726806756,0.22740980029028557,3,projected,9050,id_validation
0.9489312633013514,CatBoost,Boosting,catboost_regressor,0.11281878471016876,0.05012430190441122,0.22388457272534706,3,raw,10000,id_validation
0.9495793578274683,CatBoost,Boosting,catboost_regressor,0.11055749376696568,0.04951275109820713,0.22251460872986997,3,projected,10000,id_validation
0.7828988507686933,CatBoost,Boosting,catboost_regressor,0.2523528545595171,0.2639676095847301,0.513777782299634,4,raw,500,id_validation
0.7091305727377095,CatBoost,Boosting,catboost_regressor,0.2630032815401486,0.4135007125283208,0.6430402106620712,4,projected,500,id_validation
0.8799762112189461,CatBoost,Boosting,catboost_regressor,0.16769270246051687,0.11320901085681832,0.33646546755472295,4,raw,1450,id_validation
0.8806425487105743,CatBoost,Boosting,catboost_regressor,0.16733932979405738,0.11192753712823258,0.33455573097502395,4,projected,1450,id_validation
0.8985153581619025,CatBoost,Boosting,catboost_regressor,0.14737251223029424,0.09085477703075553,0.30142126174302225,4,raw,2400,id_validation
0.8990033017801485,CatBoost,Boosting,catboost_regressor,0.14623592836140745,0.08983001029656447,0.29971654992102864,4,projected,2400,id_validation
0.9166475689567655,CatBoost,Boosting,catboost_regressor,0.13852835200206626,0.07752332363332361,0.27843010547231345,4,raw,3350,id_validation
0.9165033591529334,CatBoost,Boosting,catboost_regressor,0.13838347522349026,0.07729650077215758,0.2780224824940558,4,projected,3350,id_validation
0.9233883190729693,CatBoost,Boosting,catboost_regressor,0.13245915487315124,0.08269754261416225,0.28757180427531875,4,raw,4300,id_validation
0.9238204043061726,CatBoost,Boosting,catboost_regressor,0.1317425422586785,0.08210896038502866,0.2865466111909695,4,projected,4300,id_validation
0.9327552678035026,CatBoost,Boosting,catboost_regressor,0.12542411727845526,0.07239015517760124,0.2690541863223861,4,raw,5250,id_validation
0.9336055416326191,CatBoost,Boosting,catboost_regressor,0.12423098520973411,0.07140591986097018,0.2672188613495877,4,projected,5250,id_validation
0.931930162964559,CatBoost,Boosting,catboost_regressor,0.12182411226031863,0.0729394801645668,0.2700731015198789,4,raw,6200,id_validation
0.932445734385559,CatBoost,Boosting,catboost_regressor,0.12052829380451378,0.07233899244561719,0.2689590906543543,4,projected,6200,id_validation
0.9365718596558456,CatBoost,Boosting,catboost_regressor,0.11857075352994563,0.06606291836472446,0.25702707710419237,4,raw,7150,id_validation
0.9375198097211687,CatBoost,Boosting,catboost_regressor,0.11690249273252104,0.06504193698226171,0.2550332076068952,4,projected,7150,id_validation
0.9436200678013471,CatBoost,Boosting,catboost_regressor,0.11521054409811075,0.058261948233166626,0.24137511933330374,4,raw,8100,id_validation
0.9443598622874116,CatBoost,Boosting,catboost_regressor,0.11395962713601705,0.05746400835975306,0.2397165166603108,4,projected,8100,id_validation
0.9467515217970395,CatBoost,Boosting,catboost_regressor,0.11413542868036233,0.05481539193530759,0.23412687145073202,4,raw,9050,id_validation
0.9477096467453918,CatBoost,Boosting,catboost_regressor,0.11260700449490757,0.053763232367922374,0.2318689982898153,4,projected,9050,id_validation
0.9478044659423759,CatBoost,Boosting,catboost_regressor,0.11185312508987656,0.0537988680959744,0.23194583008964487,4,raw,10000,id_validation
0.948675407745821,CatBoost,Boosting,catboost_regressor,0.11032659264932718,0.05284663304275095,0.2298839556009748,4,projected,10000,id_validation
0.6984311574243472,AdaBoost,Boosting,adaboost_regressor,0.3285225804160901,0.25645905915264644,0.5064178700960763,0,raw,500,id_validation
0.6787001061543376,AdaBoost,Boosting,adaboost_regressor,0.33005464177081417,0.27418042112470087,0.5236224031921294,0,projected,500,id_validation
0.7162617058139715,AdaBoost,Boosting,adaboost_regressor,0.34505383639353393,0.3094829120868476,0.5563118838267322,0,raw,1450,id_validation
0.6924499571700957,AdaBoost,Boosting,adaboost_regressor,0.3453931705053705,0.3317971376734573,0.5760183483826338,0,projected,1450,id_validation
0.724221396245276,AdaBoost,Boosting,adaboost_regressor,0.35031748439597626,0.2691279330434392,0.5187754167686044,0,raw,2400,id_validation
0.6992475981995494,AdaBoost,Boosting,adaboost_regressor,0.35296207862318046,0.29333303565290064,0.541602285494532,0,projected,2400,id_validation
0.723480563868962,AdaBoost,Boosting,adaboost_regressor,0.36144653287715356,0.2802236329981905,0.5293615333571098,0,raw,3350,id_validation
0.6839156365731448,AdaBoost,Boosting,adaboost_regressor,0.365153102850468,0.32286416530527207,0.5682113737908385,0,projected,3350,id_validation
0.7220007863444174,AdaBoost,Boosting,adaboost_regressor,0.36375757153735877,0.2750124267432025,0.5244162723859763,0,raw,4300,id_validation
0.6814794153298493,AdaBoost,Boosting,adaboost_regressor,0.36819700227339613,0.3162207605208425,0.5623350962912083,0,projected,4300,id_validation
0.7181971060484169,AdaBoost,Boosting,adaboost_regressor,0.3676527917750744,0.27846912965228715,0.5277017430824794,0,raw,5250,id_validation
0.6800954352801909,AdaBoost,Boosting,adaboost_regressor,0.37139334266620977,0.315428806185064,0.5616304890095124,0,projected,5250,id_validation
0.7193448269557521,AdaBoost,Boosting,adaboost_regressor,0.36739367374616144,0.2809392348672861,0.5300370127333431,0,raw,6200,id_validation
0.684490799331013,AdaBoost,Boosting,adaboost_regressor,0.37094821579115755,0.31505623559909485,0.5612987044338289,0,projected,6200,id_validation
0.7204550755137956,AdaBoost,Boosting,adaboost_regressor,0.3675112173516435,0.27962007450260384,0.5287911445009303,0,raw,7150,id_validation
0.6865337048387332,AdaBoost,Boosting,adaboost_regressor,0.37122410205523665,0.3132045726343833,0.5596468284859508,0,projected,7150,id_validation
0.7244330626853203,AdaBoost,Boosting,adaboost_regressor,0.36746282282740667,0.27421127534824663,0.5236518646469681,0,raw,8100,id_validation
0.6464286244237915,AdaBoost,Boosting,adaboost_regressor,0.3722678128763837,0.35378052694320977,0.5947945249775,0,projected,8100,id_validation
0.7198310480371808,AdaBoost,Boosting,adaboost_regressor,0.36732556769759755,0.2736474802894889,0.523113257612048,0,raw,9050,id_validation
0.6269939417158618,AdaBoost,Boosting,adaboost_regressor,0.3729903087776316,0.3583956640251024,0.598661560504015,0,projected,9050,id_validation
0.7178515678246097,AdaBoost,Boosting,adaboost_regressor,0.3693339746932393,0.27372509714092214,0.5231874397774875,0,raw,10000,id_validation
0.6296661618053252,AdaBoost,Boosting,adaboost_regressor,0.3743240517791834,0.34809367709782413,0.5899946415839928,0,projected,10000,id_validation
0.6849526735951869,AdaBoost,Boosting,adaboost_regressor,0.3643821322341825,0.32572730733663297,0.5707252468014999,1,raw,500,id_validation
0.6568456272385045,AdaBoost,Boosting,adaboost_regressor,0.3664664698828469,0.3467456110815633,0.5888510941499245,1,projected,500,id_validation
0.7341589183791516,AdaBoost,Boosting,adaboost_regressor,0.35554246522761346,0.29586316804377155,0.5439330547445812,1,raw,1450,id_validation
0.7127786750252356,AdaBoost,Boosting,adaboost_regressor,0.3556502722690014,0.31794222570809344,0.5638636587935895,1,projected,1450,id_validation
0.7268563153723027,AdaBoost,Boosting,adaboost_regressor,0.37008843657837137,0.33537526992196887,0.5791159382385956,1,raw,2400,id_validation
0.6995252033202295,AdaBoost,Boosting,adaboost_regressor,0.3722389065075012,0.3654571828559975,0.6045305474961522,1,projected,2400,id_validation
0.7305466547394281,AdaBoost,Boosting,adaboost_regressor,0.37068399788602163,0.3098827210696954,0.5566711067315201,1,raw,3350,id_validation
0.7084198147465699,AdaBoost,Boosting,adaboost_regressor,0.37075567794700176,0.33226260124831797,0.5764222421526758,1,projected,3350,id_validation
0.7284888706388022,AdaBoost,Boosting,adaboost_regressor,0.36965241414983957,0.28954463438927824,0.5380935182561468,1,raw,4300,id_validation
0.7083333937061964,AdaBoost,Boosting,adaboost_regressor,0.36943782425933297,0.3108961685195311,0.5575806385802247,1,projected,4300,id_validation
0.7275495300372633,AdaBoost,Boosting,adaboost_regressor,0.3709932704352405,0.28542445988197557,0.5342513077962239,1,raw,5250,id_validation
0.7069500609497898,AdaBoost,Boosting,adaboost_regressor,0.37063024869644845,0.3075917698587187,0.5546095652427199,1,projected,5250,id_validation
0.7282709093509232,AdaBoost,Boosting,adaboost_regressor,0.37212554320201235,0.28597607690122934,0.5347673109879,1,raw,6200,id_validation
0.7081116732523707,AdaBoost,Boosting,adaboost_regressor,0.3714981513085208,0.30786714802576876,0.5548577727902608,1,projected,6200,id_validation
0.7291287778764152,AdaBoost,Boosting,adaboost_regressor,0.3704664861401341,0.2791888699754387,0.5283832604988908,1,raw,7150,id_validation
0.7071418267881262,AdaBoost,Boosting,adaboost_regressor,0.3707265767756656,0.3024911658514358,0.5499919688972157,1,projected,7150,id_validation
0.7304665246585872,AdaBoost,Boosting,adaboost_regressor,0.3701930302844273,0.2740913150023625,0.5235373100385134,1,raw,8100,id_validation
0.7094152081054823,AdaBoost,Boosting,adaboost_regressor,0.37041262647043727,0.29629904004249935,0.5443335742378007,1,projected,8100,id_validation
0.7294352013373441,AdaBoost,Boosting,adaboost_regressor,0.36887391514220463,0.27067834185648626,0.5202675675616214,1,raw,9050,id_validation
0.7093395421771824,AdaBoost,Boosting,adaboost_regressor,0.3689074090285608,0.2915235802513168,0.5399292363368711,1,projected,9050,id_validation
0.7268132982706809,AdaBoost,Boosting,adaboost_regressor,0.3701097277787933,0.2761254283743532,0.5254763823183238,1,raw,10000,id_validation
0.7067135164121254,AdaBoost,Boosting,adaboost_regressor,0.37016737620266404,0.29731246332179545,0.5452636640395135,1,projected,10000,id_validation
0.7073147843160763,AdaBoost,Boosting,adaboost_regressor,0.35983140016246,0.31331943218895525,0.559749436970646,2,raw,500,id_validation
0.6939393278952557,AdaBoost,Boosting,adaboost_regressor,0.3589005584704688,0.3264281588689224,0.5713389176915243,2,projected,500,id_validation
0.7165238133979462,AdaBoost,Boosting,adaboost_regressor,0.3551400764630336,0.2590905224831903,0.5090093540232736,2,raw,1450,id_validation
0.09026345755425734,AdaBoost,Boosting,adaboost_regressor,0.3623610908152573,0.45192800309817716,0.6722559059600571,2,projected,1450,id_validation
0.7065198260548555,AdaBoost,Boosting,adaboost_regressor,0.36362121594388874,0.27233999917013735,0.5218620499424511,2,raw,2400,id_validation
0.2347456852140252,AdaBoost,Boosting,adaboost_regressor,0.37552607955586864,0.5199587434199138,0.7210816482340359,2,projected,2400,id_validation
0.718421016551375,AdaBoost,Boosting,adaboost_regressor,0.36281230870087544,0.2633625524549363,0.5131886129435612,2,raw,3350,id_validation
0.327704966792819,AdaBoost,Boosting,adaboost_regressor,0.37422920063552534,0.4794591373349788,0.6924298790021838,2,projected,3350,id_validation
0.7218413905852644,AdaBoost,Boosting,adaboost_regressor,0.36420376165490315,0.26227478230992113,0.5121277011741516,2,raw,4300,id_validation
0.37187842086134576,AdaBoost,Boosting,adaboost_regressor,0.3728406548715111,0.43085652974642324,0.6563966253313794,2,projected,4300,id_validation
0.7214162025595813,AdaBoost,Boosting,adaboost_regressor,0.3703730838378736,0.27261431265970715,0.522124805635307,2,raw,5250,id_validation
0.43304769172136276,AdaBoost,Boosting,adaboost_regressor,0.3792507186269893,0.4457191078033115,0.6676219797185466,2,projected,5250,id_validation
0.7186989831879715,AdaBoost,Boosting,adaboost_regressor,0.37062623889304813,0.2692764523368112,0.5189185411380203,2,raw,6200,id_validation
0.46448692892183674,AdaBoost,Boosting,adaboost_regressor,0.37770022036498,0.3989387097957185,0.6316159511884722,2,projected,6200,id_validation
0.7195898649293595,AdaBoost,Boosting,adaboost_regressor,0.37161147663444977,0.27141554792188344,0.520975573248769,2,raw,7150,id_validation
0.503609390633257,AdaBoost,Boosting,adaboost_regressor,0.3783320166874123,0.3922400451956091,0.6262907034242239,2,projected,7150,id_validation
0.7146471317343748,AdaBoost,Boosting,adaboost_regressor,0.37340734881524856,0.2810448118020752,0.5301365973049542,2,raw,8100,id_validation
0.5574836258488569,AdaBoost,Boosting,adaboost_regressor,0.3804592484690669,0.3997287435725593,0.6322410486298397,2,projected,8100,id_validation
0.7167451472046344,AdaBoost,Boosting,adaboost_regressor,0.37329623634202,0.2843518873168496,0.5332465539662208,2,raw,9050,id_validation
0.5890007979473786,AdaBoost,Boosting,adaboost_regressor,0.38089192016468426,0.39989881863852955,0.6323755360847931,2,projected,9050,id_validation
0.7228592063552102,AdaBoost,Boosting,adaboost_regressor,0.3744626312876552,0.2829104333136523,0.5318932536831542,2,raw,10000,id_validation
0.621971834657679,AdaBoost,Boosting,adaboost_regressor,0.3803981773091548,0.3802309080963774,0.6166286630512544,2,projected,10000,id_validation
0.6831963822054241,AdaBoost,Boosting,adaboost_regressor,0.3640714263599383,0.28004725220986776,0.5291949094708562,3,raw,500,id_validation
0.6734826211421228,AdaBoost,Boosting,adaboost_regressor,0.36202220820720926,0.2963018591086084,0.5443361636972216,3,projected,500,id_validation
0.7339355725237215,AdaBoost,Boosting,adaboost_regressor,0.3544301776501778,0.2541151618575195,0.5040983652597174,3,raw,1450,id_validation
0.7191031896110938,AdaBoost,Boosting,adaboost_regressor,0.35409386810274635,0.2709233321336144,0.5205029607347248,3,projected,1450,id_validation
0.7103531255315771,AdaBoost,Boosting,adaboost_regressor,0.36304643553350674,0.26580854854689556,0.5155662406974447,3,raw,2400,id_validation
0.652106499394836,AdaBoost,Boosting,adaboost_regressor,0.3641364230994787,0.3023433455251676,0.5498575683985514,3,projected,2400,id_validation
0.7071844946327082,AdaBoost,Boosting,adaboost_regressor,0.3661190090398789,0.27245660924870835,0.5219737629888195,3,raw,3350,id_validation
0.6616543045001875,AdaBoost,Boosting,adaboost_regressor,0.3671525357022709,0.3064722182464582,0.553599330063231,3,projected,3350,id_validation
0.6805003544076134,AdaBoost,Boosting,adaboost_regressor,0.3679138018894947,0.30139952712492624,0.5489986585820827,3,raw,4300,id_validation
0.6434568031817539,AdaBoost,Boosting,adaboost_regressor,0.36833167529415056,0.33392254923027564,0.5778603198267516,3,projected,4300,id_validation
0.7125655926703823,AdaBoost,Boosting,adaboost_regressor,0.36479974082721467,0.27316845427672803,0.5226551963548511,3,raw,5250,id_validation
0.6756295435996903,AdaBoost,Boosting,adaboost_regressor,0.36642347620276283,0.3065567968521351,0.5536757145226212,3,projected,5250,id_validation
0.7199652101039662,AdaBoost,Boosting,adaboost_regressor,0.36797603298590825,0.27165404501400525,0.5212044176846597,3,raw,6200,id_validation
0.6854409295440519,AdaBoost,Boosting,adaboost_regressor,0.3694566417830422,0.30345826996599984,0.5508704656868072,3,projected,6200,id_validation
0.7167730068822811,AdaBoost,Boosting,adaboost_regressor,0.36860198618709256,0.27959494033035404,0.5287673782773991,3,raw,7150,id_validation
0.6857634489565377,AdaBoost,Boosting,adaboost_regressor,0.370051502350174,0.31010962279716453,0.5568748717595045,3,projected,7150,id_validation
0.7172188717226866,AdaBoost,Boosting,adaboost_regressor,0.3700135976821221,0.2769957860092951,0.5263038913111845,3,raw,8100,id_validation
0.684968608155436,AdaBoost,Boosting,adaboost_regressor,0.3725491078348165,0.30769251538679737,0.5547003834384806,3,projected,8100,id_validation
0.7203647046381507,AdaBoost,Boosting,adaboost_regressor,0.37027792780602575,0.28039760908802885,0.5295258342026655,3,raw,9050,id_validation
0.6886223424140249,AdaBoost,Boosting,adaboost_regressor,0.37345547472483887,0.31275995388820715,0.5592494558676004,3,projected,9050,id_validation
0.7227179351015007,AdaBoost,Boosting,adaboost_regressor,0.37090372321252424,0.2747480208539785,0.5241641163356936,3,raw,10000,id_validation
0.6816130561474403,AdaBoost,Boosting,adaboost_regressor,0.37500723421867943,0.314783504217355,0.5610557050929569,3,projected,10000,id_validation
0.7081143105035439,AdaBoost,Boosting,adaboost_regressor,0.3484099298217236,0.3390436567891963,0.5822745544751172,4,raw,500,id_validation
0.6662642848717942,AdaBoost,Boosting,adaboost_regressor,0.35027361331195284,0.4101878999069042,0.6404591321129742,4,projected,500,id_validation
0.7329036925877123,AdaBoost,Boosting,adaboost_regressor,0.3469813645366513,0.2575711367174402,0.5075146665047624,4,raw,1450,id_validation
0.6740683525670572,AdaBoost,Boosting,adaboost_regressor,0.3467721719460434,0.30260665864805225,0.550096953861819,4,projected,1450,id_validation
0.7238701236289382,AdaBoost,Boosting,adaboost_regressor,0.35166877446346123,0.25872744455844715,0.5086525774617161,4,raw,2400,id_validation
0.6803432529803614,AdaBoost,Boosting,adaboost_regressor,0.3490216212366903,0.28877871159061924,0.5373813465227643,4,projected,2400,id_validation
0.7329473103988631,AdaBoost,Boosting,adaboost_regressor,0.3542126747758337,0.25577368877235973,0.505740732759741,4,raw,3350,id_validation
0.6883541462224814,AdaBoost,Boosting,adaboost_regressor,0.35408690989676395,0.29102371558481815,0.5394661394237994,4,projected,3350,id_validation
0.7342851092216559,AdaBoost,Boosting,adaboost_regressor,0.35456007440628895,0.2719958974439096,0.5215322592552734,4,raw,4300,id_validation
0.7021507712512147,AdaBoost,Boosting,adaboost_regressor,0.35503552267036503,0.30636101495093593,0.553498884326731,4,projected,4300,id_validation
0.732290285502786,AdaBoost,Boosting,adaboost_regressor,0.3558597042911337,0.2751877742263748,0.5245834292334964,4,raw,5250,id_validation
0.6748358534850734,AdaBoost,Boosting,adaboost_regressor,0.3581400933696025,0.3448274551490959,0.5872201079229967,4,projected,5250,id_validation
0.7321892177556681,AdaBoost,Boosting,adaboost_regressor,0.35481481424962297,0.26944548503811533,0.5190813857557554,4,raw,6200,id_validation
0.6281419030874568,AdaBoost,Boosting,adaboost_regressor,0.3592300888237604,0.3993843811649386,0.6319686552076286,4,projected,6200,id_validation
0.7329458174794349,AdaBoost,Boosting,adaboost_regressor,0.35614325827836446,0.2672065296082964,0.5169202352474668,4,raw,7150,id_validation
0.6338454280818144,AdaBoost,Boosting,adaboost_regressor,0.35978713897823844,0.38122881834177885,0.6174372991177152,4,projected,7150,id_validation
0.7317827261160457,AdaBoost,Boosting,adaboost_regressor,0.3568404077242964,0.26896745924013327,0.5186207277386176,4,raw,8100,id_validation
0.6450923866757682,AdaBoost,Boosting,adaboost_regressor,0.36028597158893827,0.3713733332952827,0.609404080471474,4,projected,8100,id_validation
0.7311588901526322,AdaBoost,Boosting,adaboost_regressor,0.35840222235742825,0.2700780260752804,0.5196903174730894,4,raw,9050,id_validation
0.6531687953067179,AdaBoost,Boosting,adaboost_regressor,0.36130712529567716,0.36019468609442984,0.6001622164835353,4,projected,9050,id_validation
0.7292486858156356,AdaBoost,Boosting,adaboost_regressor,0.3601799111473983,0.27087129916883224,0.52045297498317,4,raw,10000,id_validation
0.6585509169876758,AdaBoost,Boosting,adaboost_regressor,0.3621876088500973,0.3516264418453966,0.5929809793285081,4,projected,10000,id_validation
0.3640207260948791,Random Forest,Randomized tree ensembles,random_forest_regressor,0.5480613755407437,0.5691729883604514,0.7544355428798748,0,raw,500,id_validation
0.23639681168901058,Random Forest,Randomized tree ensembles,random_forest_regressor,0.5098932307000544,0.6805843769464106,0.8249753796001494,0,projected,500,id_validation
0.4110558474903893,Random Forest,Randomized tree ensembles,random_forest_regressor,0.5337045252616256,0.602604032694411,0.7762757452699466,0,raw,1450,id_validation
0.34718985378901235,Random Forest,Randomized tree ensembles,random_forest_regressor,0.5001702286828338,0.7413197492120103,0.860999273641976,0,projected,1450,id_validation
0.4296335999562473,Random Forest,Randomized tree ensembles,random_forest_regressor,0.5232919899012194,0.5581163984309685,0.7470718830413634,0,raw,2400,id_validation
0.3590203520941194,Random Forest,Randomized tree ensembles,random_forest_regressor,0.49313117493251774,0.6465824206978694,0.8041034887984689,0,projected,2400,id_validation
0.4456433064412958,Random Forest,Randomized tree ensembles,random_forest_regressor,0.522630146775053,0.5627959304024798,0.7501972609937201,0,raw,3350,id_validation
0.36525496348983394,Random Forest,Randomized tree ensembles,random_forest_regressor,0.4934093672562263,0.6668224530078501,0.8165919746163626,0,projected,3350,id_validation
0.45887737859785827,Random Forest,Randomized tree ensembles,random_forest_regressor,0.5153033884363525,0.544088409013904,0.7376234872981635,0,raw,4300,id_validation
0.3892511275794249,Random Forest,Randomized tree ensembles,random_forest_regressor,0.4845780421084527,0.620021109981159,0.7874141921385206,0,projected,4300,id_validation
0.46201904253724135,Random Forest,Randomized tree ensembles,random_forest_regressor,0.5136287111503877,0.5407205300879715,0.7353370180318488,0,raw,5250,id_validation
0.39468844395933333,Random Forest,Randomized tree ensembles,random_forest_regressor,0.48244514545833583,0.6060726492948777,0.7785066790303585,0,projected,5250,id_validation
0.4644577866555803,Random Forest,Randomized tree ensembles,random_forest_regressor,0.5097658979659049,0.5423444382032255,0.7364403833327078,0,raw,6200,id_validation
0.30996532829583934,Random Forest,Randomized tree ensembles,random_forest_regressor,0.48109827508659825,0.710103951797695,0.8426766591034162,0,projected,6200,id_validation
0.47478098441670474,Random Forest,Randomized tree ensembles,random_forest_regressor,0.504613162170248,0.531640409277688,0.72913675622457,0,raw,7150,id_validation
0.33502534583795757,Random Forest,Randomized tree ensembles,random_forest_regressor,0.4751175648081778,0.6836821335538352,0.8268507323295029,0,projected,7150,id_validation
0.4784175818813421,Random Forest,Randomized tree ensembles,random_forest_regressor,0.5017912322130573,0.5261222150375299,0.7253428258675547,0,raw,8100,id_validation
0.31029956055427543,Random Forest,Randomized tree ensembles,random_forest_regressor,0.47291241618764424,0.7001824734306331,0.8367690681607639,0,projected,8100,id_validation
0.48253049416588006,Random Forest,Randomized tree ensembles,random_forest_regressor,0.4985436528822164,0.514797585781612,0.717493962191747,0,raw,9050,id_validation
0.25894543065709785,Random Forest,Randomized tree ensembles,random_forest_regressor,0.4710994792762731,0.7116399863131397,0.8435875688469691,0,projected,9050,id_validation
0.48649849860831723,Random Forest,Randomized tree ensembles,random_forest_regressor,0.4960411442647986,0.5091485023245623,0.713546426187226,0,raw,10000,id_validation
0.2792041169247984,Random Forest,Randomized tree ensembles,random_forest_regressor,0.46717093735090276,0.6695292255531533,0.818247655391174,0,projected,10000,id_validation
0.36564621503461925,Random Forest,Randomized tree ensembles,random_forest_regressor,0.5905052453242722,0.6832673761705025,0.8265998888038291,1,raw,500,id_validation
0.3059359454143074,Random Forest,Randomized tree ensembles,random_forest_regressor,0.5632516205881852,0.7226189429314331,0.8500699635509028,1,projected,500,id_validation
0.4132589887947904,Random Forest,Randomized tree ensembles,random_forest_regressor,0.5505513344921703,0.6293325260564497,0.7933048128282405,1,raw,1450,id_validation
0.3387684666496641,Random Forest,Randomized tree ensembles,random_forest_regressor,0.5228831543024481,0.7705849288760297,0.8778296696261921,1,projected,1450,id_validation
0.41998015526009436,Random Forest,Randomized tree ensembles,random_forest_regressor,0.5452756964488844,0.6629050753288134,0.8141898275763542,1,raw,2400,id_validation
0.3552859867901844,Random Forest,Randomized tree ensembles,random_forest_regressor,0.5197580182536626,0.8454221533517451,0.919468408022671,1,projected,2400,id_validation
0.43639799199925855,Random Forest,Randomized tree ensembles,random_forest_regressor,0.5362045061176878,0.622512616503921,0.7889946872469554,1,raw,3350,id_validation
0.3825831426099221,Random Forest,Randomized tree ensembles,random_forest_regressor,0.5059199565857662,0.7568415526841102,0.8699664089400867,1,projected,3350,id_validation
0.4446525858561331,Random Forest,Randomized tree ensembles,random_forest_regressor,0.5278395442458805,0.581290409564288,0.7624240352745236,1,raw,4300,id_validation
0.3735333960317982,Random Forest,Randomized tree ensembles,random_forest_regressor,0.4968040657375333,0.6984740764962741,0.8357476153099536,1,projected,4300,id_validation
0.4481063562318594,Random Forest,Randomized tree ensembles,random_forest_regressor,0.5247291339620967,0.5723333867108317,0.7565271883487279,1,raw,5250,id_validation
0.3917527854696406,Random Forest,Randomized tree ensembles,random_forest_regressor,0.4922684590061868,0.6581611515827466,0.8112713181068012,1,projected,5250,id_validation
0.4536551306953019,Random Forest,Randomized tree ensembles,random_forest_regressor,0.519823568988678,0.5700854483929915,0.7550400309870937,1,raw,6200,id_validation
0.3673099019862408,Random Forest,Randomized tree ensembles,random_forest_regressor,0.48841662886443327,0.707019681956368,0.8408446241466779,1,projected,6200,id_validation
0.4620648369401449,Random Forest,Randomized tree ensembles,random_forest_regressor,0.5133369207870149,0.5541975619636581,0.7444444653321416,1,raw,7150,id_validation
0.3857850294122295,Random Forest,Randomized tree ensembles,random_forest_regressor,0.4815618352990314,0.6646220468807468,0.8152435506526542,1,projected,7150,id_validation
0.46971239717137137,Random Forest,Randomized tree ensembles,random_forest_regressor,0.5084024016295488,0.5395100109902611,0.7345134518783581,1,raw,8100,id_validation
0.3713694980955375,Random Forest,Randomized tree ensembles,random_forest_regressor,0.4770083996162497,0.6664127412111254,0.8163410691684728,1,projected,8100,id_validation
0.47502397425706977,Random Forest,Randomized tree ensembles,random_forest_regressor,0.5043033410964372,0.5272246900075175,0.7261023963653594,1,raw,9050,id_validation
0.37474709036368437,Random Forest,Randomized tree ensembles,random_forest_regressor,0.4707841975147672,0.6337014681860734,0.7960536842362288,1,projected,9050,id_validation
0.47878452837769825,Random Forest,Randomized tree ensembles,random_forest_regressor,0.5013481257189063,0.5276537318399528,0.7263977779701373,1,raw,10000,id_validation
0.3980849618899263,Random Forest,Randomized tree ensembles,random_forest_regressor,0.4677546973072853,0.6261481592831065,0.7912952415395321,1,projected,10000,id_validation
0.3263776489508386,Random Forest,Randomized tree ensembles,random_forest_regressor,0.6086644185100927,0.7479435625985851,0.8648373041205988,2,raw,500,id_validation
-0.5882790855389541,Random Forest,Randomized tree ensembles,random_forest_regressor,0.5787849936392763,1.3268964405997277,1.1519099099320778,2,projected,500,id_validation
0.4127235663323804,Random Forest,Randomized tree ensembles,random_forest_regressor,0.5537933669967938,0.5888855811960843,0.7673888070568167,2,raw,1450,id_validation
-0.9181432950381525,Random Forest,Randomized tree ensembles,random_forest_regressor,0.5248288383146907,0.9566150393830664,0.9780669912552342,2,projected,1450,id_validation
0.43240120314376396,Random Forest,Randomized tree ensembles,random_forest_regressor,0.5341774191820137,0.5579136429169564,0.7469361705774841,2,raw,2400,id_validation
-0.4552076573395386,Random Forest,Randomized tree ensembles,random_forest_regressor,0.5120806958657359,0.9925405115006262,0.9962632741904252,2,projected,2400,id_validation
0.44717945398667214,Random Forest,Randomized tree ensembles,random_forest_regressor,0.5221977494307181,0.5338146856262409,0.7306262284001587,2,raw,3350,id_validation
-0.2264701133537968,Random Forest,Randomized tree ensembles,random_forest_regressor,0.4964401922187993,0.8779500985169196,0.936989913775447,2,projected,3350,id_validation
0.4610274795645206,Random Forest,Randomized tree ensembles,random_forest_regressor,0.5161973161628157,0.5216354836318089,0.722243368700474,2,raw,4300,id_validation
-0.09486557007587103,Random Forest,Randomized tree ensembles,random_forest_regressor,0.4856073210139488,0.758640386596056,0.8709996478736693,2,projected,4300,id_validation
0.4622396028211429,Random Forest,Randomized tree ensembles,random_forest_regressor,0.5154217944061382,0.5309137343053487,0.7286382739778008,2,raw,5250,id_validation
-0.08683216975619897,Random Forest,Randomized tree ensembles,random_forest_regressor,0.48858789614191034,0.8332226435351421,0.912810299862541,2,projected,5250,id_validation
0.47260742727196065,Random Forest,Randomized tree ensembles,random_forest_regressor,0.5091240349281784,0.5158639133250256,0.7182366694377457,2,raw,6200,id_validation
-0.08183004831646701,Random Forest,Randomized tree ensembles,random_forest_regressor,0.48026853568698596,0.7591007299799742,0.8712638693185746,2,projected,6200,id_validation
0.48125521002826366,Random Forest,Randomized tree ensembles,random_forest_regressor,0.5055909426338973,0.5110034671078861,0.7148450651070385,2,raw,7150,id_validation
-0.09299052979534927,Random Forest,Randomized tree ensembles,random_forest_regressor,0.47856890653364814,0.7904115735612062,0.8890509398010927,2,projected,7150,id_validation
0.4804902984754963,Random Forest,Randomized tree ensembles,random_forest_regressor,0.5050033859745929,0.516224123714647,0.7184873859119915,2,raw,8100,id_validation
0.0859670412071161,Random Forest,Randomized tree ensembles,random_forest_regressor,0.4787190883758061,0.7894256924249661,0.8884963097418954,2,projected,8100,id_validation
0.48471661301564933,Random Forest,Randomized tree ensembles,random_forest_regressor,0.5005580898427398,0.5162315115877657,0.7184925271620893,2,raw,9050,id_validation
0.23838956700306024,Random Forest,Randomized tree ensembles,random_forest_regressor,0.47206285242221396,0.729068820599199,0.8538552691171959,2,projected,9050,id_validation
0.490382859188841,Random Forest,Randomized tree ensembles,random_forest_regressor,0.4978773296205272,0.5155213518958166,0.7179981559139387,2,raw,10000,id_validation
0.2813609076235229,Random Forest,Randomized tree ensembles,random_forest_regressor,0.46944415218641605,0.7117625437683569,0.8436602063439741,2,projected,10000,id_validation
0.34333692549356665,Random Forest,Randomized tree ensembles,random_forest_regressor,0.5846785130911379,0.6222462195871835,0.7888258487062804,3,raw,500,id_validation
0.28494308036913985,Random Forest,Randomized tree ensembles,random_forest_regressor,0.5324769478916521,0.6589352900372456,0.8117482922909327,3,projected,500,id_validation
0.4246327624340062,Random Forest,Randomized tree ensembles,random_forest_regressor,0.5380170240501616,0.5604073691266066,0.7486036128196327,3,raw,1450,id_validation
-0.05435631199318771,Random Forest,Randomized tree ensembles,random_forest_regressor,0.501959749303178,0.8095853336198995,0.8997696002977092,3,projected,1450,id_validation
0.4366620110127292,Random Forest,Randomized tree ensembles,random_forest_regressor,0.534425425197882,0.5570177210672502,0.7463361984168061,3,raw,2400,id_validation
0.19251640965427413,Random Forest,Randomized tree ensembles,random_forest_regressor,0.5006763625911275,0.652325446643007,0.8076666680277248,3,projected,2400,id_validation
0.45087285429486135,Random Forest,Randomized tree ensembles,random_forest_regressor,0.5218270307224239,0.5355317981932786,0.7318003813836657,3,raw,3350,id_validation
0.12749940371804666,Random Forest,Randomized tree ensembles,random_forest_regressor,0.49127030778913244,0.7013921140884103,0.8374915606072758,3,projected,3350,id_validation
0.44917004024053575,Random Forest,Randomized tree ensembles,random_forest_regressor,0.518942829907252,0.5406302643606797,0.7352756383565824,3,raw,4300,id_validation
0.2377669135229244,Random Forest,Randomized tree ensembles,random_forest_regressor,0.4877243356323953,0.6939807314308329,0.8330550590632247,3,projected,4300,id_validation
0.4575225771470863,Random Forest,Randomized tree ensembles,random_forest_regressor,0.5105361639926654,0.5265813884640042,0.7256592784937047,3,raw,5250,id_validation
0.2683321089419211,Random Forest,Randomized tree ensembles,random_forest_regressor,0.4802055285319693,0.6632047634993995,0.8143738475045718,3,projected,5250,id_validation
0.46814120737716314,Random Forest,Randomized tree ensembles,random_forest_regressor,0.5048708321247013,0.5212889405363685,0.7220034214159712,3,raw,6200,id_validation
0.2980390678755058,Random Forest,Randomized tree ensembles,random_forest_regressor,0.4749076840406592,0.6487504700773715,0.8054504764896298,3,projected,6200,id_validation
0.4681748470636813,Random Forest,Randomized tree ensembles,random_forest_regressor,0.5040476291270093,0.5257337403226657,0.7250749894477576,3,raw,7150,id_validation
0.33611970242082856,Random Forest,Randomized tree ensembles,random_forest_regressor,0.47334712243970667,0.6454162042667158,0.8033779958815873,3,projected,7150,id_validation
0.47948988832167777,Random Forest,Randomized tree ensembles,random_forest_regressor,0.4988752854999754,0.5125481394040404,0.7159246743925233,3,raw,8100,id_validation
0.344822437901828,Random Forest,Randomized tree ensembles,random_forest_regressor,0.4689625283949344,0.6179725554377193,0.7861123045963085,3,projected,8100,id_validation
0.48006682582880805,Random Forest,Randomized tree ensembles,random_forest_regressor,0.4986340405328885,0.5185310850740737,0.7200910255475163,3,raw,9050,id_validation
0.36728733101163846,Random Forest,Randomized tree ensembles,random_forest_regressor,0.4683918996362261,0.6279229196467573,0.7924158754383693,3,projected,9050,id_validation
0.4815550363925132,Random Forest,Randomized tree ensembles,random_forest_regressor,0.49554494072593164,0.5117852463582131,0.7153916733917254,3,raw,10000,id_validation
0.3279273910920248,Random Forest,Randomized tree ensembles,random_forest_regressor,0.4662059073521537,0.6467438356378725,0.8042038520411803,3,projected,10000,id_validation
0.32819248107172316,Random Forest,Randomized tree ensembles,random_forest_regressor,0.5809755360965907,0.709630989323158,0.8423959813075784,4,raw,500,id_validation
-0.05096683545172119,Random Forest,Randomized tree ensembles,random_forest_regressor,0.5672589410467135,1.5460878344882931,1.2434178036719166,4,projected,500,id_validation
0.42730529907495607,Random Forest,Randomized tree ensembles,random_forest_regressor,0.5390079758228341,0.5630133162449122,0.7503421327933759,4,raw,1450,id_validation
0.3187362306820542,Random Forest,Randomized tree ensembles,random_forest_regressor,0.5000283328188038,0.6320019086742036,0.794985477020935,4,projected,1450,id_validation
0.44659186929427824,Random Forest,Randomized tree ensembles,random_forest_regressor,0.5240482130082749,0.5369475314719154,0.7327670376537931,4,raw,2400,id_validation
0.2696352684680409,Random Forest,Randomized tree ensembles,random_forest_regressor,0.4895601247294718,0.6372364096286922,0.7982708873738865,4,projected,2400,id_validation
0.4599762262034279,Random Forest,Randomized tree ensembles,random_forest_regressor,0.5137401867120354,0.5273405847032777,0.7261821980076885,4,raw,3350,id_validation
0.09136090431022728,Random Forest,Randomized tree ensembles,random_forest_regressor,0.487730206904386,0.7906416390349399,0.889180318627746,4,projected,3350,id_validation
0.4569460902273719,Random Forest,Randomized tree ensembles,random_forest_regressor,0.5104519398784091,0.5488920065922709,0.7408724631083753,4,raw,4300,id_validation
0.2900723151462917,Random Forest,Randomized tree ensembles,random_forest_regressor,0.4828215579690214,0.7699995654614566,0.8774961911378628,4,projected,4300,id_validation
0.4628167277901172,Random Forest,Randomized tree ensembles,random_forest_regressor,0.504556475205256,0.5423760140390573,0.7364618211686587,4,raw,5250,id_validation
0.31474514432481854,Random Forest,Randomized tree ensembles,random_forest_regressor,0.477849084753974,0.7487004064943079,0.8652747578048882,4,projected,5250,id_validation
0.46468585442656574,Random Forest,Randomized tree ensembles,random_forest_regressor,0.5007958858083299,0.5348576342936009,0.7313396162478831,4,raw,6200,id_validation
0.2840496222751233,Random Forest,Randomized tree ensembles,random_forest_regressor,0.47642133298735284,0.7766423034698281,0.8812731151407196,4,projected,6200,id_validation
0.4703931140337413,Random Forest,Randomized tree ensembles,random_forest_regressor,0.49726739945122406,0.5265083565362234,0.7256089556615349,4,raw,7150,id_validation
0.28939779397080145,Random Forest,Randomized tree ensembles,random_forest_regressor,0.4707721564314633,0.7470642988847439,0.8643288141007124,4,projected,7150,id_validation
0.4767437184455597,Random Forest,Randomized tree ensembles,random_forest_regressor,0.4957114187527041,0.5239213190844504,0.7238240940203983,4,raw,8100,id_validation
0.3400633024515481,Random Forest,Randomized tree ensembles,random_forest_regressor,0.46803779325950856,0.6983310458564668,0.8356620404544333,4,projected,8100,id_validation
0.4809869228994006,Random Forest,Randomized tree ensembles,random_forest_regressor,0.49376647185688544,0.5210502043712094,0.721838073511788,4,raw,9050,id_validation
0.3503223408267678,Random Forest,Randomized tree ensembles,random_forest_regressor,0.46612688443243255,0.6832890608385578,0.8266130054859757,4,projected,9050,id_validation
0.4837897539920412,Random Forest,Randomized tree ensembles,random_forest_regressor,0.491969942060795,0.5167142921848521,0.718828416372678,4,raw,10000,id_validation
0.3728282860659167,Random Forest,Randomized tree ensembles,random_forest_regressor,0.463061920019768,0.6536429649583944,0.8084818890725965,4,projected,10000,id_validation
0.4856368418062552,Extra Trees,Randomized tree ensembles,extra_trees_regressor,0.5037388086627997,0.4734000984241345,0.6880407679957159,0,raw,500,id_validation
0.43135297270068723,Extra Trees,Randomized tree ensembles,extra_trees_regressor,0.4215888284695748,0.5128326729815228,0.7161233643594676,0,projected,500,id_validation
0.5677860855568366,Extra Trees,Randomized tree ensembles,extra_trees_regressor,0.4570180626247862,0.4552441555050324,0.6747178339906486,0,raw,1450,id_validation
0.5963263417141302,Extra Trees,Randomized tree ensembles,extra_trees_regressor,0.3777202491466781,0.47642648234038554,0.6902365408614539,0,projected,1450,id_validation
0.6048126585901324,Extra Trees,Randomized tree ensembles,extra_trees_regressor,0.43151722818461946,0.38795454921782124,0.6228599756107477,0,raw,2400,id_validation
0.6299038582589291,Extra Trees,Randomized tree ensembles,extra_trees_regressor,0.35937168252362695,0.37567505056589695,0.6129233643498158,0,projected,2400,id_validation
0.6256850583407548,Extra Trees,Randomized tree ensembles,extra_trees_regressor,0.42584388087182895,0.38002519320665434,0.6164618343471511,0,raw,3350,id_validation
0.63828212335039,Extra Trees,Randomized tree ensembles,extra_trees_regressor,0.3556426496892434,0.38431234936519865,0.6199293099742894,0,projected,3350,id_validation
0.6383213026465098,Extra Trees,Randomized tree ensembles,extra_trees_regressor,0.4172144450084092,0.3618027200055063,0.6015003906943921,0,raw,4300,id_validation
0.6440820376279212,Extra Trees,Randomized tree ensembles,extra_trees_regressor,0.3491823251819909,0.36261797001233825,0.602177689733137,0,projected,4300,id_validation
0.6488372601835671,Extra Trees,Randomized tree ensembles,extra_trees_regressor,0.4114341715388849,0.35063045230421996,0.5921405680277445,0,raw,5250,id_validation
0.6591254144058714,Extra Trees,Randomized tree ensembles,extra_trees_regressor,0.3431980773969218,0.34158934707244826,0.5844564543851392,0,projected,5250,id_validation
0.6561764229222153,Extra Trees,Randomized tree ensembles,extra_trees_regressor,0.4036978670533105,0.34591043588657544,0.5881415100862848,0,raw,6200,id_validation
0.65938828994514,Extra Trees,Randomized tree ensembles,extra_trees_regressor,0.337224247976185,0.3484160159221263,0.5902677493495018,0,projected,6200,id_validation
0.6644468789706627,Extra Trees,Randomized tree ensembles,extra_trees_regressor,0.3990603403613677,0.33811010637536104,0.5814723608008906,0,raw,7150,id_validation
0.6741953877132936,Extra Trees,Randomized tree ensembles,extra_trees_regressor,0.33295095915405726,0.3330841057863319,0.5771343914430432,0,projected,7150,id_validation
0.67279211488058,Extra Trees,Randomized tree ensembles,extra_trees_regressor,0.3940624421442156,0.3282269616610968,0.5729109543909043,0,raw,8100,id_validation
0.644663656601891,Extra Trees,Randomized tree ensembles,extra_trees_regressor,0.3297130069505057,0.3603490192800273,0.6002907789396963,0,projected,8100,id_validation
0.6780008486269402,Extra Trees,Randomized tree ensembles,extra_trees_regressor,0.38841121672849216,0.3169879450741154,0.5630168248588273,0,raw,9050,id_validation
0.5995113450394369,Extra Trees,Randomized tree ensembles,extra_trees_regressor,0.32702339316212664,0.3812231735464065,0.617432727952128,0,projected,9050,id_validation
0.6823221606667358,Extra Trees,Randomized tree ensembles,extra_trees_regressor,0.38508037698810454,0.3117853064396342,0.5583773871134415,0,raw,10000,id_validation
0.6029635543234912,Extra Trees,Randomized tree ensembles,extra_trees_regressor,0.3240640202477474,0.3630602132894509,0.6025447811486304,0,projected,10000,id_validation
0.5192456517655071,Extra Trees,Randomized tree ensembles,extra_trees_regressor,0.519714052146811,0.5168788946460734,0.718942900824588,1,raw,500,id_validation
0.5548870448053285,Extra Trees,Randomized tree ensembles,extra_trees_regressor,0.4460376805115326,0.47256482036007524,0.6874335025004784,1,projected,500,id_validation
0.5636063528995818,Extra Trees,Randomized tree ensembles,extra_trees_regressor,0.47401861302582204,0.4737676046759115,0.6883077833904768,1,raw,1450,id_validation
0.5950795089085799,Extra Trees,Randomized tree ensembles,extra_trees_regressor,0.4026166590440703,0.47541336086588326,0.6895022558816493,1,projected,1450,id_validation
0.5900085596537238,Extra Trees,Randomized tree ensembles,extra_trees_regressor,0.461716443960241,0.48753989539033077,0.6982405712863803,1,raw,2400,id_validation
0.6220598998159595,Extra Trees,Randomized tree ensembles,extra_trees_regressor,0.39161490676442795,0.5128426011107033,0.7161302961826872,1,projected,2400,id_validation
0.6186033673510793,Extra Trees,Randomized tree ensembles,extra_trees_regressor,0.44027038907661215,0.4311919278977288,0.6566520599965623,1,raw,3350,id_validation
0.6455832517288529,Extra Trees,Randomized tree ensembles,extra_trees_regressor,0.3714764925585656,0.4528821062935567,0.6729651597917656,1,projected,3350,id_validation
0.6354061170008232,Extra Trees,Randomized tree ensembles,extra_trees_regressor,0.4275510913978071,0.3859805565648777,0.6212733348252424,1,raw,4300,id_validation
0.6505877338405887,Extra Trees,Randomized tree ensembles,extra_trees_regressor,0.357350587686795,0.3975816502576879,0.630540760187387,1,projected,4300,id_validation
0.6474795318610033,Extra Trees,Randomized tree ensembles,extra_trees_regressor,0.4198937020049113,0.3686631954664509,0.6071764121459684,1,raw,5250,id_validation
0.6628583680598336,Extra Trees,Randomized tree ensembles,extra_trees_regressor,0.3503107177976705,0.37177850520463757,0.6097364227308695,1,projected,5250,id_validation
0.6566282450027421,Extra Trees,Randomized tree ensembles,extra_trees_regressor,0.4142918146135933,0.3626839945119291,0.6022325086807662,1,raw,6200,id_validation
0.6302133876500822,Extra Trees,Randomized tree ensembles,extra_trees_regressor,0.3464813238256448,0.4298027746757938,0.6555934522825818,1,projected,6200,id_validation
0.6673032285859601,Extra Trees,Randomized tree ensembles,extra_trees_regressor,0.40558521427050864,0.3458580161401503,0.5880969445084291,1,raw,7150,id_validation
0.6273303630957611,Extra Trees,Randomized tree ensembles,extra_trees_regressor,0.3384449061230258,0.42158035220977097,0.6492921932456689,1,projected,7150,id_validation
0.674366553547798,Extra Trees,Randomized tree ensembles,extra_trees_regressor,0.39947099561798327,0.3345060831955941,0.5783650086196381,1,raw,8100,id_validation
0.666023311060726,Extra Trees,Randomized tree ensembles,extra_trees_regressor,0.33156317438230565,0.35889395056435824,0.5990775830928396,1,projected,8100,id_validation
0.6804628691924137,Extra Trees,Randomized tree ensembles,extra_trees_regressor,0.3948470048401285,0.3231472594194443,0.5684604290708759,1,raw,9050,id_validation
0.654477649943363,Extra Trees,Randomized tree ensembles,extra_trees_regressor,0.3281102353025662,0.35192117586470406,0.5932294462218679,1,projected,9050,id_validation
0.6842443104784477,Extra Trees,Randomized tree ensembles,extra_trees_regressor,0.3903937164468489,0.32218306018662307,0.5676117160406602,1,raw,10000,id_validation
0.6859618074737713,Extra Trees,Randomized tree ensembles,extra_trees_regressor,0.3235036527701813,0.32938508088799945,0.5739207967028198,1,projected,10000,id_validation
0.5054367242701103,Extra Trees,Randomized tree ensembles,extra_trees_regressor,0.524851115634715,0.539343278974685,0.7343999448357039,2,raw,500,id_validation
0.02823763070711246,Extra Trees,Randomized tree ensembles,extra_trees_regressor,0.4515493085966614,0.8125059119352253,0.9013910982116615,2,projected,500,id_validation
0.5868363903861297,Extra Trees,Randomized tree ensembles,extra_trees_regressor,0.4670297743364516,0.4156569342432512,0.64471461457241,2,raw,1450,id_validation
-0.5054835234680735,Extra Trees,Randomized tree ensembles,extra_trees_regressor,0.390999370484525,0.6643775472880953,0.815093581920564,2,projected,1450,id_validation
0.6069957946123969,Extra Trees,Randomized tree ensembles,extra_trees_regressor,0.4487027842124553,0.3897017201193333,0.6242609391266871,2,raw,2400,id_validation
-0.03261247009295498,Extra Trees,Randomized tree ensembles,extra_trees_regressor,0.37940692130747883,0.6678058804207524,0.8171939062552733,2,projected,2400,id_validation
0.6270514033101888,Extra Trees,Randomized tree ensembles,extra_trees_regressor,0.43168235789392195,0.3629214764928898,0.6024296444340117,2,raw,3350,id_validation
0.021630231798672593,Extra Trees,Randomized tree ensembles,extra_trees_regressor,0.3672715679939991,0.6429225820699074,0.8018245332177779,2,projected,3350,id_validation
0.6432202409272135,Extra Trees,Randomized tree ensembles,extra_trees_regressor,0.42067669902485116,0.3458162035743428,0.5880613943920675,2,raw,4300,id_validation
0.104171768245501,Extra Trees,Randomized tree ensembles,extra_trees_regressor,0.35357326735023986,0.5450842382769916,0.7382982041675245,2,projected,4300,id_validation
0.6488654529704349,Extra Trees,Randomized tree ensembles,extra_trees_regressor,0.41646469361656413,0.3462382241178161,0.5884201085260564,2,raw,5250,id_validation
0.2149747463146472,Extra Trees,Randomized tree ensembles,extra_trees_regressor,0.3507313767019213,0.5593327810654677,0.7478855400831518,2,projected,5250,id_validation
0.6595549131640909,Extra Trees,Randomized tree ensembles,extra_trees_regressor,0.4085597485533746,0.33303055074375165,0.5770879922020139,2,raw,6200,id_validation
0.2410547730374076,Extra Trees,Randomized tree ensembles,extra_trees_regressor,0.3427613897618008,0.4865114015564479,0.6975036928622299,2,projected,6200,id_validation
0.6688909845305483,Extra Trees,Randomized tree ensembles,extra_trees_regressor,0.4035526397339235,0.3259305020120069,0.570903233492338,2,raw,7150,id_validation
0.3660864827210215,Extra Trees,Randomized tree ensembles,extra_trees_regressor,0.33718668359430154,0.4430774552124149,0.6656406351871968,2,projected,7150,id_validation
0.6741307970325987,Extra Trees,Randomized tree ensembles,extra_trees_regressor,0.39793485546575413,0.32412738496052673,0.5693218641160084,2,raw,8100,id_validation
0.4683349551230876,Extra Trees,Randomized tree ensembles,extra_trees_regressor,0.3335648778268769,0.44862219846717505,0.6697926533392069,2,projected,8100,id_validation
0.6761065917325922,Extra Trees,Randomized tree ensembles,extra_trees_regressor,0.3950816120961213,0.3256383263390627,0.570647287156491,2,raw,9050,id_validation
0.5601513445114463,Extra Trees,Randomized tree ensembles,extra_trees_regressor,0.32958119819775233,0.4165839611569909,0.6454331577762262,2,projected,9050,id_validation
0.679454488965089,Extra Trees,Randomized tree ensembles,extra_trees_regressor,0.39191870976157017,0.3250766957337026,0.5701549751898186,2,raw,10000,id_validation
0.5905501371089887,Extra Trees,Randomized tree ensembles,extra_trees_regressor,0.3276357710924761,0.40345551259378654,0.6351814800462829,2,projected,10000,id_validation
0.5011478580009433,Extra Trees,Randomized tree ensembles,extra_trees_regressor,0.5124307902820874,0.47770870554524925,0.6911647455891028,3,raw,500,id_validation
0.6020098251739348,Extra Trees,Randomized tree ensembles,extra_trees_regressor,0.4122193304056567,0.38291236149059343,0.618799128547054,3,projected,500,id_validation
0.5895468765598421,Extra Trees,Randomized tree ensembles,extra_trees_regressor,0.45778845879396485,0.39918402294795857,0.6318101162121089,3,raw,1450,id_validation
0.6358378613669111,Extra Trees,Randomized tree ensembles,extra_trees_regressor,0.37389122346153336,0.33787763949539895,0.581272431391167,3,projected,1450,id_validation
0.60867692268752,Extra Trees,Randomized tree ensembles,extra_trees_regressor,0.4438229147298134,0.38136651335527355,0.617548794311246,3,raw,2400,id_validation
0.5487672100847291,Extra Trees,Randomized tree ensembles,extra_trees_regressor,0.3654323663006188,0.3607366502542117,0.6006135614970841,3,projected,2400,id_validation
0.634453258748078,Extra Trees,Randomized tree ensembles,extra_trees_regressor,0.4267795614656149,0.35697756941548103,0.5974759990288154,3,raw,3350,id_validation
0.518037271555009,Extra Trees,Randomized tree ensembles,extra_trees_regressor,0.3544573217588797,0.38380906148733407,0.6195232533870977,3,projected,3350,id_validation
0.644222416954926,Extra Trees,Randomized tree ensembles,extra_trees_regressor,0.41713081254104306,0.34980438418663967,0.5914426296663436,3,raw,4300,id_validation
0.550615738547737,Extra Trees,Randomized tree ensembles,extra_trees_regressor,0.3479440751115926,0.4009161142965705,0.6331793697654484,3,projected,4300,id_validation
0.6528458638533738,Extra Trees,Randomized tree ensembles,extra_trees_regressor,0.4088194224618422,0.33754698583746107,0.5809879394939804,3,raw,5250,id_validation
0.5869747730460316,Extra Trees,Randomized tree ensembles,extra_trees_regressor,0.3417278420187495,0.36837266744295716,0.6069371198427043,3,projected,5250,id_validation
0.6653271020064104,Extra Trees,Randomized tree ensembles,extra_trees_regressor,0.40037663406032087,0.32699421774011866,0.5718340823526686,3,raw,6200,id_validation
0.6100513354230458,Extra Trees,Randomized tree ensembles,extra_trees_regressor,0.3345331840705407,0.35476914706098234,0.5956250054027133,3,projected,6200,id_validation
0.6681823502446725,Extra Trees,Randomized tree ensembles,extra_trees_regressor,0.39733163205236355,0.32739311090649015,0.5721827600570382,3,raw,7150,id_validation
0.6472859112347006,Extra Trees,Randomized tree ensembles,extra_trees_regressor,0.3321115036039963,0.341647894880364,0.5845065396386631,3,projected,7150,id_validation
0.675028853846509,Extra Trees,Randomized tree ensembles,extra_trees_regressor,0.39250556426791183,0.31850246975416274,0.5643602304859572,3,raw,8100,id_validation
0.6614709604191417,Extra Trees,Randomized tree ensembles,extra_trees_regressor,0.3283116308663346,0.3177080880097313,0.56365600148471,3,projected,8100,id_validation
0.6781648449555054,Extra Trees,Randomized tree ensembles,extra_trees_regressor,0.3895509953273666,0.32074701979070475,0.5663453185033887,3,raw,9050,id_validation
0.6830115558546896,Extra Trees,Randomized tree ensembles,extra_trees_regressor,0.3269124518518835,0.31482741772283174,0.5610948384389502,3,projected,9050,id_validation
0.6837591980746709,Extra Trees,Randomized tree ensembles,extra_trees_regressor,0.38434895330228763,0.3117004878309087,0.5583014309769487,3,raw,10000,id_validation
0.6268494897824393,Extra Trees,Randomized tree ensembles,extra_trees_regressor,0.3240586686046139,0.3557431296504349,0.5964420589214303,3,projected,10000,id_validation
0.5174246562681434,Extra Trees,Randomized tree ensembles,extra_trees_regressor,0.4995738560725703,0.5219298608102324,0.722447133574653,4,raw,500,id_validation
0.24321807353951702,Extra Trees,Randomized tree ensembles,extra_trees_regressor,0.4454801659817296,1.2168312376698547,1.103100737770515,4,projected,500,id_validation
0.5912559988084676,Extra Trees,Randomized tree ensembles,extra_trees_regressor,0.4499727278584051,0.39435389814488936,0.6279760330975135,4,raw,1450,id_validation
0.4729295116013435,Extra Trees,Randomized tree ensembles,extra_trees_regressor,0.3798294935015354,0.46274555838021,0.6802540395912471,4,projected,1450,id_validation
0.616025619044486,Extra Trees,Randomized tree ensembles,extra_trees_regressor,0.4319058303873719,0.3645254521319832,0.6037594323337592,4,raw,2400,id_validation
0.5713183702930313,Extra Trees,Randomized tree ensembles,extra_trees_regressor,0.3594411223031169,0.3652066889711972,0.604323331480092,4,projected,2400,id_validation
0.6369496987303376,Extra Trees,Randomized tree ensembles,extra_trees_regressor,0.418999769050589,0.34909825042460685,0.5908453693011454,4,raw,3350,id_validation
0.453311509945353,Extra Trees,Randomized tree ensembles,extra_trees_regressor,0.3537134624985705,0.46556618710691017,0.6823241070832176,4,projected,3350,id_validation
0.6460800902064477,Extra Trees,Randomized tree ensembles,extra_trees_regressor,0.4096882352815626,0.35778381446765367,0.5981503276498757,4,raw,4300,id_validation
0.5928081307777902,Extra Trees,Randomized tree ensembles,extra_trees_regressor,0.34475786581118695,0.4499971386249701,0.6708182605035212,4,projected,4300,id_validation
0.6558846296642757,Extra Trees,Randomized tree ensembles,extra_trees_regressor,0.4010826813182537,0.3484019723510526,0.5902558532967315,4,raw,5250,id_validation
0.59775953184097,Extra Trees,Randomized tree ensembles,extra_trees_regressor,0.33873474713478763,0.4542262525081711,0.6739630943220638,4,projected,5250,id_validation
0.6652894219801758,Extra Trees,Randomized tree ensembles,extra_trees_regressor,0.3927658144177735,0.3342801468914063,0.5781696523438482,4,raw,6200,id_validation
0.5709335122362793,Extra Trees,Randomized tree ensembles,extra_trees_regressor,0.3340521759756628,0.48197247899008394,0.6942423776967839,4,projected,6200,id_validation
0.6672550657757965,Extra Trees,Randomized tree ensembles,extra_trees_regressor,0.3907059317571451,0.3314796621033585,0.5757427047764987,4,raw,7150,id_validation
0.5675115433817428,Extra Trees,Randomized tree ensembles,extra_trees_regressor,0.3305069811404082,0.46742083489688646,0.6836818228510149,4,projected,7150,id_validation
0.6741221752832932,Extra Trees,Randomized tree ensembles,extra_trees_regressor,0.38673222601905316,0.32696427599124706,0.5718079013018682,4,raw,8100,id_validation
0.5960458550796828,Extra Trees,Randomized tree ensembles,extra_trees_regressor,0.32651986524510723,0.4425609628566909,0.6652525556934681,4,projected,8100,id_validation
0.6800186616570727,Extra Trees,Randomized tree ensembles,extra_trees_regressor,0.3843979789517002,0.32122205346067706,0.5667645485214095,4,raw,9050,id_validation
0.6189163538742513,Extra Trees,Randomized tree ensembles,extra_trees_regressor,0.3244654997259282,0.4127950041956732,0.6424912483416978,4,projected,9050,id_validation
0.6844704805398424,Extra Trees,Randomized tree ensembles,extra_trees_regressor,0.3810195433780114,0.31546817431853863,0.5616655359896481,4,raw,10000,id_validation
0.6307599811241005,Extra Trees,Randomized tree ensembles,extra_trees_regressor,0.32155208863054624,0.3973669756620265,0.6303705066562255,4,projected,10000,id_validation
0.72400408957961,SVR,Kernel,svr_regressor,0.3195450297241256,0.2361461546236868,0.4859487160428421,0,raw,500,id_validation
0.7390252593389207,SVR,Kernel,svr_regressor,0.2865547021907415,0.22243213265268214,0.4716271118719556,0,projected,500,id_validation
0.7833440661433129,SVR,Kernel,svr_regressor,0.28145256312336836,0.24798483359006399,0.49798075624472077,0,raw,1450,id_validation
0.7925386381093473,SVR,Kernel,svr_regressor,0.25378822312440047,0.23913092663665875,0.48901014982989743,0,projected,1450,id_validation
0.8096962733300606,SVR,Kernel,svr_regressor,0.2559628050576051,0.1897302817556645,0.4355803964317776,0,raw,2400,id_validation
0.8174985080435277,SVR,Kernel,svr_regressor,0.23161709612152392,0.18265434972860647,0.4273808017782344,0,projected,2400,id_validation
0.82756670690639,SVR,Kernel,svr_regressor,0.24709176611084874,0.18043223717713006,0.4247731596712886,0,raw,3350,id_validation
0.7816712058331878,SVR,Kernel,svr_regressor,0.22763527572882003,0.2419717410705137,0.49190623198991257,0,projected,3350,id_validation
0.8381098849631758,SVR,Kernel,svr_regressor,0.23542544814728822,0.16176431681955508,0.402199349601109,0,raw,4300,id_validation
0.8449537813285447,SVR,Kernel,svr_regressor,0.2144561789028781,0.15521627935726634,0.3939749730087767,0,projected,4300,id_validation
0.8474571240660085,SVR,Kernel,svr_regressor,0.22704837589523968,0.15126114666162246,0.3889230600795258,0,raw,5250,id_validation
0.8538683190682995,SVR,Kernel,svr_regressor,0.20755808024329678,0.14491068004481547,0.3806713543790962,0,projected,5250,id_validation
0.852878969706753,SVR,Kernel,svr_regressor,0.21706275148365492,0.14973976754922944,0.38696223013264414,0,raw,6200,id_validation
0.8590592798020701,SVR,Kernel,svr_regressor,0.19881965726577527,0.14349901006796165,0.3788126318748645,0,projected,6200,id_validation
0.8587803714172167,SVR,Kernel,svr_regressor,0.21118938445864271,0.1432277100009769,0.37845436977392255,0,raw,7150,id_validation
0.864797732762755,SVR,Kernel,svr_regressor,0.19386838430314024,0.13725247437717686,0.37047601052858586,0,projected,7150,id_validation
0.8643535506285212,SVR,Kernel,svr_regressor,0.20507880273714865,0.13583523253913607,0.3685583163342486,0,raw,8100,id_validation
0.8701449225473148,SVR,Kernel,svr_regressor,0.18888930416144473,0.13007207124089634,0.36065505852669855,0,projected,8100,id_validation
0.8674258304289164,SVR,Kernel,svr_regressor,0.20027705208386828,0.12713171024288356,0.35655533966396236,0,raw,9050,id_validation
0.8726539994323522,SVR,Kernel,svr_regressor,0.18500853820552637,0.12189676890721766,0.3491371777786171,0,projected,9050,id_validation
0.8700307848995756,SVR,Kernel,svr_regressor,0.19674569082632007,0.12147351839787952,0.3485305128649133,0,raw,10000,id_validation
0.8750048373674172,SVR,Kernel,svr_regressor,0.18216164147711253,0.11649912139264748,0.34131967624596077,0,projected,10000,id_validation
0.7532559015006102,SVR,Kernel,svr_regressor,0.3195071568113815,0.2643023520119742,0.5141034448551908,1,raw,500,id_validation
0.7670690507899566,SVR,Kernel,svr_regressor,0.2898232320999366,0.25251254206557133,0.5025062607227608,1,projected,500,id_validation
0.793770918249207,SVR,Kernel,svr_regressor,0.2846092729874983,0.2455480765058366,0.495528078423248,1,raw,1450,id_validation
0.8052374058677835,SVR,Kernel,svr_regressor,0.25497701507724757,0.23454660886378295,0.48430012271708434,1,projected,1450,id_validation
0.8093625508743584,SVR,Kernel,svr_regressor,0.270231946609906,0.273219191044327,0.5227037316150775,1,raw,2400,id_validation
0.8179460380854111,SVR,Kernel,svr_regressor,0.2452281718387191,0.26469895762150386,0.5144890257541981,1,projected,2400,id_validation
0.8250405562524117,SVR,Kernel,svr_regressor,0.2553531730145878,0.23068765299192262,0.48029954506737005,1,raw,3350,id_validation
0.8344954191773224,SVR,Kernel,svr_regressor,0.2307302516374902,0.22098159368949005,0.47008679378332896,1,projected,3350,id_validation
0.8389494277684884,SVR,Kernel,svr_regressor,0.23730197097696143,0.18315488587406503,0.4279659868191221,1,raw,4300,id_validation
0.8476266777878052,SVR,Kernel,svr_regressor,0.21555742103965167,0.17450289341988834,0.41773543471901964,1,projected,4300,id_validation
0.8451281138920379,SVR,Kernel,svr_regressor,0.22878749354480826,0.1704574335937345,0.4128649096178246,1,raw,5250,id_validation
0.853096296575778,SVR,Kernel,svr_regressor,0.2084439213948207,0.16257009352352492,0.40319981835750485,1,projected,5250,id_validation
0.8491437048205398,SVR,Kernel,svr_regressor,0.22277865544990472,0.16944454224475322,0.4116364199688279,1,raw,6200,id_validation
0.8568100010690918,SVR,Kernel,svr_regressor,0.2035755727474257,0.16190979419287094,0.4023801612814316,1,projected,6200,id_validation
0.8536043478299217,SVR,Kernel,svr_regressor,0.21584581598760938,0.1593823314328166,0.3992271677038232,1,raw,7150,id_validation
0.8603630596685031,SVR,Kernel,svr_regressor,0.19792937943199526,0.15281278909566098,0.39091276404801745,1,projected,7150,id_validation
0.8591707122469465,SVR,Kernel,svr_regressor,0.20955214283341717,0.14900856018267325,0.38601626932381133,1,raw,8100,id_validation
0.8657645337667569,SVR,Kernel,svr_regressor,0.1921536593025329,0.14263280069575682,0.3776675796196396,1,projected,8100,id_validation
0.8623838731232937,SVR,Kernel,svr_regressor,0.2042419437985898,0.1382979675989265,0.3718843470743647,1,raw,9050,id_validation
0.8688350512521692,SVR,Kernel,svr_regressor,0.18781385008473134,0.13207854069130454,0.3634261144872566,1,projected,9050,id_validation
0.8660111242798465,SVR,Kernel,svr_regressor,0.20032134828177958,0.1386650171051372,0.3723775196022676,1,raw,10000,id_validation
0.8726586163753767,SVR,Kernel,svr_regressor,0.18398805834228985,0.1323024959670812,0.3637341006382014,1,projected,10000,id_validation
0.7532668750944495,SVR,Kernel,svr_regressor,0.33260160531407007,0.29175274809905366,0.5401414149082198,2,raw,500,id_validation
0.7689271270713868,SVR,Kernel,svr_regressor,0.2964528430969375,0.27458528110986646,0.5240088559460293,2,projected,500,id_validation
0.7955465890501726,SVR,Kernel,svr_regressor,0.2852924636749906,0.18762529760144558,0.43315735893719454,2,raw,1450,id_validation
0.460591015206952,SVR,Kernel,svr_regressor,0.2593655193351598,0.275254761943213,0.5246472738356819,2,projected,1450,id_validation
0.8128662489111858,SVR,Kernel,svr_regressor,0.2659143208518496,0.17247031664001328,0.41529545704234866,2,raw,2400,id_validation
0.6479105283449659,SVR,Kernel,svr_regressor,0.24173735072528718,0.24935203200934333,0.49935161160182845,2,projected,2400,id_validation
0.8257967479252688,SVR,Kernel,svr_regressor,0.2511328097867844,0.15796938735080399,0.3974536291830834,2,raw,3350,id_validation
0.6730146962012796,SVR,Kernel,svr_regressor,0.22926843308647615,0.2330631255930868,0.48276611893657867,2,projected,3350,id_validation
0.8404323280306668,SVR,Kernel,svr_regressor,0.23707032667129346,0.14459394792485297,0.3802551090055898,2,raw,4300,id_validation
0.7125279263711582,SVR,Kernel,svr_regressor,0.21657197691911154,0.1969380764155834,0.44377705710816484,2,projected,4300,id_validation
0.8473109278310643,SVR,Kernel,svr_regressor,0.23014818838691753,0.14448579948866166,0.38011287729918025,2,raw,5250,id_validation
0.8556822156208659,SVR,Kernel,svr_regressor,0.20872125257007376,0.13560609845680047,0.3682473332650224,2,projected,5250,id_validation
0.8549352602835354,SVR,Kernel,svr_regressor,0.2216608873487931,0.13305965221756072,0.3647734258653729,2,raw,6200,id_validation
0.8582977809674979,SVR,Kernel,svr_regressor,0.2021022595848751,0.12708747858625657,0.3564933079123037,2,projected,6200,id_validation
0.8619840758146282,SVR,Kernel,svr_regressor,0.2153006264703069,0.12807509427781394,0.35787580845569034,2,raw,7150,id_validation
0.8691574976830987,SVR,Kernel,svr_regressor,0.1964396168064884,0.12062838475963271,0.34731597250865487,2,projected,7150,id_validation
0.8626913300059842,SVR,Kernel,svr_regressor,0.20940462682877028,0.13162199479926442,0.3627974569911763,2,raw,8100,id_validation
0.8695814311951502,SVR,Kernel,svr_regressor,0.19156544032322084,0.12446472546113456,0.35279558594338245,2,projected,8100,id_validation
0.8637043838563552,SVR,Kernel,svr_regressor,0.2046177636957891,0.1348229802869511,0.36718248907995477,2,raw,9050,id_validation
0.8636994777005352,SVR,Kernel,svr_regressor,0.1881502102496176,0.13376586214615668,0.36574015659502945,2,projected,9050,id_validation
0.8649851929442619,SVR,Kernel,svr_regressor,0.20183501834668788,0.13682260250544406,0.36989539400409416,2,raw,10000,id_validation
0.870423755364355,SVR,Kernel,svr_regressor,0.1857312415870285,0.13105063109363435,0.3620091588532455,2,projected,10000,id_validation
0.7432850479992273,SVR,Kernel,svr_regressor,0.33070566774444,0.2234368194299771,0.47269104014141955,3,raw,500,id_validation
0.7565915473850635,SVR,Kernel,svr_regressor,0.29752889350434975,0.21240114380183694,0.4608699857897419,3,projected,500,id_validation
0.8220310474609505,SVR,Kernel,svr_regressor,0.27009487741229654,0.16611035381246464,0.40756637963951914,3,raw,1450,id_validation
0.8344287262133216,SVR,Kernel,svr_regressor,0.24061386484164254,0.1539456106832083,0.39235903288086577,3,projected,1450,id_validation
0.8328055391328506,SVR,Kernel,svr_regressor,0.25665699791174074,0.15663463059274793,0.39577093197043656,3,raw,2400,id_validation
0.8429955613578869,SVR,Kernel,svr_regressor,0.2292467878954932,0.1465423298867542,0.38280847676972124,3,projected,2400,id_validation
0.844223332478566,SVR,Kernel,svr_regressor,0.24341896094440593,0.14493488083333902,0.38070314003609035,3,raw,3350,id_validation
0.8533620542068718,SVR,Kernel,svr_regressor,0.2192849502871955,0.1361113838233579,0.3689327632826311,3,projected,3350,id_validation
0.8428695786248822,SVR,Kernel,svr_regressor,0.23359445703082263,0.14895849127545185,0.3859514105110277,3,raw,4300,id_validation
0.8516002834159148,SVR,Kernel,svr_regressor,0.21099201527024697,0.14044046330091314,0.37475387029477514,3,projected,4300,id_validation
0.8517181425939724,SVR,Kernel,svr_regressor,0.22356884826642878,0.1378619971831305,0.3712977204119768,3,raw,5250,id_validation
0.8595385073745607,SVR,Kernel,svr_regressor,0.20324656026969085,0.13050632126600678,0.36125658646730135,3,projected,5250,id_validation
0.8584850191962332,SVR,Kernel,svr_regressor,0.21581371132492153,0.13431153095323048,0.36648537617922833,3,raw,6200,id_validation
0.8666926756445814,SVR,Kernel,svr_regressor,0.1964024273331668,0.12627944714983452,0.35535819555743264,3,projected,6200,id_validation
0.8629016884781686,SVR,Kernel,svr_regressor,0.21005211887724592,0.13460981346806997,0.36689210058008875,3,raw,7150,id_validation
0.8704669675390482,SVR,Kernel,svr_regressor,0.19237090889816175,0.12713884344432486,0.3565653424609925,3,projected,7150,id_validation
0.868287926947669,SVR,Kernel,svr_regressor,0.20454680251847582,0.12682380935448762,0.3561233063904799,3,raw,8100,id_validation
0.8752059218552795,SVR,Kernel,svr_regressor,0.1878205355196476,0.11985964289278093,0.3462075142061202,3,projected,8100,id_validation
0.8673098654445441,SVR,Kernel,svr_regressor,0.20198237677372122,0.1328758098170506,0.3645213434314246,3,raw,9050,id_validation
0.8739522473307799,SVR,Kernel,svr_regressor,0.1859005861301775,0.1262348592701521,0.35529545348927855,3,projected,9050,id_validation
0.8702159238078261,SVR,Kernel,svr_regressor,0.19789672011312467,0.12675680626590516,0.35602922108431656,3,raw,10000,id_validation
0.8767122928974889,SVR,Kernel,svr_regressor,0.18234295564834418,0.12030960440166759,0.3468567491078523,3,projected,10000,id_validation
0.7528008246782733,SVR,Kernel,svr_regressor,0.31425318326038554,0.2940756131036252,0.5422873897700602,4,raw,500,id_validation
0.7650628153185158,SVR,Kernel,svr_regressor,0.28308456898173245,0.282736714617413,0.5317299263887759,4,projected,500,id_validation
0.8053231049272179,SVR,Kernel,svr_regressor,0.26948480593632756,0.18441899971716896,0.4294403331280947,4,raw,1450,id_validation
0.7976058393432912,SVR,Kernel,svr_regressor,0.24358626219126664,0.18798315776857388,0.433570245483444,4,projected,1450,id_validation
0.8229788201968866,SVR,Kernel,svr_regressor,0.2520744596983145,0.16333011006980233,0.40414120065863407,4,raw,2400,id_validation
0.8187503360700317,SVR,Kernel,svr_regressor,0.2285313852596377,0.1628966167030008,0.4036045300823577,4,projected,2400,id_validation
0.8369193470562382,SVR,Kernel,svr_regressor,0.2377212189817215,0.15197899654865987,0.38984483650378116,4,raw,3350,id_validation
0.8344811162054473,SVR,Kernel,svr_regressor,0.2168873087267248,0.15188857226072772,0.3897288445326157,4,projected,3350,id_validation
0.8372752935265565,SVR,Kernel,svr_regressor,0.23147420419271358,0.17416108918491865,0.41732611850316614,4,raw,4300,id_validation
0.8396366789632476,SVR,Kernel,svr_regressor,0.21178435664430054,0.17287335766620868,0.41578042001302645,4,projected,4300,id_validation
0.8456772158035888,SVR,Kernel,svr_regressor,0.22175349686092108,0.16728990067943433,0.4090108808814679,4,raw,5250,id_validation
0.8527374258171964,SVR,Kernel,svr_regressor,0.20258939145409283,0.16021352964317537,0.400266823060787,4,projected,5250,id_validation
0.8523991733487815,SVR,Kernel,svr_regressor,0.21133303432024406,0.15687925041851317,0.3960798535882798,4,raw,6200,id_validation
0.8554883629796175,SVR,Kernel,svr_regressor,0.1942808211039829,0.1548768725454199,0.39354399061022377,4,projected,6200,id_validation
0.8588998948207813,SVR,Kernel,svr_regressor,0.20553709662340044,0.14713059772279655,0.38357606510677456,4,raw,7150,id_validation
0.8655048382931565,SVR,Kernel,svr_regressor,0.18868922791991155,0.14059057475806278,0.37495409686795367,4,projected,7150,id_validation
0.8622658565567152,SVR,Kernel,svr_regressor,0.20048826178497572,0.14510026477309565,0.3809202866389445,4,raw,8100,id_validation
0.8686055631778362,SVR,Kernel,svr_regressor,0.1842920910670786,0.1389166788999693,0.3727152785974427,4,projected,8100,id_validation
0.8641282703988861,SVR,Kernel,svr_regressor,0.19743237848411624,0.14360150751030995,0.3789478955084854,4,raw,9050,id_validation
0.8702773340202772,SVR,Kernel,svr_regressor,0.18190314144179348,0.13748179974091396,0.3707853823182812,4,projected,9050,id_validation
0.8668428478309833,SVR,Kernel,svr_regressor,0.1935305104521335,0.1402312452255807,0.3744746256097744,4,raw,10000,id_validation
0.8728620253328888,SVR,Kernel,svr_regressor,0.17868969820432185,0.1342783801408673,0.36644014537283887,4,projected,10000,id_validation
0.43657530235348985,k-NN,Instance based,knn_regressor,0.5207642436374018,0.5067104730858412,0.7118359874899843,0,raw,500,id_validation
0.32090657826638663,k-NN,Instance based,knn_regressor,0.4708366897694438,0.6044593113354622,0.7774698137776553,0,projected,500,id_validation
0.5202118168321122,k-NN,Instance based,knn_regressor,0.48420007196658066,0.5059312214340809,0.7112884235203613,0,raw,1450,id_validation
0.55004385916508,k-NN,Instance based,knn_regressor,0.42987816456413347,0.4760557340271702,0.6899679224624651,0,projected,1450,id_validation
0.5609515547392062,k-NN,Instance based,knn_regressor,0.4559266561314062,0.4289570317427308,0.6549481137790465,0,raw,2400,id_validation
0.5880851030160472,k-NN,Instance based,knn_regressor,0.40706976415237817,0.40273687895537696,0.6346155363331227,0,projected,2400,id_validation
0.5829519455265735,k-NN,Instance based,knn_regressor,0.4511865443426504,0.4228557171289535,0.6502735709906666,0,raw,3350,id_validation
0.591346696757309,k-NN,Instance based,knn_regressor,0.4052650391473399,0.4184265759563407,0.6468590077878955,0,projected,3350,id_validation
0.5943422056832228,k-NN,Instance based,knn_regressor,0.44361247905513057,0.4022489841320441,0.6342310179516957,0,raw,4300,id_validation
0.5960950362604461,k-NN,Instance based,knn_regressor,0.3994154125937463,0.4021123253462952,0.6341232729890106,0,projected,4300,id_validation
0.6023297824377414,k-NN,Instance based,knn_regressor,0.4385273065323284,0.3941287877758476,0.6277967726707805,0,raw,5250,id_validation
0.6026765904750074,k-NN,Instance based,knn_regressor,0.3951359476041076,0.39308687840082585,0.6269664093082068,0,projected,5250,id_validation
0.6129183545218474,k-NN,Instance based,knn_regressor,0.4302789736608806,0.3880184651225529,0.6229112819034127,0,raw,6200,id_validation
0.6197926226504529,k-NN,Instance based,knn_regressor,0.3869006965195463,0.3811790995284581,0.6173970355682461,0,projected,6200,id_validation
0.6218843863403368,k-NN,Instance based,knn_regressor,0.4268225487305295,0.37935500532231503,0.61591801834523,0,raw,7150,id_validation
0.6327096779229087,k-NN,Instance based,knn_regressor,0.3828751737692493,0.3686931151171353,0.6072010499967332,0,projected,7150,id_validation
0.6255550653266969,k-NN,Instance based,knn_regressor,0.42343002286185516,0.37388235911793516,0.6114592047863333,0,raw,8100,id_validation
0.5989158876887439,k-NN,Instance based,knn_regressor,0.3806976853943628,0.4021623924338034,0.634162749169173,0,projected,8100,id_validation
0.6289945217661257,k-NN,Instance based,knn_regressor,0.41881547395343954,0.36252581609870355,0.60210116766097,0,raw,9050,id_validation
0.5861713409639543,k-NN,Instance based,knn_regressor,0.37675398621277284,0.39813306497800216,0.6309778640950903,0,projected,9050,id_validation
0.6331907678660949,k-NN,Instance based,knn_regressor,0.41603844451030325,0.3563619577568629,0.5969605998362563,0,raw,10000,id_validation
0.5948744110289529,k-NN,Instance based,knn_regressor,0.3740792950711061,0.38174119791041816,0.6178520841677384,0,projected,10000,id_validation
0.4507893615500156,k-NN,Instance based,knn_regressor,0.5456055454877131,0.5729188267318471,0.7569140154151244,1,raw,500,id_validation
0.46073254610047265,k-NN,Instance based,knn_regressor,0.4953302005891569,0.5580156225164228,0.7470044327287642,1,projected,500,id_validation
0.5246901701377078,k-NN,Instance based,knn_regressor,0.49676926578080083,0.5122561218396449,0.7157207009997998,1,raw,1450,id_validation
0.5336843728428688,k-NN,Instance based,knn_regressor,0.44864563518786044,0.5154646647806044,0.7179586790203211,1,projected,1450,id_validation
0.5596157697476589,k-NN,Instance based,knn_regressor,0.47791329046882464,0.5234214941730926,0.7234787447970346,1,raw,2400,id_validation
0.5754126515108686,k-NN,Instance based,knn_regressor,0.4310292225185701,0.5180097222588455,0.7197289227610945,1,projected,2400,id_validation
0.5795204138892168,k-NN,Instance based,knn_regressor,0.4639458562335114,0.4773845303787369,0.6909301921169293,1,raw,3350,id_validation
0.5986857109700142,k-NN,Instance based,knn_regressor,0.4160003267888188,0.4639183335400644,0.6811155067534906,1,projected,3350,id_validation
0.5979916559056819,k-NN,Instance based,knn_regressor,0.45039445587215726,0.42815966884068823,0.6543391084450694,1,raw,4300,id_validation
0.6220390543163223,k-NN,Instance based,knn_regressor,0.40154166630183447,0.40575162159794725,0.6369863590360058,1,projected,4300,id_validation
0.6046063711842489,k-NN,Instance based,knn_regressor,0.4458196891297091,0.41484321364201915,0.6440832350263583,1,raw,5250,id_validation
0.6246098668846336,k-NN,Instance based,knn_regressor,0.39936963327331093,0.39682994922679143,0.6299444016949365,1,projected,5250,id_validation
0.6067004392817149,k-NN,Instance based,knn_regressor,0.4437838788731251,0.41760893130979654,0.6462266872466631,1,raw,6200,id_validation
0.6292852549755809,k-NN,Instance based,knn_regressor,0.3974384404826462,0.3954492244687379,0.6288475367437945,1,projected,6200,id_validation
0.6143898038583471,k-NN,Instance based,knn_regressor,0.43646685478359576,0.4009657489091061,0.6332185633010975,1,raw,7150,id_validation
0.6356119556424062,k-NN,Instance based,knn_regressor,0.39081255301660517,0.3796008167426282,0.6161175348443089,1,projected,7150,id_validation
0.6209762318340586,k-NN,Instance based,knn_regressor,0.43092860031460606,0.38944451563255755,0.6240548979317104,1,raw,8100,id_validation
0.6397871042115043,k-NN,Instance based,knn_regressor,0.3865397681832322,0.3711376220301809,0.6092106548889151,1,projected,8100,id_validation
0.6247270919037692,k-NN,Instance based,knn_regressor,0.4268061582520033,0.3775642037404751,0.6144625324138773,1,raw,9050,id_validation
0.6466009833059551,k-NN,Instance based,knn_regressor,0.38147612351745586,0.35541453871214695,0.5961665360552763,1,projected,9050,id_validation
0.6311511870027494,k-NN,Instance based,knn_regressor,0.4234831754446975,0.37595020903387133,0.6131477872698158,1,raw,10000,id_validation
0.652501113054145,k-NN,Instance based,knn_regressor,0.37864829417458384,0.35483515516284864,0.5956804136135825,1,projected,10000,id_validation
0.4605072565014442,k-NN,Instance based,knn_regressor,0.5449337393861716,0.6217680521799833,0.7885227023871814,2,raw,500,id_validation
0.4894439844809263,k-NN,Instance based,knn_regressor,0.48459167991417973,0.5857974998293762,0.7653740914280913,2,projected,500,id_validation
0.512696454435946,k-NN,Instance based,knn_regressor,0.5018796237840595,0.4858143702854967,0.6970038524179738,2,raw,1450,id_validation
-0.056705078149076125,k-NN,Instance based,knn_regressor,0.45083873996155216,0.6216145196012067,0.7884253418055553,2,projected,1450,id_validation
0.5625319646660152,k-NN,Instance based,knn_regressor,0.4741839765059425,0.4403509405740154,0.6635894367559021,2,raw,2400,id_validation
0.1739922524689576,k-NN,Instance based,knn_regressor,0.4289250374113266,0.6162107510034336,0.7849909241535431,2,projected,2400,id_validation
0.5870789126102661,k-NN,Instance based,knn_regressor,0.4574142559882364,0.40388756890341393,0.6355214936596668,2,raw,3350,id_validation
0.2715638549328182,k-NN,Instance based,knn_regressor,0.4133388996190216,0.5532002398230943,0.7437743204918373,2,projected,3350,id_validation
0.5961538100319593,k-NN,Instance based,knn_regressor,0.44907961429883547,0.3950043960873335,0.6284937518283961,2,raw,4300,id_validation
0.3656110228710421,k-NN,Instance based,knn_regressor,0.40358726737490563,0.4799373989720923,0.692775143154034,2,projected,4300,id_validation
0.6015427362591961,k-NN,Instance based,knn_regressor,0.44552164758461976,0.39669129496982214,0.6298343393066324,2,raw,5250,id_validation
0.4252128837809942,k-NN,Instance based,knn_regressor,0.40104809960057536,0.48255313004168393,0.6946604422605939,2,projected,5250,id_validation
0.6083239822363197,k-NN,Instance based,knn_regressor,0.4398366771230529,0.38370532957864584,0.6194395285890673,2,raw,6200,id_validation
0.4545522419826534,k-NN,Instance based,knn_regressor,0.3941997606056488,0.43742236922821454,0.6613791418152031,2,projected,6200,id_validation
0.6189703126704064,k-NN,Instance based,knn_regressor,0.43417851176321987,0.37491880738877414,0.6123061386175825,2,raw,7150,id_validation
0.4995521109229449,k-NN,Instance based,knn_regressor,0.3880753583188597,0.4198667794901614,0.6479712798343468,2,projected,7150,id_validation
0.6220125851604974,k-NN,Instance based,knn_regressor,0.4308956487397777,0.3777446255859023,0.6146093276105581,2,raw,8100,id_validation
0.5350608365734412,k-NN,Instance based,knn_regressor,0.3869276233748521,0.43025047670384564,0.6559348113218612,2,projected,8100,id_validation
0.6242059669804491,k-NN,Instance based,knn_regressor,0.4278712386480401,0.3817293023393919,0.6178424575402631,2,raw,9050,id_validation
0.5649193069022931,k-NN,Instance based,knn_regressor,0.38433810049578143,0.4291848030786705,0.6551219757256435,2,projected,9050,id_validation
0.6312698039220621,k-NN,Instance based,knn_regressor,0.4238542764706972,0.3783261579965406,0.615082236775328,2,raw,10000,id_validation
0.5884610152757723,k-NN,Instance based,knn_regressor,0.38009541839091077,0.41639266877804465,0.645284951612886,2,projected,10000,id_validation
0.44987102286977965,k-NN,Instance based,knn_regressor,0.5431909327810553,0.5232648466801821,0.7233704767822517,3,raw,500,id_validation
0.5003716612021792,k-NN,Instance based,knn_regressor,0.4760752664889958,0.4800385348363442,0.6928481325920884,3,projected,500,id_validation
0.5433801327374417,k-NN,Instance based,knn_regressor,0.4867116736064544,0.4404777800339268,0.6636850006094207,3,raw,1450,id_validation
0.5848539944829052,k-NN,Instance based,knn_regressor,0.4290238499267192,0.40120665480260037,0.6334087580722265,3,projected,1450,id_validation
0.565621086067141,k-NN,Instance based,knn_regressor,0.47116325782759155,0.4186028759427139,0.6469952673263645,3,raw,2400,id_validation
0.5836135445206667,k-NN,Instance based,knn_regressor,0.41734692159449993,0.3916394664881802,0.6258110469528164,3,projected,2400,id_validation
0.5822222787433138,k-NN,Instance based,knn_regressor,0.45843196919338514,0.4044721331267388,0.6359812364580726,3,raw,3350,id_validation
0.5901271782369928,k-NN,Instance based,knn_regressor,0.4086053755983386,0.38768032550954906,0.6226398039874652,3,projected,3350,id_validation
0.5832769538170475,k-NN,Instance based,knn_regressor,0.45279158364878513,0.4063794584503128,0.6374789866735318,3,raw,4300,id_validation
0.5871427619679314,k-NN,Instance based,knn_regressor,0.4052083331780998,0.39767395796085336,0.6306139531923262,3,projected,4300,id_validation
0.5963948207270915,k-NN,Instance based,knn_regressor,0.44201915879120257,0.38729613309846556,0.6223312085204032,3,raw,5250,id_validation
0.6033218232188365,k-NN,Instance based,knn_regressor,0.39539762911318777,0.3772233174141921,0.6141850840049701,3,projected,5250,id_validation
0.6073500385111037,k-NN,Instance based,knn_regressor,0.4364374752305564,0.38365192598860604,0.6193964207101992,3,raw,6200,id_validation
0.6195622066237101,k-NN,Instance based,knn_regressor,0.3912264292918639,0.3703333266829973,0.6085501841943665,3,projected,6200,id_validation
0.6167061548692377,k-NN,Instance based,knn_regressor,0.4308366054654538,0.3784445717689282,0.6151784877325671,3,raw,7150,id_validation
0.6304459479673593,k-NN,Instance based,knn_regressor,0.38653926471011674,0.36558244165359494,0.6046341386769316,3,projected,7150,id_validation
0.6239003330727037,k-NN,Instance based,knn_regressor,0.4262495170550768,0.36879399355361114,0.6072841127129962,3,raw,8100,id_validation
0.6388939825854026,k-NN,Instance based,knn_regressor,0.3826715870439592,0.35381033672949014,0.5948195833439667,3,projected,8100,id_validation
0.6240177537339273,k-NN,Instance based,knn_regressor,0.4237296793280003,0.37522400926455757,0.6125553111879429,3,raw,9050,id_validation
0.637311946230033,k-NN,Instance based,knn_regressor,0.38083085510164905,0.36345910712936297,0.6028756979090822,3,projected,9050,id_validation
0.630723753670557,k-NN,Instance based,knn_regressor,0.41830806299844936,0.36377556174526127,0.6031380950870715,3,raw,10000,id_validation
0.625913192110082,k-NN,Instance based,knn_regressor,0.3771096037232886,0.36708557790576385,0.6058758766494701,3,projected,10000,id_validation
0.46972414597393575,k-NN,Instance based,knn_regressor,0.5304742678903651,0.5712871950510797,0.7558354285498131,4,raw,500,id_validation
0.40163692604438656,k-NN,Instance based,knn_regressor,0.4795540665817339,0.757112027514764,0.8701218463610507,4,projected,500,id_validation
0.54919785070574,k-NN,Instance based,knn_regressor,0.47552189734493244,0.43527370827091144,0.6597527629884633,4,raw,1450,id_validation
0.5010469125206188,k-NN,Instance based,knn_regressor,0.4283081192173236,0.46287899886911593,0.6803521138859759,4,projected,1450,id_validation
0.5780964700815742,k-NN,Instance based,knn_regressor,0.45795433557014764,0.4016711412187112,0.6337753081484883,4,raw,2400,id_validation
0.5431219712166526,k-NN,Instance based,knn_regressor,0.41002136530310235,0.4113413200419016,0.6413589634844917,4,projected,2400,id_validation
0.5915565417757687,k-NN,Instance based,knn_regressor,0.44873971354787867,0.389890915680513,0.6244124563784046,4,raw,3350,id_validation
0.5767768703795922,k-NN,Instance based,knn_regressor,0.40081356726929185,0.3918817230248933,0.6260045710894556,4,projected,3350,id_validation
0.5968384274187688,k-NN,Instance based,knn_regressor,0.4392923708503912,0.40911896120641283,0.6396240780383528,4,raw,4300,id_validation
0.6079383266411021,k-NN,Instance based,knn_regressor,0.3935903841959573,0.40159654259304717,0.6337164528344259,4,projected,4300,id_validation
0.6026426565751141,k-NN,Instance based,knn_regressor,0.43510785304328153,0.40588357476628706,0.6370899267499739,4,raw,5250,id_validation
0.5835628434309874,k-NN,Instance based,knn_regressor,0.39280320923329176,0.4400606230568316,0.6633706528456257,4,projected,5250,id_validation
0.610542094004902,k-NN,Instance based,knn_regressor,0.42644441729384197,0.3910551654992114,0.6253440377098125,4,raw,6200,id_validation
0.5475373075495036,k-NN,Instance based,knn_regressor,0.38740486719950995,0.4821028013630535,0.6943362307722776,4,projected,6200,id_validation
0.6177507252567167,k-NN,Instance based,knn_regressor,0.42307448221239946,0.3828776641629773,0.6187710918934217,4,raw,7150,id_validation
0.5599967954547241,k-NN,Instance based,knn_regressor,0.3826011843033412,0.45747495174916414,0.6763689464701673,4,projected,7150,id_validation
0.6227272767977454,k-NN,Instance based,knn_regressor,0.41870268259889304,0.3795944043564798,0.6161123309563604,4,raw,8100,id_validation
0.5787557730073114,k-NN,Instance based,knn_regressor,0.3783922677257,0.44024108001721607,0.6635066540866158,4,projected,8100,id_validation
0.6263750521232053,k-NN,Instance based,knn_regressor,0.41645475854737785,0.3769703488530801,0.6139791110885452,4,raw,9050,id_validation
0.5887498438786255,k-NN,Instance based,knn_regressor,0.3761736027494529,0.42798905065529635,0.6542087210174566,4,projected,9050,id_validation
0.6338947152639667,k-NN,Instance based,knn_regressor,0.4115033614711065,0.36700970239996467,0.6058132570355031,4,raw,10000,id_validation
0.602415093253797,k-NN,Instance based,knn_regressor,0.37112493404918523,0.4102119817665782,0.6404779323025721,4,projected,10000,id_validation
0.44618875627230886,PLS,Interpretable models,pls_regressor,0.5264890552950592,0.497234708244772,0.7051487135667001,0,raw,500,id_validation
0.5434018410235228,PLS,Interpretable models,pls_regressor,0.43321329779767936,0.4084066936298982,0.6390670494008419,0,projected,500,id_validation
0.46577718582332983,PLS,Interpretable models,pls_regressor,0.533703205350097,0.5585315238346324,0.7473496663775481,0,raw,1450,id_validation
0.5653292393028277,PLS,Interpretable models,pls_regressor,0.4294810294194007,0.4613320755318528,0.6792143075140958,0,projected,1450,id_validation
0.46981590519901273,PLS,Interpretable models,pls_regressor,0.523284165190379,0.5152180103151665,0.7177868836327161,0,raw,2400,id_validation
0.5704535874655313,PLS,Interpretable models,pls_regressor,0.42408638478501304,0.4194198796962085,0.647626342651539,0,projected,2400,id_validation
0.4725283788837363,PLS,Interpretable models,pls_regressor,0.53193099346841,0.5322613005150391,0.7295624034412951,0,raw,3350,id_validation
0.5642770184963443,PLS,Interpretable models,pls_regressor,0.4359491570076836,0.442038182391398,0.66485952079473,0,projected,3350,id_validation
0.4718809084638281,PLS,Interpretable models,pls_regressor,0.5271652047976471,0.5223703999004347,0.7227519629170402,0,raw,4300,id_validation
0.5063561090652108,PLS,Interpretable models,pls_regressor,0.43934831035969435,0.49513958399889935,0.7036615550098636,0,projected,4300,id_validation
0.47248246238693115,PLS,Interpretable models,pls_regressor,0.5301526184878007,0.5226913206727919,0.7229739419044036,0,raw,5250,id_validation
0.5080824400101674,PLS,Interpretable models,pls_regressor,0.4406354914892072,0.48881203693920666,0.6991509400259766,0,projected,5250,id_validation
0.47488453287694365,PLS,Interpretable models,pls_regressor,0.5282747220094184,0.5250525742030363,0.7246051160480695,0,raw,6200,id_validation
0.521927911610661,PLS,Interpretable models,pls_regressor,0.43706683819578873,0.4818178275337123,0.6941309873026217,0,projected,6200,id_validation
0.4772236085233567,PLS,Interpretable models,pls_regressor,0.524505299027526,0.5230486929037537,0.7232210539688081,0,raw,7150,id_validation
0.5313498944665815,PLS,Interpretable models,pls_regressor,0.4373312916494826,0.4718000715277157,0.686877042510314,0,projected,7150,id_validation
0.4783102174814199,PLS,Interpretable models,pls_regressor,0.5248083572415949,0.5205226882677616,0.721472583171226,0,raw,8100,id_validation
0.4820121286300526,PLS,Interpretable models,pls_regressor,0.4387262073358573,0.5204625103721423,0.7214308770576308,0,projected,8100,id_validation
0.4783414937608773,PLS,Interpretable models,pls_regressor,0.5214268112268877,0.5109967376763369,0.7148403581754019,0,raw,9050,id_validation
0.45069940772412737,PLS,Interpretable models,pls_regressor,0.4379090682387743,0.526485986091732,0.7255935405526514,0,projected,9050,id_validation
0.4772298470178396,PLS,Interpretable models,pls_regressor,0.5222084640041179,0.5107992095439394,0.7147021824116249,0,raw,10000,id_validation
0.4569694913118513,PLS,Interpretable models,pls_regressor,0.43820495124238024,0.5083270095245142,0.7129705530556744,0,projected,10000,id_validation
0.4657758751569534,PLS,Interpretable models,pls_regressor,0.545812983200957,0.550558142366859,0.7419960527973575,1,raw,500,id_validation
0.5432590843472835,PLS,Interpretable models,pls_regressor,0.45198886333865473,0.4771863222947779,0.6907867415453035,1,projected,500,id_validation
0.45308980961165196,PLS,Interpretable models,pls_regressor,0.5506789779882334,0.5865083029531378,0.7658383007875342,1,raw,1450,id_validation
0.5191742537957247,PLS,Interpretable models,pls_regressor,0.4489695608491844,0.5626115685000079,0.7500743753122139,1,projected,1450,id_validation
0.46438567864746083,PLS,Interpretable models,pls_regressor,0.5509987815187408,0.6245102661875411,0.7902596194843446,1,raw,2400,id_validation
0.5519196004692695,PLS,Interpretable models,pls_regressor,0.44634622345370983,0.5810574534222714,0.7622712466191227,1,projected,2400,id_validation
0.4647209660569507,PLS,Interpretable models,pls_regressor,0.5491710106892759,0.6010421361609596,0.7752690733938505,1,raw,3350,id_validation
0.5619303171419706,PLS,Interpretable models,pls_regressor,0.435979713712815,0.5386902702551386,0.7339552236036873,1,projected,3350,id_validation
0.47687585684205763,PLS,Interpretable models,pls_regressor,0.5373593349731188,0.554151729129807,0.7444136814499093,1,raw,4300,id_validation
0.5200009134353938,PLS,Interpretable models,pls_regressor,0.44120675410654453,0.5392137761274297,0.7343117703860055,1,projected,4300,id_validation
0.47399514802846365,PLS,Interpretable models,pls_regressor,0.5358265123863841,0.5495832180320732,0.7413388011105808,1,raw,5250,id_validation
0.5124166112833886,PLS,Interpretable models,pls_regressor,0.4464672767118985,0.5308611008712887,0.7286021554121898,1,projected,5250,id_validation
0.474445105702182,PLS,Interpretable models,pls_regressor,0.5356350971167997,0.5542514284867,0.7444806434600566,1,raw,6200,id_validation
0.5021072938032651,PLS,Interpretable models,pls_regressor,0.44495334403422493,0.5575177262604278,0.7466710964410153,1,projected,6200,id_validation
0.4761918829157171,PLS,Interpretable models,pls_regressor,0.5347039531978711,0.5429751475847404,0.7368684737351303,1,raw,7150,id_validation
0.5139031463195464,PLS,Interpretable models,pls_regressor,0.4407068183822342,0.5250772393558174,0.724622135568475,1,projected,7150,id_validation
0.4820505417953475,PLS,Interpretable models,pls_regressor,0.5288521664222089,0.5307753949573978,0.7285433377345495,1,raw,8100,id_validation
0.43740322773296986,PLS,Interpretable models,pls_regressor,0.44069196460702453,0.6077848066987125,0.7796055455797583,1,projected,8100,id_validation
0.48127794295245147,PLS,Interpretable models,pls_regressor,0.5252451910833897,0.5219170666463888,0.7224382787798476,1,raw,9050,id_validation
0.4339232774012009,PLS,Interpretable models,pls_regressor,0.44071654336726374,0.5751012730190637,0.7583543189163385,1,projected,9050,id_validation
0.48135527368839776,PLS,Interpretable models,pls_regressor,0.5234321676962456,0.527281770483762,0.7261417013804964,1,raw,10000,id_validation
0.47302391854518405,PLS,Interpretable models,pls_regressor,0.4399202525138431,0.5518043062113942,0.7428353156732616,1,projected,10000,id_validation
0.4348952528011075,PLS,Interpretable models,pls_regressor,0.5696165983484877,0.625148333765429,0.7906632239869444,2,raw,500,id_validation
0.5007624900843396,PLS,Interpretable models,pls_regressor,0.47363222334362615,0.5550619738396199,0.7450248142442102,2,projected,500,id_validation
0.46171058502998746,PLS,Interpretable models,pls_regressor,0.5447836742155396,0.5316731394843016,0.7291592003700574,2,raw,1450,id_validation
-0.36876732383163896,PLS,Interpretable models,pls_regressor,0.4580952518385484,0.7063351157951541,0.8404374550168228,2,projected,1450,id_validation
0.4688444031504767,PLS,Interpretable models,pls_regressor,0.5413493826824474,0.5294455257109096,0.7276300747707654,2,raw,2400,id_validation
0.07526241041909171,PLS,Interpretable models,pls_regressor,0.4561155864968017,0.6747020385211074,0.8214024826606671,2,projected,2400,id_validation
0.47240621524500204,PLS,Interpretable models,pls_regressor,0.5338244281442108,0.5133418775323573,0.7164788046637229,2,raw,3350,id_validation
-0.34183318390136336,PLS,Interpretable models,pls_regressor,0.45765601394012867,0.8937083537653248,0.9453614936971596,2,projected,3350,id_validation
0.4775632852464417,PLS,Interpretable models,pls_regressor,0.5297493843951141,0.5087729029567863,0.7132831856680671,2,raw,4300,id_validation
-0.21676153399370574,PLS,Interpretable models,pls_regressor,0.44749225108682356,0.7670920169175979,0.875837894200518,2,projected,4300,id_validation
0.4764274257225818,PLS,Interpretable models,pls_regressor,0.532753656598967,0.5209551934867157,0.7217722587400514,2,raw,5250,id_validation
0.17939731563632982,PLS,Interpretable models,pls_regressor,0.4505211471135453,0.6483370260327909,0.8051937816655013,2,projected,5250,id_validation
0.47814759158725195,PLS,Interpretable models,pls_regressor,0.5301788321569166,0.5119384374974192,0.7154987334002899,2,raw,6200,id_validation
0.11612743499902689,PLS,Interpretable models,pls_regressor,0.44439249135906106,0.6238836054933652,0.7898630295775118,2,projected,6200,id_validation
0.4792328314106523,PLS,Interpretable models,pls_regressor,0.5306107189389688,0.513818330288679,0.7168112236068008,2,raw,7150,id_validation
0.1165506858239405,PLS,Interpretable models,pls_regressor,0.4443983050100259,0.6447425927365127,0.8029586494561926,2,projected,7150,id_validation
0.4782024414909139,PLS,Interpretable models,pls_regressor,0.5309811153531862,0.5221332038347879,0.7225878519839563,2,raw,8100,id_validation
0.25548831719320264,PLS,Interpretable models,pls_regressor,0.4459021303466311,0.6493636105399132,0.805831006191691,2,projected,8100,id_validation
0.48127721058410733,PLS,Interpretable models,pls_regressor,0.5266101638058768,0.5265121281035081,0.7256115545548514,2,raw,9050,id_validation
0.3684101596510877,PLS,Interpretable models,pls_regressor,0.446002925999186,0.6112078385613684,0.7817978246077233,2,projected,9050,id_validation
0.48233066956827814,PLS,Interpretable models,pls_regressor,0.524213182977952,0.5305369405144971,0.728379667834363,2,raw,10000,id_validation
0.3932906257797472,PLS,Interpretable models,pls_regressor,0.4479016210696728,0.607200676900075,0.7792308238898632,2,projected,10000,id_validation
0.4481355653691419,PLS,Interpretable models,pls_regressor,0.5524573578128892,0.5245251223201289,0.7242410664413672,3,raw,500,id_validation
0.5414891233781478,PLS,Interpretable models,pls_regressor,0.4531499657078207,0.4291677275000715,0.65510894323011,3,projected,500,id_validation
0.4852513148270722,PLS,Interpretable models,pls_regressor,0.53276189860142,0.49888394248349605,0.7063171684756757,3,raw,1450,id_validation
0.3167423661501659,PLS,Interpretable models,pls_regressor,0.43945883012333115,0.5435400781291428,0.7372517060876447,3,projected,1450,id_validation
0.4727587373350423,PLS,Interpretable models,pls_regressor,0.5372294827426712,0.5129129717886728,0.7161794270911953,3,raw,2400,id_validation
0.45292335215207435,PLS,Interpretable models,pls_regressor,0.4393309819500913,0.4606281067723319,0.6786958868096461,3,projected,2400,id_validation
0.4701829410129369,PLS,Interpretable models,pls_regressor,0.5395063212803413,0.5168893975955977,0.7189502052267582,3,raw,3350,id_validation
0.03262533129410263,PLS,Interpretable models,pls_regressor,0.4449546436953209,0.6982956331597506,0.8356408517776944,3,projected,3350,id_validation
0.4697782645656455,PLS,Interpretable models,pls_regressor,0.5354369233279769,0.520943020857709,0.7217638262324519,3,raw,4300,id_validation
0.24726764880157948,PLS,Interpretable models,pls_regressor,0.44306981542211077,0.6608889894843875,0.8129507915516089,3,projected,4300,id_validation
0.4712403575766756,PLS,Interpretable models,pls_regressor,0.5297969136944817,0.5123863197560774,0.7158116510340394,3,raw,5250,id_validation
0.4000540480198316,PLS,Interpretable models,pls_regressor,0.4424401341469094,0.5413501508740862,0.7357650106345682,3,projected,5250,id_validation
0.47335555748219643,PLS,Interpretable models,pls_regressor,0.5279113986492014,0.5177289162397399,0.7195338186907826,3,raw,6200,id_validation
0.42969474831794596,PLS,Interpretable models,pls_regressor,0.4458210737360286,0.5317174339411788,0.729189573390335,3,projected,6200,id_validation
0.47677475810954195,PLS,Interpretable models,pls_regressor,0.5223004200015127,0.519493290145643,0.7207588293913874,3,raw,7150,id_validation
0.42871990283326944,PLS,Interpretable models,pls_regressor,0.4494915058158691,0.5568202834616952,0.7462039154692872,3,projected,7150,id_validation
0.48045315264979455,PLS,Interpretable models,pls_regressor,0.5184316608511088,0.5121670664277096,0.7156584844936232,3,raw,8100,id_validation
0.35914677144397655,PLS,Interpretable models,pls_regressor,0.4479075058386904,0.591627006319978,0.7691729365493679,3,projected,8100,id_validation
0.4806117662141709,PLS,Interpretable models,pls_regressor,0.5178787048158258,0.5202771948678017,0.7213024295451954,3,raw,9050,id_validation
0.47217992012819054,PLS,Interpretable models,pls_regressor,0.4462629251228335,0.5256876770811247,0.7250432242846799,3,projected,9050,id_validation
0.4788365432598079,PLS,Interpretable models,pls_regressor,0.5234869771381838,0.5158323333762421,0.7182146847400449,3,raw,10000,id_validation
0.47108078761830585,PLS,Interpretable models,pls_regressor,0.4428557985362152,0.5141986381681316,0.7170764521082335,3,projected,10000,id_validation
0.4571280390004242,PLS,Interpretable models,pls_regressor,0.5380164372823639,0.5738459124284859,0.7575261793684004,4,raw,500,id_validation
0.4889864818881552,PLS,Interpretable models,pls_regressor,0.44580338921247564,0.6119831371289922,0.7822935108570135,4,projected,500,id_validation
0.48174547844348214,PLS,Interpretable models,pls_regressor,0.5254943677709858,0.4944368923296028,0.7031620669017938,4,raw,1450,id_validation
0.5749041045637739,PLS,Interpretable models,pls_regressor,0.42712535273032737,0.40401836216313997,0.6356243876403265,4,projected,1450,id_validation
0.47315188727157176,PLS,Interpretable models,pls_regressor,0.5259748955398527,0.497764426970431,0.7055242213917471,4,raw,2400,id_validation
0.28267639201617584,PLS,Interpretable models,pls_regressor,0.42788936020866336,0.5821367121910669,0.7629788412472962,4,projected,2400,id_validation
0.4760620513722126,PLS,Interpretable models,pls_regressor,0.5214228427513089,0.49836849390790616,0.7059521895340407,4,raw,3350,id_validation
0.3159468305038235,PLS,Interpretable models,pls_regressor,0.4442612297875483,0.5948336878934665,0.7712546193660472,4,projected,3350,id_validation
0.4792544309855399,PLS,Interpretable models,pls_regressor,0.5228382200730114,0.5244359874428887,0.7241795270807431,4,raw,4300,id_validation
0.434940326247765,PLS,Interpretable models,pls_regressor,0.435000141485437,0.6146596903315964,0.7840023535242713,4,projected,4300,id_validation
0.4789517420119214,PLS,Interpretable models,pls_regressor,0.5229715476201167,0.5268622373957298,0.7258527656458503,4,raw,5250,id_validation
0.43156783666227955,PLS,Interpretable models,pls_regressor,0.4410569472301303,0.6258035353787004,0.7910774521996569,4,projected,5250,id_validation
0.4799909936715534,PLS,Interpretable models,pls_regressor,0.5191514027411712,0.5165671987877165,0.718726094411297,4,raw,6200,id_validation
0.3369938728234017,PLS,Interpretable models,pls_regressor,0.4405269214576611,0.7394461806221425,0.8599105654788424,4,projected,6200,id_validation
0.4813519296769214,PLS,Interpretable models,pls_regressor,0.5172089989531798,0.5151565872982999,0.7177440959689602,4,raw,7150,id_validation
0.3562109748600224,PLS,Interpretable models,pls_regressor,0.4416210789057153,0.6875343430523716,0.8291769069700214,4,projected,7150,id_validation
0.4824772905625818,PLS,Interpretable models,pls_regressor,0.5193928725324655,0.5162296626393621,0.7184912404750402,4,raw,8100,id_validation
0.39838387890096366,PLS,Interpretable models,pls_regressor,0.4373704534183553,0.647378802157299,0.8045985347720309,4,projected,8100,id_validation
0.48036167719241324,PLS,Interpretable models,pls_regressor,0.5210881370297495,0.51942449895894,0.7207111064489988,4,raw,9050,id_validation
0.44509171131957703,PLS,Interpretable models,pls_regressor,0.43748624404018305,0.5866089545107706,0.7659040112904296,4,projected,9050,id_validation
0.48097297652309,PLS,Interpretable models,pls_regressor,0.516924262227828,0.5159105027692181,0.7182691019173929,4,raw,10000,id_validation
0.4337388201190281,PLS,Interpretable models,pls_regressor,0.4369348967464044,0.5978373247259248,0.7731994081256948,4,projected,10000,id_validation
0.6784025361701975,Multi-task Elastic Net,Interpretable models,multitask_elastic_net_regressor,0.3369122158425148,0.27190560295204186,0.5214456855244292,0,raw,500,id_validation
0.7016196383472193,Multi-task Elastic Net,Interpretable models,multitask_elastic_net_regressor,0.3118162814431083,0.25274195510098335,0.5027344777325138,0,projected,500,id_validation
0.6971045266760733,Multi-task Elastic Net,Interpretable models,multitask_elastic_net_regressor,0.34051733028562575,0.3290376127085464,0.5736180024271784,0,raw,1450,id_validation
0.7211655609957923,Multi-task Elastic Net,Interpretable models,multitask_elastic_net_regressor,0.31100015434353334,0.30607802565528186,0.5532431885303983,0,projected,1450,id_validation
0.7093320736498917,Multi-task Elastic Net,Interpretable models,multitask_elastic_net_regressor,0.3313054306409891,0.28329269867638457,0.5322524764398796,0,raw,2400,id_validation
0.7296390704370772,Multi-task Elastic Net,Interpretable models,multitask_elastic_net_regressor,0.30465050863875914,0.2645150425836222,0.5143102590690003,0,projected,2400,id_validation
0.7126550514809785,Multi-task Elastic Net,Interpretable models,multitask_elastic_net_regressor,0.33542810009573876,0.2918495482482333,0.540231013778581,0,raw,3350,id_validation
0.7323184056662463,Multi-task Elastic Net,Interpretable models,multitask_elastic_net_regressor,0.3092915273887693,0.2728137356203051,0.5223157432246371,0,projected,3350,id_validation
0.7074592218167044,Multi-task Elastic Net,Interpretable models,multitask_elastic_net_regressor,0.3382623430210342,0.2865823352206734,0.5353338539833562,0,raw,4300,id_validation
0.7296415961245882,Multi-task Elastic Net,Interpretable models,multitask_elastic_net_regressor,0.31044464469544353,0.26542869519207246,0.5151977243661626,0,projected,4300,id_validation
0.7084327233876062,Multi-task Elastic Net,Interpretable models,multitask_elastic_net_regressor,0.34060486694856473,0.2863107784682373,0.5350801607873696,0,raw,5250,id_validation
0.7303375624115453,Multi-task Elastic Net,Interpretable models,multitask_elastic_net_regressor,0.3125268929696842,0.26470591850641584,0.5144957905623873,0,projected,5250,id_validation
0.7083900029720694,Multi-task Elastic Net,Interpretable models,multitask_elastic_net_regressor,0.3395672041170447,0.2913333265407591,0.5397530236513355,0,raw,6200,id_validation
0.7303677917471423,Multi-task Elastic Net,Interpretable models,multitask_elastic_net_regressor,0.3107688731196809,0.2694342116382531,0.519070526651488,0,projected,6200,id_validation
0.7088227214571985,Multi-task Elastic Net,Interpretable models,multitask_elastic_net_regressor,0.3406779679255341,0.2907274209380412,0.5391914510988107,0,raw,7150,id_validation
0.7316850505964186,Multi-task Elastic Net,Interpretable models,multitask_elastic_net_regressor,0.3110521963206254,0.2679156174578795,0.5176056582552778,0,projected,7150,id_validation
0.7097121250454224,Multi-task Elastic Net,Interpretable models,multitask_elastic_net_regressor,0.3399689486002565,0.28827724459905313,0.5369145598687496,0,raw,8100,id_validation
0.7323769241648462,Multi-task Elastic Net,Interpretable models,multitask_elastic_net_regressor,0.3105594084416373,0.2655736940594366,0.5153384267250373,0,projected,8100,id_validation
0.7106388043472076,Multi-task Elastic Net,Interpretable models,multitask_elastic_net_regressor,0.3380344589158536,0.2800077503165961,0.5291575855230615,0,raw,9050,id_validation
0.7334884622367159,Multi-task Elastic Net,Interpretable models,multitask_elastic_net_regressor,0.30872449696162546,0.25735073846981904,0.5072974851798686,0,projected,9050,id_validation
0.7106904511913612,Multi-task Elastic Net,Interpretable models,multitask_elastic_net_regressor,0.33886689057356584,0.2781549130023951,0.5274039372268613,0,raw,10000,id_validation
0.7332992779256479,Multi-task Elastic Net,Interpretable models,multitask_elastic_net_regressor,0.30933501140484143,0.25538665181452985,0.5053579442479655,0,projected,10000,id_validation
0.7198110948206997,Multi-task Elastic Net,Interpretable models,multitask_elastic_net_regressor,0.33781752844120094,0.2921092900192751,0.5404713591109848,1,raw,500,id_validation
0.7425782312394252,Multi-task Elastic Net,Interpretable models,multitask_elastic_net_regressor,0.311936594100612,0.2736623344762845,0.5231274552881778,1,projected,500,id_validation
0.7112381397892229,Multi-task Elastic Net,Interpretable models,multitask_elastic_net_regressor,0.3445683717624041,0.3219422669551931,0.5673995655225629,1,raw,1450,id_validation
0.734116783712892,Multi-task Elastic Net,Interpretable models,multitask_elastic_net_regressor,0.3141094316686439,0.30154202010505154,0.5491284185917276,1,projected,1450,id_validation
0.7129340616692872,Multi-task Elastic Net,Interpretable models,multitask_elastic_net_regressor,0.34763367598701506,0.36795639385111495,0.6065940931554765,1,raw,2400,id_validation
0.7338489349584407,Multi-task Elastic Net,Interpretable models,multitask_elastic_net_regressor,0.31839552738565363,0.34787604696250995,0.5898101787545803,1,projected,2400,id_validation
0.7137650143700285,Multi-task Elastic Net,Interpretable models,multitask_elastic_net_regressor,0.34602778817157265,0.3450200903721227,0.5873841080350427,1,raw,3350,id_validation
0.735085498761954,Multi-task Elastic Net,Interpretable models,multitask_elastic_net_regressor,0.31622667390800485,0.3238008794638549,0.5690350423865431,1,projected,3350,id_validation
0.714632029071096,Multi-task Elastic Net,Interpretable models,multitask_elastic_net_regressor,0.34193776856455604,0.30987623445574236,0.5566652804475436,1,raw,4300,id_validation
0.7377953091727173,Multi-task Elastic Net,Interpretable models,multitask_elastic_net_regressor,0.3109682182183555,0.2865870658239215,0.5353382723324772,1,projected,4300,id_validation
0.7153506118424328,Multi-task Elastic Net,Interpretable models,multitask_elastic_net_regressor,0.34049363177264647,0.3021548849969837,0.5496861695522125,1,raw,5250,id_validation
0.7375999884698385,Multi-task Elastic Net,Interpretable models,multitask_elastic_net_regressor,0.3106974713570149,0.2798758521535794,0.5290329405184325,1,projected,5250,id_validation
0.7128610045992164,Multi-task Elastic Net,Interpretable models,multitask_elastic_net_regressor,0.34279688048678664,0.3077788721463038,0.5547782188823781,1,raw,6200,id_validation
0.7350780893231893,Multi-task Elastic Net,Interpretable models,multitask_elastic_net_regressor,0.31314422805155795,0.28571137849513706,0.5345197643634303,1,projected,6200,id_validation
0.7142573043608201,Multi-task Elastic Net,Interpretable models,multitask_elastic_net_regressor,0.34009342236895107,0.29863840325430135,0.5464781818648402,1,raw,7150,id_validation
0.7359973176148278,Multi-task Elastic Net,Interpretable models,multitask_elastic_net_regressor,0.3111448965069585,0.27722245970923215,0.5265191921565938,1,projected,7150,id_validation
0.7151233141307066,Multi-task Elastic Net,Interpretable models,multitask_elastic_net_regressor,0.3392130303247504,0.29301596686274484,0.5413094926774745,1,raw,8100,id_validation
0.7365924323400701,Multi-task Elastic Net,Interpretable models,multitask_elastic_net_regressor,0.31042212598581104,0.2717737590298526,0.521319248666163,1,projected,8100,id_validation
0.7153487300363447,Multi-task Elastic Net,Interpretable models,multitask_elastic_net_regressor,0.33772479127706073,0.2841298254286937,0.5330382963996994,1,raw,9050,id_validation
0.7371765616575565,Multi-task Elastic Net,Interpretable models,multitask_elastic_net_regressor,0.3088889429361868,0.2625769093317651,0.5124225886236525,1,projected,9050,id_validation
0.7157480362190549,Multi-task Elastic Net,Interpretable models,multitask_elastic_net_regressor,0.3379717789560741,0.28878682383391513,0.5373888944088026,1,raw,10000,id_validation
0.737689741704463,Multi-task Elastic Net,Interpretable models,multitask_elastic_net_regressor,0.30881055736962926,0.26702882057458077,0.5167483145348234,1,projected,10000,id_validation
0.6815868000223033,Multi-task Elastic Net,Interpretable models,multitask_elastic_net_regressor,0.37741887768692584,0.3751134914723433,0.612465094084833,2,raw,500,id_validation
0.720532694200506,Multi-task Elastic Net,Interpretable models,multitask_elastic_net_regressor,0.3316445481430399,0.3329424512263048,0.5770116560575747,2,projected,500,id_validation
0.6974956111839228,Multi-task Elastic Net,Interpretable models,multitask_elastic_net_regressor,0.35013454195746435,0.29276534133846355,0.5410779438661897,2,raw,1450,id_validation
0.7234946110234406,Multi-task Elastic Net,Interpretable models,multitask_elastic_net_regressor,0.31843027604727603,0.26658069817890556,0.5163145341542358,2,projected,1450,id_validation
0.705280132396555,Multi-task Elastic Net,Interpretable models,multitask_elastic_net_regressor,0.34717435484566145,0.2894129194889,0.5379711139911696,2,raw,2400,id_validation
0.7304116104872557,Multi-task Elastic Net,Interpretable models,multitask_elastic_net_regressor,0.3159633721634515,0.2632607788144678,0.5130894452378335,2,projected,2400,id_validation
0.7071785589014411,Multi-task Elastic Net,Interpretable models,multitask_elastic_net_regressor,0.344515453538889,0.28032768155754517,0.5294598016446057,2,raw,3350,id_validation
0.7301113489349296,Multi-task Elastic Net,Interpretable models,multitask_elastic_net_regressor,0.31547116083242727,0.2569201716144259,0.5068729343873333,2,projected,3350,id_validation
0.7084416956843655,Multi-task Elastic Net,Interpretable models,multitask_elastic_net_regressor,0.34349218019989236,0.2805543421083751,0.5296738072704512,2,raw,4300,id_validation
0.731667117386281,Multi-task Elastic Net,Interpretable models,multitask_elastic_net_regressor,0.31441511409201356,0.2570988332519165,0.5070491428371776,2,projected,4300,id_validation
0.7096882319413395,Multi-task Elastic Net,Interpretable models,multitask_elastic_net_regressor,0.3447741610671817,0.2875918686736251,0.5362759258755003,2,raw,5250,id_validation
0.7316421680058032,Multi-task Elastic Net,Interpretable models,multitask_elastic_net_regressor,0.31640461145083437,0.26523541130018125,0.5150101079592334,2,projected,5250,id_validation
0.7103633929601225,Multi-task Elastic Net,Interpretable models,multitask_elastic_net_regressor,0.34324312426655545,0.28023326127331777,0.5293706275128209,2,raw,6200,id_validation
0.731888728474898,Multi-task Elastic Net,Interpretable models,multitask_elastic_net_regressor,0.3153978147709327,0.2586137398305194,0.5085407946571439,2,projected,6200,id_validation
0.7133483559593335,Multi-task Elastic Net,Interpretable models,multitask_elastic_net_regressor,0.34381520096836526,0.27965008099938743,0.5288195164698325,2,raw,7150,id_validation
0.7350572781674556,Multi-task Elastic Net,Interpretable models,multitask_elastic_net_regressor,0.31518793856050964,0.25759675223054346,0.5075399021067639,2,projected,7150,id_validation
0.7095527346117185,Multi-task Elastic Net,Interpretable models,multitask_elastic_net_regressor,0.3454043996324162,0.28951679945788,0.5380676532350556,2,raw,8100,id_validation
0.7311918329644221,Multi-task Elastic Net,Interpretable models,multitask_elastic_net_regressor,0.31671172369743844,0.26741414483031245,0.5171210156533115,2,projected,8100,id_validation
0.7093594367393793,Multi-task Elastic Net,Interpretable models,multitask_elastic_net_regressor,0.3442626633181722,0.295742989601313,0.5438225718019739,2,raw,9050,id_validation
0.7308116086736443,Multi-task Elastic Net,Interpretable models,multitask_elastic_net_regressor,0.3158365605991943,0.2737643645522183,0.5232249655284219,2,projected,9050,id_validation
0.7090666377341237,Multi-task Elastic Net,Interpretable models,multitask_elastic_net_regressor,0.34510033883644536,0.3004509845483638,0.5481340935832798,2,raw,10000,id_validation
0.7300948448215163,Multi-task Elastic Net,Interpretable models,multitask_elastic_net_regressor,0.3169226651455229,0.2788423005161861,0.5280552059360707,2,projected,10000,id_validation
0.6954892444039087,Multi-task Elastic Net,Interpretable models,multitask_elastic_net_regressor,0.3500661908147612,0.26233046497547174,0.5121820623327917,3,raw,500,id_validation
0.7246424002269295,Multi-task Elastic Net,Interpretable models,multitask_elastic_net_regressor,0.31845857830837726,0.2371330481238411,0.48696308702389457,3,projected,500,id_validation
0.7266304202771978,Multi-task Elastic Net,Interpretable models,multitask_elastic_net_regressor,0.3349169073224803,0.25753452377267266,0.5074785943984954,3,raw,1450,id_validation
0.747066429095734,Multi-task Elastic Net,Interpretable models,multitask_elastic_net_regressor,0.3074334791915068,0.2379733159779683,0.487825087483176,3,projected,1450,id_validation
0.7253852696627838,Multi-task Elastic Net,Interpretable models,multitask_elastic_net_regressor,0.3357816837748206,0.2611091141672967,0.5109883698943614,3,raw,2400,id_validation
0.7481090904014053,Multi-task Elastic Net,Interpretable models,multitask_elastic_net_regressor,0.30634399636992055,0.23945125799711367,0.4893375705963253,3,projected,2400,id_validation
0.7195374906139449,Multi-task Elastic Net,Interpretable models,multitask_elastic_net_regressor,0.3393043264104925,0.2686398172489051,0.5183047532571018,3,raw,3350,id_validation
0.742821207504877,Multi-task Elastic Net,Interpretable models,multitask_elastic_net_regressor,0.3092466171894886,0.2460787160800632,0.49606321782617907,3,projected,3350,id_validation
0.7152416538402734,Multi-task Elastic Net,Interpretable models,multitask_elastic_net_regressor,0.33781117991272847,0.275892436219715,0.5252546394080827,3,raw,4300,id_validation
0.7368388034851141,Multi-task Elastic Net,Interpretable models,multitask_elastic_net_regressor,0.3094981533063108,0.25489362973314117,0.5048699136739494,3,projected,4300,id_validation
0.7141918258704425,Multi-task Elastic Net,Interpretable models,multitask_elastic_net_regressor,0.3364556297167279,0.27154884918383504,0.5211034918169662,3,raw,5250,id_validation
0.7369512689571247,Multi-task Elastic Net,Interpretable models,multitask_elastic_net_regressor,0.307777003248598,0.2499193540991545,0.499919347594344,3,projected,5250,id_validation
0.7120141029240421,Multi-task Elastic Net,Interpretable models,multitask_elastic_net_regressor,0.33978099747723073,0.2805977418813515,0.5297147740825732,3,raw,6200,id_validation
0.7342306884040702,Multi-task Elastic Net,Interpretable models,multitask_elastic_net_regressor,0.31110597135695023,0.25887772756581356,0.5088002825921125,3,projected,6200,id_validation
0.7129252240933278,Multi-task Elastic Net,Interpretable models,multitask_elastic_net_regressor,0.33862018686319506,0.284242212096673,0.5331437067964631,3,raw,7150,id_validation
0.7340484759771331,Multi-task Elastic Net,Interpretable models,multitask_elastic_net_regressor,0.3111269009905912,0.26367287834830044,0.5134908746494922,3,projected,7150,id_validation
0.7142921691069627,Multi-task Elastic Net,Interpretable models,multitask_elastic_net_regressor,0.338257429390846,0.28023498994344187,0.5293722602700692,3,raw,8100,id_validation
0.73498755975335,Multi-task Elastic Net,Interpretable models,multitask_elastic_net_regressor,0.31112523408937603,0.2599772488878181,0.5098796415702612,3,projected,8100,id_validation
0.7140312780583455,Multi-task Elastic Net,Interpretable models,multitask_elastic_net_regressor,0.3383149403752953,0.28704449272670385,0.5357653336365688,3,raw,9050,id_validation
0.7339395789485186,Multi-task Elastic Net,Interpretable models,multitask_elastic_net_regressor,0.31166428822523573,0.2675762688457573,0.517277748260794,3,projected,9050,id_validation
0.7146951809858576,Multi-task Elastic Net,Interpretable models,multitask_elastic_net_regressor,0.3370445976541366,0.28190210539406263,0.530944540789396,3,raw,10000,id_validation
0.7343504397427746,Multi-task Elastic Net,Interpretable models,multitask_elastic_net_regressor,0.310587287877433,0.26272031010337815,0.5125624938516065,3,projected,10000,id_validation
0.7138515827325289,Multi-task Elastic Net,Interpretable models,multitask_elastic_net_regressor,0.34027550912757315,0.3259860589708381,0.5709518884904735,4,raw,500,id_validation
0.7425258213592919,Multi-task Elastic Net,Interpretable models,multitask_elastic_net_regressor,0.3063848130412765,0.301647708845279,0.5492246433339267,4,projected,500,id_validation
0.7147011458939401,Multi-task Elastic Net,Interpretable models,multitask_elastic_net_regressor,0.3376136081622166,0.272180419246836,0.5217091327999118,4,raw,1450,id_validation
0.7395773856836201,Multi-task Elastic Net,Interpretable models,multitask_elastic_net_regressor,0.3057892860875815,0.24783952633209427,0.4978348384073721,4,projected,1450,id_validation
0.7151507658107943,Multi-task Elastic Net,Interpretable models,multitask_elastic_net_regressor,0.3368479629665872,0.2673206521841305,0.517030610490453,4,raw,2400,id_validation
0.7388197376300603,Multi-task Elastic Net,Interpretable models,multitask_elastic_net_regressor,0.3059388869551458,0.24376781638084305,0.49372848447384826,4,projected,2400,id_validation
0.717636703149335,Multi-task Elastic Net,Interpretable models,multitask_elastic_net_regressor,0.33261883473895437,0.26553569095646035,0.5153015534194132,4,raw,3350,id_validation
0.7398693283008163,Multi-task Elastic Net,Interpretable models,multitask_elastic_net_regressor,0.30410375130699174,0.24406977451744555,0.49403418355154893,4,projected,3350,id_validation
0.7142554233870346,Multi-task Elastic Net,Interpretable models,multitask_elastic_net_regressor,0.33135735492602036,0.2949703827540308,0.5431117589907539,4,raw,4300,id_validation
0.734420894280799,Multi-task Elastic Net,Interpretable models,multitask_elastic_net_regressor,0.30457619957240195,0.2752957224653208,0.5246863086314725,4,projected,4300,id_validation
0.7141427975345876,Multi-task Elastic Net,Interpretable models,multitask_elastic_net_regressor,0.33218084838674805,0.29717048019936626,0.5451334517339459,4,raw,5250,id_validation
0.7341538946399095,Multi-task Elastic Net,Interpretable models,multitask_elastic_net_regressor,0.3052975666111245,0.277536775207301,0.5268175919683217,4,projected,5250,id_validation
0.7143818983972762,Multi-task Elastic Net,Interpretable models,multitask_elastic_net_regressor,0.3300850341139144,0.2893145202511239,0.5378796522003076,4,raw,6200,id_validation
0.7350427932208214,Multi-task Elastic Net,Interpretable models,multitask_elastic_net_regressor,0.3027902799572333,0.26965520734726567,0.5192833593976084,4,projected,6200,id_validation
0.7141091338810676,Multi-task Elastic Net,Interpretable models,multitask_elastic_net_regressor,0.33232549952925117,0.2889006284367161,0.537494770613367,4,raw,7150,id_validation
0.7344686871839191,Multi-task Elastic Net,Interpretable models,multitask_elastic_net_regressor,0.3050702259669318,0.2689338125283059,0.5185882880747558,4,projected,7150,id_validation
0.7130834865316678,Multi-task Elastic Net,Interpretable models,multitask_elastic_net_regressor,0.33298115063993144,0.290469451311291,0.5389521790579299,4,raw,8100,id_validation
0.7336292774650894,Multi-task Elastic Net,Interpretable models,multitask_elastic_net_regressor,0.3057997821670109,0.2704616638771137,0.520059288809568,4,projected,8100,id_validation
0.7137580079220692,Multi-task Elastic Net,Interpretable models,multitask_elastic_net_regressor,0.33331960041734443,0.2910445918764608,0.539485488105529,4,raw,9050,id_validation
0.73408876319963,Multi-task Elastic Net,Interpretable models,multitask_elastic_net_regressor,0.30609284276233395,0.2710096007419053,0.5205858245687307,4,projected,9050,id_validation
0.7141210976785894,Multi-task Elastic Net,Interpretable models,multitask_elastic_net_regressor,0.33215871120674745,0.28802033739217925,0.536675262511865,4,raw,10000,id_validation
0.7347857784262272,Multi-task Elastic Net,Interpretable models,multitask_elastic_net_regressor,0.3048435327441714,0.2680582255631342,0.517743397411434,4,projected,10000,id_validation
0.6785050158968098,Multi-task Lasso,Interpretable models,multitask_lasso_regressor,0.33686426942910136,0.27182500513837327,0.521368396758351,0,raw,500,id_validation
0.7016512044595379,Multi-task Lasso,Interpretable models,multitask_lasso_regressor,0.3117947575342243,0.25272276600272775,0.5027153926455085,0,projected,500,id_validation
0.6971460182373288,Multi-task Lasso,Interpretable models,multitask_lasso_regressor,0.34049567019821825,0.32900364963489065,0.5735883974026067,0,raw,1450,id_validation
0.7211237193833642,Multi-task Lasso,Interpretable models,multitask_lasso_regressor,0.31102419764444333,0.3061239549749634,0.5532846961329795,0,projected,1450,id_validation
0.7093505419288066,Multi-task Lasso,Interpretable models,multitask_lasso_regressor,0.3312952189677023,0.2832754328251324,0.5322362565864265,0,raw,2400,id_validation
0.7295757539350206,Multi-task Lasso,Interpretable models,multitask_lasso_regressor,0.3046895603992572,0.26457412161773153,0.5143676910710193,0,projected,2400,id_validation
0.7126603626673359,Multi-task Lasso,Interpretable models,multitask_lasso_regressor,0.3354235775111951,0.2918449855381263,0.5402267908370765,0,raw,3350,id_validation
0.7322453446753039,Multi-task Lasso,Interpretable models,multitask_lasso_regressor,0.3093367258161075,0.272883823344603,0.5223828321687103,0,projected,3350,id_validation
0.7074691235241428,Multi-task Lasso,Interpretable models,multitask_lasso_regressor,0.3382599788442668,0.2865750473044897,0.5353270470511364,0,raw,4300,id_validation
0.7295664061599435,Multi-task Lasso,Interpretable models,multitask_lasso_regressor,0.31049782198372594,0.26550146079160725,0.5152683386271733,0,projected,4300,id_validation
0.7084371102560151,Multi-task Lasso,Interpretable models,multitask_lasso_regressor,0.3406045022288203,0.28630767558156867,0.5350772613198664,0,raw,5250,id_validation
0.7302614043848811,Multi-task Lasso,Interpretable models,multitask_lasso_regressor,0.31257826625214147,0.26477957330801216,0.5145673651797324,0,projected,5250,id_validation
0.7083983177458012,Multi-task Lasso,Interpretable models,multitask_lasso_regressor,0.3395656945761619,0.29132631542431764,0.5397465288673171,0,raw,6200,id_validation
0.730292774923808,Multi-task Lasso,Interpretable models,multitask_lasso_regressor,0.31081892297204244,0.26950678736509837,0.5191404312564167,0,projected,6200,id_validation
0.7088341418066936,Multi-task Lasso,Interpretable models,multitask_lasso_regressor,0.34067594900161813,0.29071729118361384,0.5391820575497795,0,raw,7150,id_validation
0.7316116906674216,Multi-task Lasso,Interpretable models,multitask_lasso_regressor,0.3111033116954409,0.2679874969208049,0.5176750881786808,0,projected,7150,id_validation
0.7097213438811875,Multi-task Lasso,Interpretable models,multitask_lasso_regressor,0.33996558607328764,0.2882687439195419,0.5369066435792557,0,raw,8100,id_validation
0.7323035268192224,Multi-task Lasso,Interpretable models,multitask_lasso_regressor,0.3106094230898404,0.2656454340668665,0.5154080267776847,0,projected,8100,id_validation
0.710649057375649,Multi-task Lasso,Interpretable models,multitask_lasso_regressor,0.33803196461840135,0.27999856031845904,0.5291489018399821,0,raw,9050,id_validation
0.7334156701049604,Multi-task Lasso,Interpretable models,multitask_lasso_regressor,0.308775684504879,0.25742151015408943,0.5073672340170278,0,projected,9050,id_validation
0.7106996677689692,Multi-task Lasso,Interpretable models,multitask_lasso_regressor,0.3388638538180648,0.27814668769255013,0.5273961392469139,0,raw,10000,id_validation
0.7332263310201109,Multi-task Lasso,Interpretable models,multitask_lasso_regressor,0.30938707758076617,0.2554581922771273,0.5054287212625805,0,projected,10000,id_validation
0.7198047859321048,Multi-task Lasso,Interpretable models,multitask_lasso_regressor,0.33780831716950305,0.29210254499979477,0.540465119133321,1,raw,500,id_validation
0.7426080810427582,Multi-task Lasso,Interpretable models,multitask_lasso_regressor,0.3119057228481409,0.27362715470241616,0.5230938297307818,1,projected,500,id_validation
0.7112331865817261,Multi-task Lasso,Interpretable models,multitask_lasso_regressor,0.34456620955036854,0.32194344201856423,0.5674006010029988,1,raw,1450,id_validation
0.7341444557652153,Multi-task Lasso,Interpretable models,multitask_lasso_regressor,0.3140894165467931,0.301512128803086,0.5491012008756546,1,projected,1450,id_validation
0.7129336765668968,Multi-task Lasso,Interpretable models,multitask_lasso_regressor,0.3476296781571993,0.3679548362348667,0.6065928092508736,1,raw,2400,id_validation
0.7338760093249371,Multi-task Lasso,Interpretable models,multitask_lasso_regressor,0.31837572856968044,0.3478473129261234,0.5897858195363156,1,projected,2400,id_validation
0.7137653413823082,Multi-task Lasso,Interpretable models,multitask_lasso_regressor,0.3460226598122661,0.34501854200675497,0.5873827900158082,1,raw,3350,id_validation
0.7351128244943125,Multi-task Lasso,Interpretable models,multitask_lasso_regressor,0.31620710164866783,0.3237720140733475,0.5690096783652695,1,projected,3350,id_validation
0.7146314631565815,Multi-task Lasso,Interpretable models,multitask_lasso_regressor,0.3419327407502989,0.3098763902659573,0.5566654203971694,1,raw,4300,id_validation
0.7378224994870611,Multi-task Lasso,Interpretable models,multitask_lasso_regressor,0.31094902937567886,0.2865586153557095,0.5353116992516691,1,projected,4300,id_validation
0.7153509960686975,Multi-task Lasso,Interpretable models,multitask_lasso_regressor,0.34048807566659167,0.3021542246119836,0.5496855688591284,1,raw,5250,id_validation
0.737627069827105,Multi-task Lasso,Interpretable models,multitask_lasso_regressor,0.3106783723696305,0.2798477701567146,0.5290063989752057,1,projected,5250,id_validation
0.7128618678477393,Multi-task Lasso,Interpretable models,multitask_lasso_regressor,0.3427910962021272,0.30777737869846944,0.5547768728943822,1,raw,6200,id_validation
0.7351048604147742,Multi-task Lasso,Interpretable models,multitask_lasso_regressor,0.3131253318457003,0.2856833678824084,0.5344935620588974,1,projected,6200,id_validation
0.7142584548266487,Multi-task Lasso,Interpretable models,multitask_lasso_regressor,0.3400865287927679,0.29863690718677466,0.546476813036724,1,raw,7150,id_validation
0.7360247752545612,Multi-task Lasso,Interpretable models,multitask_lasso_regressor,0.3111248069630682,0.27719447978199646,0.5264926208238786,1,projected,7150,id_validation
0.7151248532310654,Multi-task Lasso,Interpretable models,multitask_lasso_regressor,0.33920681408349757,0.29301417908768745,0.5413078413321643,1,raw,8100,id_validation
0.7366199288806183,Multi-task Lasso,Interpretable models,multitask_lasso_regressor,0.3104025986089321,0.2717457773200943,0.5212924105721225,1,projected,8100,id_validation
0.7153498618208644,Multi-task Lasso,Interpretable models,multitask_lasso_regressor,0.3377186056136165,0.28412850654537947,0.5330370592607793,1,raw,9050,id_validation
0.7372040164836446,Multi-task Lasso,Interpretable models,multitask_lasso_regressor,0.30886947310707297,0.26254912405516234,0.5123954762243343,1,projected,9050,id_validation
0.7157488491367124,Multi-task Lasso,Interpretable models,multitask_lasso_regressor,0.33796620021567025,0.2887857571189521,0.5373879019097397,1,raw,10000,id_validation
0.7377171915573171,Multi-task Lasso,Interpretable models,multitask_lasso_regressor,0.30879100423746597,0.26700078589414644,0.5167211877735869,1,projected,10000,id_validation
0.6815561635829591,Multi-task Lasso,Interpretable models,multitask_lasso_regressor,0.37743232204867094,0.37513362137835793,0.6124815273772409,2,raw,500,id_validation
0.7205465580510217,Multi-task Lasso,Interpretable models,multitask_lasso_regressor,0.33163343116729826,0.3329173115011117,0.5769898712292199,2,projected,500,id_validation
0.6974803734802124,Multi-task Lasso,Interpretable models,multitask_lasso_regressor,0.3501369158381932,0.29277172041393373,0.5410838386183178,2,raw,1450,id_validation
0.7235091489836789,Multi-task Lasso,Interpretable models,multitask_lasso_regressor,0.318417916324648,0.266559622942136,0.5162941244505267,2,projected,1450,id_validation
0.705273350351205,Multi-task Lasso,Interpretable models,multitask_lasso_regressor,0.3471730581984136,0.28941672044470457,0.5379746466560525,2,raw,2400,id_validation
0.7304310635080966,Multi-task Lasso,Interpretable models,multitask_lasso_regressor,0.3159483789261456,0.2632380851662988,0.5130673300516209,2,projected,2400,id_validation
0.7071745512688647,Multi-task Lasso,Interpretable models,multitask_lasso_regressor,0.3445129747987931,0.28032979406595904,0.5294617966066665,2,raw,3350,id_validation
0.7301320633662951,Multi-task Lasso,Interpretable models,multitask_lasso_regressor,0.315455616723718,0.2568974669369772,0.5068505370787104,2,projected,3350,id_validation
0.7084377264576528,Multi-task Lasso,Interpretable models,multitask_lasso_regressor,0.34348906680889363,0.280555739087549,0.5296751259853053,2,raw,4300,id_validation
0.7316874460128723,Multi-task Lasso,Interpretable models,multitask_lasso_regressor,0.31440005609488825,0.2570762806489296,0.5070269032792339,2,projected,4300,id_validation
0.7096875353274236,Multi-task Lasso,Interpretable models,multitask_lasso_regressor,0.34477055767536635,0.287590959500103,0.5362750782015727,2,raw,5250,id_validation
0.7316646371896537,Multi-task Lasso,Interpretable models,multitask_lasso_regressor,0.31638874424436375,0.2652114398641968,0.5149868346513305,2,projected,5250,id_validation
0.7103636262254354,Multi-task Lasso,Interpretable models,multitask_lasso_regressor,0.34323765891175007,0.2802312177329806,0.5293686973490033,2,raw,6200,id_validation
0.7319112799746073,Multi-task Lasso,Interpretable models,multitask_lasso_regressor,0.3153808035903277,0.2585897231456975,0.5085171807773042,2,projected,6200,id_validation
0.7133492661524119,Multi-task Lasso,Interpretable models,multitask_lasso_regressor,0.34380970063014443,0.27964803785491693,0.5288175846687749,2,raw,7150,id_validation
0.7350803890198164,Multi-task Lasso,Interpretable models,multitask_lasso_regressor,0.3151708596894826,0.2575723763856505,0.507515887815988,2,projected,7150,id_validation
0.7095537357841076,Multi-task Lasso,Interpretable models,multitask_lasso_regressor,0.34539901133563844,0.2895152445812595,0.5380662083621861,2,raw,8100,id_validation
0.7312153744764387,Multi-task Lasso,Interpretable models,multitask_lasso_regressor,0.31669482495556106,0.2673896926661522,0.5170973725190955,2,projected,8100,id_validation
0.7093602516773997,Multi-task Lasso,Interpretable models,multitask_lasso_regressor,0.34425790307497356,0.2957416993066476,0.5438213854811592,2,raw,9050,id_validation
0.7308354928770859,Multi-task Lasso,Interpretable models,multitask_lasso_regressor,0.3158194975205805,0.27373936095679974,0.5232010712496676,2,projected,9050,id_validation
0.7090681987354707,Multi-task Lasso,Interpretable models,multitask_lasso_regressor,0.34509482235067146,0.300448982353787,0.5481322672072745,2,raw,10000,id_validation
0.7301191370182181,Multi-task Lasso,Interpretable models,multitask_lasso_regressor,0.3169050688556841,0.27881687462616483,0.5280311303570698,2,projected,10000,id_validation
0.6955048153080327,Multi-task Lasso,Interpretable models,multitask_lasso_regressor,0.35006164857382804,0.26232165550629033,0.5121734623213998,3,raw,500,id_validation
0.7246421775843026,Multi-task Lasso,Interpretable models,multitask_lasso_regressor,0.31846217237241453,0.23713939346870883,0.48696960220193297,3,projected,500,id_validation
0.7266341145344253,Multi-task Lasso,Interpretable models,multitask_lasso_regressor,0.3349141867964442,0.25753178535332943,0.507475896327431,3,raw,1450,id_validation
0.7470586389050722,Multi-task Lasso,Interpretable models,multitask_lasso_regressor,0.3074387289240722,0.2379822530548846,0.4878342475215169,3,projected,1450,id_validation
0.7253891093282256,Multi-task Lasso,Interpretable models,multitask_lasso_regressor,0.33578050739388027,0.26110597496693183,0.5109852981905956,3,raw,2400,id_validation
0.7481015882811618,Multi-task Lasso,Interpretable models,multitask_lasso_regressor,0.30634988522354284,0.23945970250562054,0.48934619903052334,3,projected,2400,id_validation
0.7195389996423791,Multi-task Lasso,Interpretable models,multitask_lasso_regressor,0.3393034187265315,0.2686390541019528,0.5183040170613699,3,raw,3350,id_validation
0.7428120539037535,Multi-task Lasso,Interpretable models,multitask_lasso_regressor,0.30925222799586544,0.24608909787089928,0.49607368189705375,3,projected,3350,id_validation
0.7152430785744927,Multi-task Lasso,Interpretable models,multitask_lasso_regressor,0.33780868143981674,0.2758914389452736,0.5252536900824911,3,raw,4300,id_validation
0.7368295080414115,Multi-task Lasso,Interpretable models,multitask_lasso_regressor,0.3095023574948866,0.2549036094411499,0.5048797970221723,3,projected,4300,id_validation
0.714195542244694,Multi-task Lasso,Interpretable models,multitask_lasso_regressor,0.3364518007790755,0.27154533749817716,0.5211001223355999,3,raw,5250,id_validation
0.7369439520755545,Multi-task Lasso,Interpretable models,multitask_lasso_regressor,0.3077798535007485,0.24992713744724002,0.4999271321375146,3,projected,5250,id_validation
0.7120170816557727,Multi-task Lasso,Interpretable models,multitask_lasso_regressor,0.33977768544546727,0.28059497057799376,0.5297121582312357,3,raw,6200,id_validation
0.7342227162318926,Multi-task Lasso,Interpretable models,multitask_lasso_regressor,0.3111090319855332,0.2588862597180703,0.5088086671019572,3,projected,6200,id_validation
0.7129273966618579,Multi-task Lasso,Interpretable models,multitask_lasso_regressor,0.3386171790230216,0.2842401335141174,0.5331417574286574,3,raw,7150,id_validation
0.7340400774717729,Multi-task Lasso,Interpretable models,multitask_lasso_regressor,0.31113035285256185,0.2636816332525921,0.5134993994666324,3,projected,7150,id_validation
0.7142931377749335,Multi-task Lasso,Interpretable models,multitask_lasso_regressor,0.3382556505705271,0.28023408283962276,0.5293714034962814,3,raw,8100,id_validation
0.7349779714313929,Multi-task Lasso,Interpretable models,multitask_lasso_regressor,0.31113005095670704,0.2599871251631814,0.5098893263867968,3,projected,8100,id_validation
0.7140320211528195,Multi-task Lasso,Interpretable models,multitask_lasso_regressor,0.33831282515491184,0.28704377906367495,0.535764667614126,3,raw,9050,id_validation
0.7339300028345831,Multi-task Lasso,Interpretable models,multitask_lasso_regressor,0.31166882295035586,0.26758624197729175,0.517287388186965,3,projected,9050,id_validation
0.7146946319572741,Multi-task Lasso,Interpretable models,multitask_lasso_regressor,0.3370438238076048,0.28190264247312846,0.5309450465661474,3,raw,10000,id_validation
0.7343394552550893,Multi-task Lasso,Interpretable models,multitask_lasso_regressor,0.31059312662985256,0.2627315270248922,0.512573435738619,3,projected,10000,id_validation
0.7138594621282908,Multi-task Lasso,Interpretable models,multitask_lasso_regressor,0.34027135804841624,0.3259788091636008,0.5709455395776385,4,raw,500,id_validation
0.7425289616796249,Multi-task Lasso,Interpretable models,multitask_lasso_regressor,0.30638278645593586,0.3016440340898834,0.5492212979208685,4,projected,500,id_validation
0.7147048585629661,Multi-task Lasso,Interpretable models,multitask_lasso_regressor,0.33760930872774136,0.27217680526219334,0.5217056691873239,4,raw,1450,id_validation
0.7395767998078547,Multi-task Lasso,Interpretable models,multitask_lasso_regressor,0.30578814746459054,0.2478398003494898,0.49783511361643606,4,projected,1450,id_validation
0.715154514880732,Multi-task Lasso,Interpretable models,multitask_lasso_regressor,0.33684458773206294,0.2673173386936894,0.517027406134036,4,raw,2400,id_validation
0.7388202842586591,Multi-task Lasso,Interpretable models,multitask_lasso_regressor,0.3059376288022173,0.24376718222303823,0.4937278422603269,4,projected,2400,id_validation
0.71763960111641,Multi-task Lasso,Interpretable models,multitask_lasso_regressor,0.3326163150867743,0.26553305588096116,0.5152989965844695,4,raw,3350,id_validation
0.7398693303794126,Multi-task Lasso,Interpretable models,multitask_lasso_regressor,0.3041033400900427,0.24406963712849378,0.49403404450350763,4,projected,3350,id_validation
0.7142574538278532,Multi-task Lasso,Interpretable models,multitask_lasso_regressor,0.33135513156891927,0.2949685474285172,0.5431100693492225,4,raw,4300,id_validation
0.734420440993147,Multi-task Lasso,Interpretable models,multitask_lasso_regressor,0.3045764059968965,0.2752961390782237,0.5246867056427328,4,projected,4300,id_validation
0.7141448763962597,Multi-task Lasso,Interpretable models,multitask_lasso_regressor,0.3321787356335432,0.297168454420198,0.5451315936727553,4,raw,5250,id_validation
0.7341534185254497,Multi-task Lasso,Interpretable models,multitask_lasso_regressor,0.30529790549278496,0.27753709960051853,0.5268178998482479,4,projected,5250,id_validation
0.7143838076851967,Multi-task Lasso,Interpretable models,multitask_lasso_regressor,0.33008312256500816,0.2893127869611612,0.5378780409731942,4,raw,6200,id_validation
0.7350419061720868,Multi-task Lasso,Interpretable models,multitask_lasso_regressor,0.3027906916918785,0.2696559284503308,0.5192840537223639,4,projected,6200,id_validation
0.7141103726035553,Multi-task Lasso,Interpretable models,multitask_lasso_regressor,0.3323238542472623,0.2888994331381765,0.5374936586957808,4,raw,7150,id_validation
0.7344674394061006,Multi-task Lasso,Interpretable models,multitask_lasso_regressor,0.30507104597251977,0.26893491595244345,0.5185893519466471,4,projected,7150,id_validation
0.7130846876987852,Multi-task Lasso,Interpretable models,multitask_lasso_regressor,0.33297955174899024,0.2904683289090409,0.5389511377750685,4,raw,8100,id_validation
0.7336280597705577,Multi-task Lasso,Interpretable models,multitask_lasso_regressor,0.3058004300875389,0.2704627550920321,0.5200603379340056,4,projected,8100,id_validation
0.7137587619317478,Multi-task Lasso,Interpretable models,multitask_lasso_regressor,0.3333181616469759,0.29104389417481313,0.5394848414689825,4,raw,9050,id_validation
0.7340870404256437,Multi-task Lasso,Interpretable models,multitask_lasso_regressor,0.30609361469834323,0.27101114884329364,0.5205873114505324,4,projected,9050,id_validation
0.7141221973994296,Multi-task Lasso,Interpretable models,multitask_lasso_regressor,0.3321571691181733,0.2880193099656056,0.5366743052966162,4,raw,10000,id_validation
0.7347843172042059,Multi-task Lasso,Interpretable models,multitask_lasso_regressor,0.3048442448702214,0.26805949983970806,0.5177446280162722,4,projected,10000,id_validation
0.6777657671660987,MLP,Neural networks,ann_deep_regressor,0.35867029483000346,0.2769297585025215,0.5262411600231603,0,raw,500,id_validation
0.7207323378446264,MLP,Neural networks,ann_deep_regressor,0.3047228094778477,0.24030044763453046,0.4902044957306394,0,projected,500,id_validation
0.8861072193284961,MLP,Neural networks,ann_deep_regressor,0.1965458731910205,0.15274898097190345,0.39083114125144053,0,raw,1450,id_validation
0.8910490241087535,MLP,Neural networks,ann_deep_regressor,0.1747789300147957,0.14738747678460945,0.3839107666953474,0,projected,1450,id_validation
0.9364248554713972,MLP,Neural networks,ann_deep_regressor,0.13454425720157398,0.06842551955686747,0.2615827202948763,0,raw,2400,id_validation
0.9383809085552715,MLP,Neural networks,ann_deep_regressor,0.1213726124055755,0.06659091393940918,0.25805215352600563,0,projected,2400,id_validation
0.9535095826647808,MLP,Neural networks,ann_deep_regressor,0.10810207757405904,0.05367083654926373,0.23166967118995901,0,raw,3350,id_validation
0.9542440004826794,MLP,Neural networks,ann_deep_regressor,0.09904503166339344,0.052936441862807486,0.23007920780202518,0,projected,3350,id_validation
0.9708178056835127,MLP,Neural networks,ann_deep_regressor,0.09828734500451695,0.030079179300349843,0.1734335010900427,0,raw,4300,id_validation
0.9709784498901126,MLP,Neural networks,ann_deep_regressor,0.09135281670160521,0.029905349193443575,0.17293163155838082,0,projected,4300,id_validation
0.9734773091169883,MLP,Neural networks,ann_deep_regressor,0.08957264044490641,0.026901602868767756,0.1640170810274581,0,raw,5250,id_validation
0.974341899510493,MLP,Neural networks,ann_deep_regressor,0.08139954776835442,0.026007862814128382,0.16126953467449573,0,projected,5250,id_validation
0.970935979324906,MLP,Neural networks,ann_deep_regressor,0.0872564156018963,0.030578980084539468,0.17486846509459464,0,raw,6200,id_validation
0.9712540768778141,MLP,Neural networks,ann_deep_regressor,0.0804170442443732,0.030196179181144235,0.17377047845115762,0,projected,6200,id_validation
0.9786333649447091,MLP,Neural networks,ann_deep_regressor,0.08037739163011233,0.022289725112387252,0.14929743839861168,0,raw,7150,id_validation
0.979399757379586,MLP,Neural networks,ann_deep_regressor,0.07257578410912538,0.02150413203251576,0.14664287242316199,0,projected,7150,id_validation
0.9754786798414926,MLP,Neural networks,ann_deep_regressor,0.08392165173368064,0.02511554688524526,0.15847885311689147,0,raw,8100,id_validation
0.9762351426783425,MLP,Neural networks,ann_deep_regressor,0.07609620753539602,0.024331771562171412,0.15598644672589798,0,projected,8100,id_validation
0.9806895539705952,MLP,Neural networks,ann_deep_regressor,0.07574738516025681,0.018374731184420758,0.1355534255724316,0,raw,9050,id_validation
0.981008548477108,MLP,Neural networks,ann_deep_regressor,0.06910023865760974,0.018043653578453417,0.1343266674136354,0,projected,9050,id_validation
0.9820364618735453,MLP,Neural networks,ann_deep_regressor,0.07702906613460542,0.016672036244864182,0.12912023948577614,0,raw,10000,id_validation
0.9824651329038252,MLP,Neural networks,ann_deep_regressor,0.07036558322284861,0.01623263383154473,0.1274073539146965,0,projected,10000,id_validation
0.7297355510567041,MLP,Neural networks,ann_deep_regressor,0.3507190475918774,0.2606359409303143,0.5105251618973489,1,raw,500,id_validation
0.7725640182540418,MLP,Neural networks,ann_deep_regressor,0.293732001046464,0.22467582227498398,0.47399981252631734,1,projected,500,id_validation
0.8792521964297727,MLP,Neural networks,ann_deep_regressor,0.21104816283405642,0.16523721679516915,0.40649380904900523,1,raw,1450,id_validation
0.8862646840059561,MLP,Neural networks,ann_deep_regressor,0.1867836338139407,0.1564802163375994,0.39557580352898153,1,projected,1450,id_validation
0.9265705206272099,MLP,Neural networks,ann_deep_regressor,0.1501667841804023,0.14080621691907813,0.3752415447669383,1,raw,2400,id_validation
0.9291855531999657,MLP,Neural networks,ann_deep_regressor,0.13619555439533504,0.137911551333314,0.3713644454350928,1,projected,2400,id_validation
0.9515297184618741,MLP,Neural networks,ann_deep_regressor,0.11657622315480515,0.0807989399745159,0.28425154348660253,1,raw,3350,id_validation
0.9528793161570576,MLP,Neural networks,ann_deep_regressor,0.10578932146656782,0.07936521363719858,0.2817183232187757,1,projected,3350,id_validation
0.960669746986949,MLP,Neural networks,ann_deep_regressor,0.09928260608405004,0.05045456648112671,0.22462093954288123,1,raw,4300,id_validation
0.9614969164297822,MLP,Neural networks,ann_deep_regressor,0.09132003327344354,0.049640151923531835,0.22280070000682636,1,projected,4300,id_validation
0.9610944869548751,MLP,Neural networks,ann_deep_regressor,0.09884154195933198,0.047426183808172435,0.21777553537569924,1,raw,5250,id_validation
0.961954924126162,MLP,Neural networks,ann_deep_regressor,0.0904869366195683,0.046573553891192436,0.2158090681393913,1,projected,5250,id_validation
0.9632405028439528,MLP,Neural networks,ann_deep_regressor,0.09358004817483312,0.046315694451724676,0.2152108139748667,1,raw,6200,id_validation
0.9634714858423292,MLP,Neural networks,ann_deep_regressor,0.0870503808432999,0.04614330261317583,0.21480992205476876,1,projected,6200,id_validation
0.9739600517223488,MLP,Neural networks,ann_deep_regressor,0.08401168778731713,0.03067086244245411,0.17513098652852416,1,raw,7150,id_validation
0.9746821485249508,MLP,Neural networks,ann_deep_regressor,0.07588349998072844,0.02995314369245043,0.17306976539086896,1,projected,7150,id_validation
0.9678818360777599,MLP,Neural networks,ann_deep_regressor,0.08761885034460246,0.03649353280150336,0.19103280556360827,1,raw,8100,id_validation
0.9678149538665449,MLP,Neural networks,ann_deep_regressor,0.0823834468793275,0.03658344408863261,0.1912679902352524,1,projected,8100,id_validation
0.9779117416978643,MLP,Neural networks,ann_deep_regressor,0.07517046959342451,0.022637443636450823,0.15045744792615226,1,raw,9050,id_validation
0.978417991813944,MLP,Neural networks,ann_deep_regressor,0.06855728137850345,0.022127090180168008,0.14875177370427556,1,projected,9050,id_validation
0.9774221439883867,MLP,Neural networks,ann_deep_regressor,0.0759908988793501,0.024466590160364832,0.15641799819830463,1,raw,10000,id_validation
0.9778384456031146,MLP,Neural networks,ann_deep_regressor,0.07033026290671565,0.024059172907034423,0.15511019601249437,1,projected,10000,id_validation
0.6839964298248311,MLP,Neural networks,ann_deep_regressor,0.37657728872050295,0.32417859501582846,0.5693668369476997,2,raw,500,id_validation
-0.6123440450462986,MLP,Neural networks,ann_deep_regressor,0.34478831394507814,1.148061473032017,1.0714763053992455,2,projected,500,id_validation
0.858824171575907,MLP,Neural networks,ann_deep_regressor,0.20453572491944474,0.09611146184028971,0.3100184862879788,2,raw,1450,id_validation
0.8699785087923122,MLP,Neural networks,ann_deep_regressor,0.17890085314415838,0.0878273183191684,0.2963567416462268,2,projected,1450,id_validation
0.932286749698126,MLP,Neural networks,ann_deep_regressor,0.1298819132732736,0.050653006729181126,0.22506222857063582,2,raw,2400,id_validation
0.9347150413928045,MLP,Neural networks,ann_deep_regressor,0.11804574077249712,0.048446367280485035,0.22010535495640499,2,projected,2400,id_validation
0.95431280133208,MLP,Neural networks,ann_deep_regressor,0.11807615291724226,0.036880554384659564,0.19204310553794834,2,raw,3350,id_validation
0.9564736774938923,MLP,Neural networks,ann_deep_regressor,0.10599571372912546,0.03485573080204817,0.18669689553403981,2,projected,3350,id_validation
0.9573941450296182,MLP,Neural networks,ann_deep_regressor,0.11113858190947058,0.03187013892913303,0.17852209647305015,2,raw,4300,id_validation
0.959427142708025,MLP,Neural networks,ann_deep_regressor,0.09873848329178019,0.030088392255340168,0.17346005953919238,2,projected,4300,id_validation
0.9733469007437796,MLP,Neural networks,ann_deep_regressor,0.09082030859729778,0.02220553383626769,0.14901521343898982,2,raw,5250,id_validation
0.9315368680523921,MLP,Neural networks,ann_deep_regressor,0.0832575510414503,0.04545194204018539,0.21319461072031204,2,projected,5250,id_validation
0.9715960400433478,MLP,Neural networks,ann_deep_regressor,0.09721463764875948,0.022870279780060485,0.1512292292516909,2,raw,6200,id_validation
0.9721706288450391,MLP,Neural networks,ann_deep_regressor,0.08869776431692974,0.022328902110427092,0.14942858531896464,2,projected,6200,id_validation
0.9768547243150023,MLP,Neural networks,ann_deep_regressor,0.08355972909135025,0.01853909562602044,0.13615834761783957,2,raw,7150,id_validation
0.9416682361445027,MLP,Neural networks,ann_deep_regressor,0.07722745506046268,0.036060522041783144,0.18989608221809934,2,projected,7150,id_validation
0.9756996156371734,MLP,Neural networks,ann_deep_regressor,0.08252430610850288,0.0209824317959722,0.14485313871632952,2,raw,8100,id_validation
0.975955943092506,MLP,Neural networks,ann_deep_regressor,0.07660714652160647,0.020698596462148236,0.14387006798548554,2,projected,8100,id_validation
0.9743630145869412,MLP,Neural networks,ann_deep_regressor,0.08619776431282049,0.024304463522765225,0.155898888779764,2,raw,9050,id_validation
0.9748450318504744,MLP,Neural networks,ann_deep_regressor,0.08007575527905735,0.023832222717688784,0.1543768853089373,2,projected,9050,id_validation
0.9750366224585294,MLP,Neural networks,ann_deep_regressor,0.07861173616501253,0.024289640773432843,0.15585134190449834,2,raw,10000,id_validation
0.9757997825448091,MLP,Neural networks,ann_deep_regressor,0.07028676776055363,0.02350696497109098,0.15331981271541842,2,projected,10000,id_validation
0.7624677470010093,MLP,Neural networks,ann_deep_regressor,0.3228938728359675,0.20858585021600365,0.4567119992030028,3,raw,500,id_validation
0.780615788007722,MLP,Neural networks,ann_deep_regressor,0.28672102760790424,0.19586828776206314,0.4425700936146309,3,projected,500,id_validation
0.8912372743947732,MLP,Neural networks,ann_deep_regressor,0.20251543078827566,0.09496430146231237,0.308162784031934,3,raw,1450,id_validation
0.8971310893618615,MLP,Neural networks,ann_deep_regressor,0.17857965031127693,0.08976065009392661,0.29960081791264626,3,projected,1450,id_validation
0.9379691254399557,MLP,Neural networks,ann_deep_regressor,0.15525272997562917,0.0540330613608813,0.23245012660973385,3,raw,2400,id_validation
0.9411515371496811,MLP,Neural networks,ann_deep_regressor,0.138461131813249,0.051194985163183035,0.22626308837983944,3,projected,2400,id_validation
0.9527011278278419,MLP,Neural networks,ann_deep_regressor,0.12747370696227656,0.03994405062234442,0.1998600776101731,3,raw,3350,id_validation
0.9550637563320665,MLP,Neural networks,ann_deep_regressor,0.11335223055121116,0.037759100010216304,0.1943170090604945,3,projected,3350,id_validation
0.9631521625565972,MLP,Neural networks,ann_deep_regressor,0.10787039344671477,0.03354188059591655,0.18314442551144314,3,raw,4300,id_validation
0.9642946135707604,MLP,Neural networks,ann_deep_regressor,0.09699334504955608,0.03245254401455143,0.1801458964688106,3,projected,4300,id_validation
0.9647945838849413,MLP,Neural networks,ann_deep_regressor,0.1032746068882191,0.031229661415367455,0.17671915972912347,3,raw,5250,id_validation
0.96529699230624,MLP,Neural networks,ann_deep_regressor,0.09383666157536082,0.030859119552298586,0.17566763945672687,3,projected,5250,id_validation
0.9686009819444683,MLP,Neural networks,ann_deep_regressor,0.09177524887959143,0.027718312483467962,0.16648817520613277,3,raw,6200,id_validation
0.9691095886700438,MLP,Neural networks,ann_deep_regressor,0.08384098910619299,0.02729657780690969,0.1652167600666158,3,projected,6200,id_validation
0.9742635488190412,MLP,Neural networks,ann_deep_regressor,0.090341503954408,0.024648885252941993,0.15699963456308422,3,raw,7150,id_validation
0.974604920358848,MLP,Neural networks,ann_deep_regressor,0.08263866571786395,0.02435374474417401,0.15605686381628336,3,projected,7150,id_validation
0.9779279969007673,MLP,Neural networks,ann_deep_regressor,0.08464943844072695,0.02037997858810334,0.14275846240452206,3,raw,8100,id_validation
0.9781995156358819,MLP,Neural networks,ann_deep_regressor,0.07745241373356104,0.020177131812863954,0.14204623125188487,3,projected,8100,id_validation
0.9761779568836731,MLP,Neural networks,ann_deep_regressor,0.09227898274569936,0.023415145985878492,0.15302008360303065,3,raw,9050,id_validation
0.9766660277545736,MLP,Neural networks,ann_deep_regressor,0.08416545595701279,0.02299958827215679,0.15165615144845523,3,projected,9050,id_validation
0.9754019122868727,MLP,Neural networks,ann_deep_regressor,0.08576810134121145,0.023245342311482724,0.15246423289244834,3,raw,10000,id_validation
0.9757300305917613,MLP,Neural networks,ann_deep_regressor,0.07832954107264917,0.02298937784334094,0.15162248462329372,3,projected,10000,id_validation
0.7363728719626262,MLP,Neural networks,ann_deep_regressor,0.3389834971708503,0.312902106614158,0.5593765338429545,4,raw,500,id_validation
0.7657861836189216,MLP,Neural networks,ann_deep_regressor,0.28586912067325126,0.2874337519052641,0.5361284845121215,4,projected,500,id_validation
0.8844532376874209,MLP,Neural networks,ann_deep_regressor,0.20983582993155142,0.10546466798988945,0.32475324169265724,4,raw,1450,id_validation
0.8923431870547939,MLP,Neural networks,ann_deep_regressor,0.1851890487184808,0.09804275159331284,0.31311779188240463,4,projected,1450,id_validation
0.9256817587343174,MLP,Neural networks,ann_deep_regressor,0.14995499895796524,0.06131634167312241,0.24762136756169167,4,raw,2400,id_validation
0.9292803305971601,MLP,Neural networks,ann_deep_regressor,0.1342849931365582,0.05791625949038006,0.2406579720067051,4,projected,2400,id_validation
0.9519439017053715,MLP,Neural networks,ann_deep_regressor,0.11901193094199065,0.04220714512244991,0.20544377606160258,4,raw,3350,id_validation
0.9539096120991687,MLP,Neural networks,ann_deep_regressor,0.10710262598907472,0.040271496165390976,0.20067759258420204,4,projected,3350,id_validation
0.955075761888619,MLP,Neural networks,ann_deep_regressor,0.10407350998384218,0.05268256161299604,0.2295268211190057,4,raw,4300,id_validation
0.956086739139472,MLP,Neural networks,ann_deep_regressor,0.09462995540781512,0.05163866047946892,0.22724141453412253,4,projected,4300,id_validation
0.9592109774028075,MLP,Neural networks,ann_deep_regressor,0.09563084095655462,0.04912300457306088,0.2216371010752958,4,raw,5250,id_validation
0.9556674870469657,MLP,Neural networks,ann_deep_regressor,0.08847468274401782,0.05394444887675622,0.23225944303032378,4,projected,5250,id_validation
0.9699752435297363,MLP,Neural networks,ann_deep_regressor,0.08695092081468767,0.03458479769864557,0.18596988384855645,4,raw,6200,id_validation
0.9708475425343803,MLP,Neural networks,ann_deep_regressor,0.0785209903303982,0.03371417776193795,0.18361420904150624,4,projected,6200,id_validation
0.9710662926771315,MLP,Neural networks,ann_deep_regressor,0.0898241520079603,0.03122215608695688,0.1766979232672441,4,raw,7150,id_validation
0.9718757554131108,MLP,Neural networks,ann_deep_regressor,0.08247934918163556,0.030393378959628275,0.17433696957222894,4,projected,7150,id_validation
0.975956756476345,MLP,Neural networks,ann_deep_regressor,0.07779834019379697,0.02679554958870312,0.16369346226622222,4,raw,8100,id_validation
0.9765256024760095,MLP,Neural networks,ann_deep_regressor,0.07153724579079064,0.02622273862442457,0.1619343651743649,4,projected,8100,id_validation
0.978094150872616,MLP,Neural networks,ann_deep_regressor,0.08414074813654576,0.02352221785488793,0.1533695466997537,4,raw,9050,id_validation
0.9787561604272794,MLP,Neural networks,ann_deep_regressor,0.07748751230118235,0.022835044392626083,0.1511126877288141,4,projected,9050,id_validation
0.9772428905207293,MLP,Neural networks,ann_deep_regressor,0.08143745830424141,0.02489868442402958,0.1577931697635534,4,raw,10000,id_validation
0.9776805702697284,MLP,Neural networks,ann_deep_regressor,0.0751995988986483,0.02443784483991281,0.1563260849631718,4,projected,10000,id_validation
0.12378165167919634,TabNet,Neural networks,tabnet_regressor,0.6787610233670661,0.8035485526114935,0.8964086973091534,0,raw,500,id_validation
0.09613278906043984,TabNet,Neural networks,tabnet_regressor,0.5866953637557146,0.8144147628644739,0.902449313183003,0,projected,500,id_validation
0.6143420705198988,TabNet,Neural networks,tabnet_regressor,0.4304059444850396,0.4100846546403167,0.6403785244996248,0,raw,1450,id_validation
0.6598317324215007,TabNet,Neural networks,tabnet_regressor,0.3526155874848118,0.3839094106574135,0.6196042371202876,0,projected,1450,id_validation
0.7682901002850031,TabNet,Neural networks,tabnet_regressor,0.31266951779493574,0.2246100631566665,0.4739304412639755,0,raw,2400,id_validation
0.7939859777752074,TabNet,Neural networks,tabnet_regressor,0.2679963479831112,0.20045950662136464,0.4477270447732241,0,projected,2400,id_validation
0.8085734681506297,TabNet,Neural networks,tabnet_regressor,0.295656619819391,0.19682769024558075,0.44365266847566776,0,raw,3350,id_validation
0.8050637607497089,TabNet,Neural networks,tabnet_regressor,0.2612688122746251,0.20577047830510062,0.4536193098900229,0,projected,3350,id_validation
0.8613895238903823,TabNet,Neural networks,tabnet_regressor,0.23971145423122878,0.13935198445615038,0.37329878710779435,0,raw,4300,id_validation
0.8600431455342212,TabNet,Neural networks,tabnet_regressor,0.21667165636028607,0.14122208124906963,0.3757952650700506,0,projected,4300,id_validation
0.8860856188814985,TabNet,Neural networks,tabnet_regressor,0.2273121440241409,0.11388924254597733,0.33747480283122966,0,raw,5250,id_validation
0.8935951162731717,TabNet,Neural networks,tabnet_regressor,0.20310977558965343,0.10587210424144695,0.32537993828975836,0,projected,5250,id_validation
0.8945042992831471,TabNet,Neural networks,tabnet_regressor,0.21138676139920837,0.10613647654129264,0.32578593668433975,0,raw,6200,id_validation
0.8748564844131872,TabNet,Neural networks,tabnet_regressor,0.1854918492139928,0.12837223643745896,0.35829071497522647,0,projected,6200,id_validation
0.9107311359965106,TabNet,Neural networks,tabnet_regressor,0.19181710269520053,0.09125073305092808,0.3020773626919569,0,raw,7150,id_validation
0.8574625968004101,TabNet,Neural networks,tabnet_regressor,0.16673944156523243,0.150786309062315,0.38831212839971274,0,projected,7150,id_validation
0.9071526856157032,TabNet,Neural networks,tabnet_regressor,0.19613965205706527,0.09353463987523812,0.305834334035991,0,raw,8100,id_validation
0.9136028491454748,TabNet,Neural networks,tabnet_regressor,0.1720035545223568,0.08697389702171117,0.29491337206324025,0,projected,8100,id_validation
0.9090862158010278,TabNet,Neural networks,tabnet_regressor,0.19904682381635638,0.08815718250742259,0.2969127523489394,0,raw,9050,id_validation
0.8229326782019939,TabNet,Neural networks,tabnet_regressor,0.17621279881453278,0.1649113812008606,0.4060928233801486,0,projected,9050,id_validation
0.9340423843334633,TabNet,Neural networks,tabnet_regressor,0.158472376768724,0.06288688540163988,0.25077257705267514,0,raw,10000,id_validation
0.9073136200085644,TabNet,Neural networks,tabnet_regressor,0.14248388530278186,0.0838875755507488,0.28963351938397736,0,projected,10000,id_validation
0.22084471864116062,TabNet,Neural networks,tabnet_regressor,0.6650944481411702,0.7930081951882989,0.8905100758488356,1,raw,500,id_validation
0.09074538449691756,TabNet,Neural networks,tabnet_regressor,0.5837005109288855,0.9035593619161427,0.9505573953823845,1,projected,500,id_validation
0.6643052686170318,TabNet,Neural networks,tabnet_regressor,0.40276262512374406,0.37917602431403213,0.6157727050739031,1,raw,1450,id_validation
0.5910261659464797,TabNet,Neural networks,tabnet_regressor,0.36011434415178695,0.5326935517814589,0.7298585834128821,1,projected,1450,id_validation
0.7992582899902104,TabNet,Neural networks,tabnet_regressor,0.3120292218867659,0.2593153486917922,0.5092301529679799,1,raw,2400,id_validation
0.8165241225418554,TabNet,Neural networks,tabnet_regressor,0.2705184867707822,0.2419089905435963,0.4918424448373649,1,projected,2400,id_validation
0.8362966409745773,TabNet,Neural networks,tabnet_regressor,0.2726502775284808,0.21348973591005052,0.4620494950868906,1,raw,3350,id_validation
0.8350992442298949,TabNet,Neural networks,tabnet_regressor,0.24190663026528442,0.21527564606357355,0.46397806636044076,1,projected,3350,id_validation
0.8776346661198368,TabNet,Neural networks,tabnet_regressor,0.22988654318497537,0.13776243490351028,0.37116362281817206,1,raw,4300,id_validation
0.8834365886472133,TabNet,Neural networks,tabnet_regressor,0.20303336768160624,0.13213521397770328,0.3635040769753529,1,projected,4300,id_validation
0.8682521372068301,TabNet,Neural networks,tabnet_regressor,0.23785471701344527,0.14559046106365167,0.3815631809591325,1,raw,5250,id_validation
0.8692105252130402,TabNet,Neural networks,tabnet_regressor,0.2156249315020012,0.14572325438931288,0.3817371535354044,1,projected,5250,id_validation
0.9043746428812731,TabNet,Neural networks,tabnet_regressor,0.19601747611749756,0.10785905499338924,0.3284190234949694,1,raw,6200,id_validation
0.9040659642912121,TabNet,Neural networks,tabnet_regressor,0.17408067635899813,0.10837408071571493,0.32920218820007097,1,projected,6200,id_validation
0.8757627558515895,TabNet,Neural networks,tabnet_regressor,0.2343167279422733,0.1371954762668667,0.3703990770329574,1,raw,7150,id_validation
0.8982746455956627,TabNet,Neural networks,tabnet_regressor,0.18189033769425755,0.11380368598007135,0.3373480190842557,1,projected,7150,id_validation
0.9035683624469257,TabNet,Neural networks,tabnet_regressor,0.18697089933913374,0.10333344829407845,0.3214552041794913,1,raw,8100,id_validation
0.9049261888315009,TabNet,Neural networks,tabnet_regressor,0.16506250819633295,0.10303468229404408,0.3209901591856736,1,projected,8100,id_validation
0.9017709654900294,TabNet,Neural networks,tabnet_regressor,0.20329088591091657,0.09909378176898738,0.3147916481881109,1,raw,9050,id_validation
0.9047020466034696,TabNet,Neural networks,tabnet_regressor,0.18069247452976173,0.09627392647056737,0.31028039975249383,1,projected,9050,id_validation
0.9260425073668189,TabNet,Neural networks,tabnet_regressor,0.1543140597343115,0.07894269762612133,0.2809674316110701,1,raw,10000,id_validation
0.9248162041530206,TabNet,Neural networks,tabnet_regressor,0.14496797023757127,0.08036912358100178,0.2834944859798895,1,projected,10000,id_validation
0.11259966635348125,TabNet,Neural networks,tabnet_regressor,0.7233855380675482,0.9653875220146999,0.9825413589334039,2,raw,500,id_validation
-1.05375897257518,TabNet,Neural networks,tabnet_regressor,0.6502262413125197,1.6791596861680336,1.2958239410383008,2,projected,500,id_validation
0.5643019786753712,TabNet,Neural networks,tabnet_regressor,0.464594810412708,0.4154894773841946,0.6445847325093844,2,raw,1450,id_validation
-0.8960414775354234,TabNet,Neural networks,tabnet_regressor,0.40005736428270894,0.7977594348226824,0.8931737987775293,2,projected,1450,id_validation
0.7392600106491747,TabNet,Neural networks,tabnet_regressor,0.3416206359253741,0.2423868519533634,0.4923279922504543,2,raw,2400,id_validation
0.4776275255456701,TabNet,Neural networks,tabnet_regressor,0.2903878777217754,0.35739345583570875,0.5978239338097034,2,projected,2400,id_validation
0.8207948819377687,TabNet,Neural networks,tabnet_regressor,0.28932066798897615,0.16845336560175891,0.4104307074303273,2,raw,3350,id_validation
0.6307574886215046,TabNet,Neural networks,tabnet_regressor,0.2604904501076217,0.2656065649497966,0.5153703182661926,2,projected,3350,id_validation
0.8320415427004211,TabNet,Neural networks,tabnet_regressor,0.2621609250982544,0.14691917602773177,0.38330037311191306,2,raw,4300,id_validation
0.8458629632360951,TabNet,Neural networks,tabnet_regressor,0.22749387096414175,0.13292039946947584,0.3645825002238531,2,projected,4300,id_validation
0.8695282718356253,TabNet,Neural networks,tabnet_regressor,0.23339563736777735,0.12153107736202748,0.3486130768660686,2,raw,5250,id_validation
0.8752145877728964,TabNet,Neural networks,tabnet_regressor,0.20723877948634764,0.11460157098621647,0.33852853791994625,2,projected,5250,id_validation
0.9008805377032729,TabNet,Neural networks,tabnet_regressor,0.19553725338361636,0.08372864613673699,0.2893590263612611,2,raw,6200,id_validation
0.9029412956334901,TabNet,Neural networks,tabnet_regressor,0.1789908054926836,0.08190395565427941,0.2861886714289708,2,projected,6200,id_validation
0.8930986307544349,TabNet,Neural networks,tabnet_regressor,0.2129801935467395,0.09445812738603089,0.30734040962104364,2,raw,7150,id_validation
0.7390968741975039,TabNet,Neural networks,tabnet_regressor,0.18243495344581215,0.1681426601122307,0.4100520212268569,2,projected,7150,id_validation
0.90873262421156,TabNet,Neural networks,tabnet_regressor,0.1907189172816958,0.08551797111953449,0.29243455869567553,2,raw,8100,id_validation
0.9126576035823393,TabNet,Neural networks,tabnet_regressor,0.1696087862298708,0.08155376748334586,0.285576202585835,2,projected,8100,id_validation
0.9239629440993129,TabNet,Neural networks,tabnet_regressor,0.17540098870429463,0.07534987188835567,0.2744993112711864,2,raw,9050,id_validation
0.9253724034027648,TabNet,Neural networks,tabnet_regressor,0.15930816303145817,0.07405735390031058,0.27213480832174075,2,projected,9050,id_validation
0.9437350419513726,TabNet,Neural networks,tabnet_regressor,0.15182620702757973,0.05630288255098915,0.2372822845283422,2,raw,10000,id_validation
0.9448352544435392,TabNet,Neural networks,tabnet_regressor,0.13598211609923244,0.055182047384594354,0.23490859367974248,2,projected,10000,id_validation
0.030599444282529392,TabNet,Neural networks,tabnet_regressor,0.7321041049908034,0.9178437877371984,0.9580416419640633,3,raw,500,id_validation
0.15084715291410494,TabNet,Neural networks,tabnet_regressor,0.6253881634590034,0.8154768862016062,0.9030375884765851,3,projected,500,id_validation
0.6257245115584879,TabNet,Neural networks,tabnet_regressor,0.43283349780238245,0.36361332808465446,0.6030035887825664,3,raw,1450,id_validation
0.4761006738856645,TabNet,Neural networks,tabnet_regressor,0.3717870939158526,0.4220822580785831,0.6496785805908819,3,projected,1450,id_validation
0.7623150472439422,TabNet,Neural networks,tabnet_regressor,0.3362870776880316,0.2252726418169769,0.4746289517264796,3,raw,2400,id_validation
0.7710204675078464,TabNet,Neural networks,tabnet_regressor,0.2815201942715232,0.20183873928619023,0.44926466507637813,3,projected,2400,id_validation
0.8390011862100113,TabNet,Neural networks,tabnet_regressor,0.2575782750338211,0.1476424026578167,0.3842426351380293,3,raw,3350,id_validation
0.8049843355194257,TabNet,Neural networks,tabnet_regressor,0.22633581838377784,0.16258827747662008,0.4032223672821488,3,projected,3350,id_validation
0.8905361256402419,TabNet,Neural networks,tabnet_regressor,0.21545000584321763,0.10491135689859717,0.3239002267652759,3,raw,4300,id_validation
0.8984378880355772,TabNet,Neural networks,tabnet_regressor,0.19101162484898285,0.09733010050089848,0.3119777243664978,3,projected,4300,id_validation
0.8946517491781394,TabNet,Neural networks,tabnet_regressor,0.20456126394580093,0.09788668346627682,0.31286847630638154,3,raw,5250,id_validation
0.8991957736378587,TabNet,Neural networks,tabnet_regressor,0.18684319182472756,0.0940453594037808,0.30666815844456496,3,projected,5250,id_validation
0.891918233054201,TabNet,Neural networks,tabnet_regressor,0.2135033833647677,0.10254236097328258,0.32022236176332625,3,raw,6200,id_validation
0.9041290771174806,TabNet,Neural networks,tabnet_regressor,0.1835531779811432,0.09102912655744366,0.30171033551644144,3,projected,6200,id_validation
0.9008309279936265,TabNet,Neural networks,tabnet_regressor,0.20289352434251426,0.0973460928474569,0.3120033539041799,3,raw,7150,id_validation
0.909235678547153,TabNet,Neural networks,tabnet_regressor,0.17718563734511142,0.08928569938101404,0.29880712739326354,3,projected,7150,id_validation
0.9310494784356832,TabNet,Neural networks,tabnet_regressor,0.1737387920341359,0.06640672708616063,0.2576950272825625,3,raw,8100,id_validation
0.9343669086131804,TabNet,Neural networks,tabnet_regressor,0.15396669234801458,0.06331987369184355,0.2516344048254204,3,projected,8100,id_validation
0.933232039443179,TabNet,Neural networks,tabnet_regressor,0.1728667290039141,0.06628983503057491,0.25746812430002847,3,raw,9050,id_validation
0.9342261307377762,TabNet,Neural networks,tabnet_regressor,0.1577189448300382,0.06563461463041655,0.25619253429875066,3,projected,9050,id_validation
0.9174369956391428,TabNet,Neural networks,tabnet_regressor,0.19593447356914695,0.08135100698368775,0.28522097921381545,3,raw,10000,id_validation
0.9254458717891072,TabNet,Neural networks,tabnet_regressor,0.16913184202854792,0.07366437150331831,0.27141181165033756,3,projected,10000,id_validation
0.09217689112479341,TabNet,Neural networks,tabnet_regressor,0.7106450027684318,0.9269518417857442,0.9627833825870408,4,raw,500,id_validation
0.03076918919906089,TabNet,Neural networks,tabnet_regressor,0.6091022008323695,1.185784689175261,1.0889374128825131,4,projected,500,id_validation
0.41188652057264025,TabNet,Neural networks,tabnet_regressor,0.5588664764612495,0.5698131651809412,0.7548596990043521,4,raw,1450,id_validation
0.11065502820292719,TabNet,Neural networks,tabnet_regressor,0.4703655659911692,0.7738306825983496,0.8796764647291353,4,projected,1450,id_validation
0.5544032013936476,TabNet,Neural networks,tabnet_regressor,0.46541911582915674,0.4199856994471518,0.648063036630814,4,raw,2400,id_validation
0.44764039810986633,TabNet,Neural networks,tabnet_regressor,0.3960052764002588,0.464767776362318,0.6817387889524242,4,projected,2400,id_validation
0.7902259810076118,TabNet,Neural networks,tabnet_regressor,0.3063431969744316,0.19831445138780712,0.4453251075201208,4,raw,3350,id_validation
0.814465659445454,TabNet,Neural networks,tabnet_regressor,0.26238670843573486,0.17394914002180473,0.41707210410408024,4,projected,3350,id_validation
0.8008534370965139,TabNet,Neural networks,tabnet_regressor,0.2919702380492411,0.206885005906352,0.4548461343205546,4,raw,4300,id_validation
0.8140086310073394,TabNet,Neural networks,tabnet_regressor,0.26263207806251887,0.19364458037061943,0.44005065659605536,4,projected,4300,id_validation
0.7933657970217545,TabNet,Neural networks,tabnet_regressor,0.30502436701530833,0.212687825868062,0.4611809036246644,4,raw,5250,id_validation
0.7973123101339723,TabNet,Neural networks,tabnet_regressor,0.26088879765922374,0.21706081729090437,0.4658978614362856,4,projected,5250,id_validation
0.8587411543041821,TabNet,Neural networks,tabnet_regressor,0.24376560489744406,0.1458189603130019,0.38186248874824286,4,raw,6200,id_validation
0.8720178088690742,TabNet,Neural networks,tabnet_regressor,0.21255715665866678,0.1325974772714304,0.36413936517689266,4,projected,6200,id_validation
0.8940722772178571,TabNet,Neural networks,tabnet_regressor,0.20481133249746875,0.1098981429606424,0.3315088882076051,4,raw,7150,id_validation
0.877510591260091,TabNet,Neural networks,tabnet_regressor,0.18345798516595052,0.13082976567823718,0.3617039752038083,4,projected,7150,id_validation
0.8526134530528591,TabNet,Neural networks,tabnet_regressor,0.2368085984713719,0.15161983384589936,0.3893839157514077,4,raw,8100,id_validation
0.8706703413391687,TabNet,Neural networks,tabnet_regressor,0.18171771870091274,0.14305428093949127,0.37822517227108415,4,projected,8100,id_validation
0.88415849771256,TabNet,Neural networks,tabnet_regressor,0.2156397075068667,0.12046189826580096,0.3470762139153315,4,raw,9050,id_validation
0.8890922823238963,TabNet,Neural networks,tabnet_regressor,0.19093352081313744,0.11527298704774024,0.3395187580204373,4,projected,9050,id_validation
0.9097059816612957,TabNet,Neural networks,tabnet_regressor,0.19322863229895781,0.0922374285665738,0.30370615496985537,4,raw,10000,id_validation
0.9150057772510429,TabNet,Neural networks,tabnet_regressor,0.1729249486456384,0.08667009669172715,0.2943978544278595,4,projected,10000,id_validation
