model,model_key,model_category,sample_size,outer_fold,prediction_type,conservation_l2_mean,conservation_l2_std,conservation_l2_median,conservation_l2_q95,conservation_l2_max,negative_standardized_l1_mean,negative_standardized_l1_q95,mass_violation_rate,nonnegative_violation_rate,standardized_displacement_l2_mean,backtracking_rate,backtracking_alpha_mean,backtracking_alpha_min
AdaBoost,adaboost_regressor,Boosting,10000,0,raw,5.473026890504999,2.0110678391812393,5.189870472739363,9.1490922162144,13.953992655760235,0.0,0.0,1.0,0.0,0.9056874648723572,0.003,0.9984634804280497,0.05948037084613757
AdaBoost,adaboost_regressor,Boosting,10000,0,projected,4.151762932196316e-14,2.0143079491499838e-14,3.616527476359785e-14,8.166899537354271e-14,1.4233041855511978e-13,0.0,0.0,0.0,0.0,0.9056874648723572,0.003,0.9984634804280497,0.05948037084613757
AdaBoost,adaboost_regressor,Boosting,10000,1,raw,5.740944690205261,2.0670908008811177,5.478409399062052,9.623249899135132,13.385982570339584,0.0,0.0,1.0,0.0,0.8673011267655202,0.0015,0.9996609631778092,0.6710480200879333
AdaBoost,adaboost_regressor,Boosting,10000,1,projected,4.1924281489817594e-14,2.101417735141002e-14,3.6230712748823524e-14,8.683368246702537e-14,1.4215294913627869e-13,0.0,0.0,0.0,0.0,0.8673011267655202,0.0015,0.9996609631778092,0.6710480200879333
AdaBoost,adaboost_regressor,Boosting,10000,2,raw,4.833791367368765,1.8012736572324943,4.647718492342887,8.143862437592242,11.90117687107252,0.0,0.0,1.0,0.0,0.9516514732474187,0.0045,0.9979860653190812,0.072594531309878
AdaBoost,adaboost_regressor,Boosting,10000,2,projected,4.2279709075737475e-14,2.0991735814422612e-14,3.6404482152219934e-14,8.674966056905799e-14,1.291742461454095e-13,0.0,0.0,0.0,0.0,0.9516514732474187,0.0045,0.9979860653190812,0.072594531309878
AdaBoost,adaboost_regressor,Boosting,10000,3,raw,5.526535403712707,1.9849386158502378,5.27650241887185,9.243711118084956,13.604129971396722,0.0,0.0,1.0,0.0,0.8994722123993047,0.003,0.9987591365500841,0.14092532007671044
AdaBoost,adaboost_regressor,Boosting,10000,3,projected,4.1143400435530385e-14,2.049050719838006e-14,3.6067043581494844e-14,8.563440298696854e-14,1.4596422619330084e-13,0.0,0.0,0.0,0.0,0.8994722123993047,0.003,0.9987591365500841,0.14092532007671044
AdaBoost,adaboost_regressor,Boosting,10000,4,raw,5.579530258944388,2.080038607067125,5.3272782062569926,9.268555491111227,14.85615906222514,0.0,0.0,1.0,0.0,0.8799573179835297,0.003,0.9982314108804811,0.0588022761576136
AdaBoost,adaboost_regressor,Boosting,10000,4,projected,4.180886164920172e-14,2.085035666670973e-14,3.677100938651384e-14,8.549057407719674e-14,1.467511591522657e-13,0.0,0.0,0.0,0.0,0.8799573179835297,0.003,0.9982314108804811,0.0588022761576136
AdaBoost,adaboost_regressor,Boosting,1450,0,raw,5.199346388568019,1.8464794346369136,5.275647261486265,8.262976744048194,13.14903350185123,0.0,0.0,1.0,0.0,0.8382263531608757,0.0034482758620689655,0.9996128405221509,0.8877237514237619
AdaBoost,adaboost_regressor,Boosting,1450,0,projected,4.313749974826747e-14,2.007006756280127e-14,3.867325122629824e-14,8.742464804811192e-14,1.0480505352461478e-13,0.0,0.0,0.0,0.0,0.8382263531608757,0.0034482758620689655,0.9996128405221509,0.8877237514237619
AdaBoost,adaboost_regressor,Boosting,1450,1,raw,5.3136869649444245,1.9955422473936295,4.985343077202593,8.952665989975037,12.773113720241426,0.0,0.0,1.0,0.0,0.9432001507381019,0.0,1.0,1.0
AdaBoost,adaboost_regressor,Boosting,1450,1,projected,4.0690493783710724e-14,1.881930052443225e-14,3.616527476359785e-14,6.965418820746418e-14,1.216285680077244e-13,0.0,0.0,0.0,0.0,0.9432001507381019,0.0,1.0,1.0
AdaBoost,adaboost_regressor,Boosting,1450,2,raw,4.676562464805823,1.8096065545796756,4.536410373097313,7.9990907300915195,10.526740093314617,0.0,0.0,1.0,0.0,0.9984966879106807,0.0034482758620689655,0.9968429660859576,0.08446016492769634
AdaBoost,adaboost_regressor,Boosting,1450,2,projected,4.4735855398695744e-14,2.2736313207224288e-14,3.837185614063806e-14,9.057264172178089e-14,1.4749378693111057e-13,0.0,0.0,0.0,0.0,0.9984966879106807,0.0034482758620689655,0.9968429660859576,0.08446016492769634
AdaBoost,adaboost_regressor,Boosting,1450,3,raw,4.975684969544247,1.808902864211733,4.804475866642885,8.61394451998329,10.315510839104244,0.0,0.0,1.0,0.0,0.8559874874546795,0.0,1.0,1.0
AdaBoost,adaboost_regressor,Boosting,1450,3,projected,4.2851984129312116e-14,2.208762051689978e-14,3.728185416167492e-14,8.798324963859027e-14,1.4246337553745592e-13,0.0,0.0,0.0,0.0,0.8559874874546795,0.0,1.0,1.0
AdaBoost,adaboost_regressor,Boosting,1450,4,raw,5.266236838682452,1.868130132120133,5.102740965579926,8.701675679235294,11.4627398209021,0.0,0.0,1.0,0.0,0.8831247869363514,0.006896551724137931,0.9975856694958581,0.45549188825482007
AdaBoost,adaboost_regressor,Boosting,1450,4,projected,4.219036302123271e-14,1.863546545051753e-14,3.6882884160046525e-14,8.09344181610073e-14,9.723018609551565e-14,0.0,0.0,0.0,0.0,0.8831247869363514,0.006896551724137931,0.9975856694958581,0.45549188825482007
AdaBoost,adaboost_regressor,Boosting,2400,0,raw,5.3545989090010835,1.893062015559754,5.191992713748677,8.684167127294566,13.923980658430626,0.0,0.0,1.0,0.0,0.8623242991536952,0.0,1.0,1.0
AdaBoost,adaboost_regressor,Boosting,2400,0,projected,4.1578557667259895e-14,1.9479359661204693e-14,3.6447795055286734e-14,7.441528513928837e-14,1.286970223665659e-13,0.0,0.0,0.0,0.0,0.8623242991536952,0.0,1.0,1.0
AdaBoost,adaboost_regressor,Boosting,2400,1,raw,5.631932228671121,1.9422936793670138,5.421447617019195,9.457027657082872,13.04945183656433,0.0,0.0,1.0,0.0,0.9494055240378975,0.004166666666666667,0.998825414569126,0.5749799000703147
AdaBoost,adaboost_regressor,Boosting,2400,1,projected,4.07474579689912e-14,1.945068128289219e-14,3.584213303706332e-14,7.686335767993977e-14,1.1837789118051587e-13,0.0,0.0,0.0,0.0,0.9494055240378975,0.004166666666666667,0.998825414569126,0.5749799000703147
AdaBoost,adaboost_regressor,Boosting,2400,2,raw,4.698872764613153,1.7362912911771766,4.5267764291825365,7.868113443037935,10.641925157284746,0.0,0.0,1.0,0.0,1.0456576149648462,0.008333333333333333,0.9949569324469428,0.07642577766121333
AdaBoost,adaboost_regressor,Boosting,2400,2,projected,4.3383048251436704e-14,2.2605194557935685e-14,3.900192943249989e-14,8.702975455866271e-14,1.532210747730338e-13,0.0,0.0,0.0,0.0,1.0456576149648462,0.008333333333333333,0.9949569324469428,0.07642577766121333
AdaBoost,adaboost_regressor,Boosting,2400,3,raw,5.315500563179652,1.8931090957711287,4.9657873454890975,9.056839252796433,11.337549540560383,0.0,0.0,1.0,0.0,0.8962386482435362,0.0020833333333333333,0.9982001252968586,0.1360601424921846
AdaBoost,adaboost_regressor,Boosting,2400,3,projected,4.143137889246379e-14,2.1452400014559785e-14,3.552713678800501e-14,8.563900649345822e-14,1.4325852613450219e-13,0.0,0.0,0.0,0.0,0.8962386482435362,0.0020833333333333333,0.9982001252968586,0.1360601424921846
AdaBoost,adaboost_regressor,Boosting,2400,4,raw,5.367066216734489,1.9621719594769649,5.059411817894217,8.898661538934828,13.80323405490954,0.0,0.0,1.0,0.0,0.8587601753034726,0.004166666666666667,0.9986599741569001,0.4990605797160784
AdaBoost,adaboost_regressor,Boosting,2400,4,projected,4.0864568835100233e-14,2.099820624783095e-14,3.5411537153006216e-14,8.529748227836029e-14,1.1912191218711845e-13,0.0,0.0,0.0,0.0,0.8587601753034726,0.004166666666666667,0.9986599741569001,0.4990605797160784
AdaBoost,adaboost_regressor,Boosting,3350,0,raw,5.390493113949407,1.9223059747887776,5.163427009321723,8.814586153937375,13.488173689937147,0.0,0.0,1.0,0.0,0.8766203997657063,0.0029850746268656717,0.9989270716164054,0.48860137651861096
AdaBoost,adaboost_regressor,Boosting,3350,0,projected,4.228311415412959e-14,2.068973681434061e-14,3.649095409298759e-14,8.646514978400682e-14,1.4229715989861826e-13,0.0,0.0,0.0,0.0,0.8766203997657063,0.0029850746268656717,0.9989270716164054,0.48860137651861096
AdaBoost,adaboost_regressor,Boosting,3350,1,raw,5.716947942320666,2.066680298092957,5.455653168079776,9.664968860408294,13.128819870188368,0.0,0.0,1.0,0.0,0.902310328479742,0.0029850746268656717,0.9993667697830917,0.6430021425643389
AdaBoost,adaboost_regressor,Boosting,3350,1,projected,4.0526711767511834e-14,2.018685432053763e-14,3.6230712748823524e-14,7.57832324127069e-14,1.4976278996213914e-13,0.0,0.0,0.0,0.0,0.902310328479742,0.0029850746268656717,0.9993667697830917,0.6430021425643389
AdaBoost,adaboost_regressor,Boosting,3350,2,raw,4.579100630708678,1.769553514003924,4.327370780440335,7.9412040139638185,10.677060964585637,0.0,0.0,1.0,0.0,0.9858155695279309,0.007462686567164179,0.9960604505453348,0.07663305740733554
AdaBoost,adaboost_regressor,Boosting,3350,2,projected,4.326285120740053e-14,2.1692548536500937e-14,3.802607052102695e-14,8.70632262528257e-14,1.4583446096433614e-13,0.0,0.0,0.0,0.0,0.9858155695279309,0.007462686567164179,0.9960604505453348,0.07663305740733554
AdaBoost,adaboost_regressor,Boosting,3350,3,raw,5.354389857521068,1.916562433568779,5.114055640979698,8.994491959326057,12.850036366455585,0.0,0.0,1.0,0.0,0.883888128623939,0.0014925373134328358,0.9987179408431596,0.14102036491689487
AdaBoost,adaboost_regressor,Boosting,3350,3,projected,4.122369815812255e-14,2.1461592703759147e-14,3.592459381734991e-14,8.645573284479488e-14,1.660299836536854e-13,0.0,0.0,0.0,0.0,0.883888128623939,0.0014925373134328358,0.9987179408431596,0.14102036491689487
AdaBoost,adaboost_regressor,Boosting,3350,4,raw,5.515080453366456,2.0618958763130824,5.260889955363447,9.130830320840053,14.316309322698512,0.0,0.0,1.0,0.0,0.8581864846505136,0.004477611940298508,0.99821627579935,0.44971825279609606
AdaBoost,adaboost_regressor,Boosting,3350,4,projected,3.953805946321325e-14,1.9406044609959023e-14,3.4882906232331596e-14,8.143456830185674e-14,1.2908337327210083e-13,0.0,0.0,0.0,0.0,0.8581864846505136,0.004477611940298508,0.99821627579935,0.44971825279609606
AdaBoost,adaboost_regressor,Boosting,4300,0,raw,5.4436730948209915,1.928994577317174,5.223753635896555,8.911176465823214,13.701189335866266,0.0,0.0,1.0,0.0,0.890757489123917,0.002325581395348837,0.9988610158066813,0.47543040549281956
AdaBoost,adaboost_regressor,Boosting,4300,0,projected,4.244874222872675e-14,2.090340114963468e-14,3.677100938651384e-14,8.566011925511928e-14,1.4299396722704293e-13,0.0,0.0,0.0,0.0,0.890757489123917,0.002325581395348837,0.9988610158066813,0.47543040549281956
AdaBoost,adaboost_regressor,Boosting,4300,1,raw,5.744167405026289,2.1177043761018983,5.46638949237988,9.81538179122922,13.048848342864781,0.0,0.0,1.0,0.0,0.8803058487919149,0.0011627906976744186,0.9996433543791499,0.693284766068911
AdaBoost,adaboost_regressor,Boosting,4300,1,projected,4.2553903887839015e-14,2.005493963484336e-14,3.7703095513107594e-14,8.165736664859327e-14,1.45140420328115e-13,0.0,0.0,0.0,0.0,0.8803058487919149,0.0011627906976744186,0.9996433543791499,0.693284766068911
AdaBoost,adaboost_regressor,Boosting,4300,2,raw,4.71098945134111,1.7680599272037876,4.481515828089513,8.09742116957531,11.00596875805314,0.0,0.0,1.0,0.0,0.9716486209043539,0.005813953488372093,0.9966531888531528,0.0707553854844945
AdaBoost,adaboost_regressor,Boosting,4300,2,projected,4.1831716798104636e-14,2.1118392512765633e-14,3.66205343881779e-14,8.68496459487008e-14,1.5335568147515107e-13,0.0,0.0,0.0,0.0,0.9716486209043539,0.005813953488372093,0.9966531888531528,0.0707553854844945
AdaBoost,adaboost_regressor,Boosting,4300,3,raw,5.435595372250083,1.924012340688296,5.277378071382694,9.13893808081475,12.492917188035747,0.0,0.0,1.0,0.0,0.8945122150107346,0.0034883720930232558,0.9986707818908316,0.13441920427024898
AdaBoost,adaboost_regressor,Boosting,4300,3,projected,4.1395163208617225e-14,2.0875859159689437e-14,3.5214902285927624e-14,8.580281545268338e-14,1.2814417116311057e-13,0.0,0.0,0.0,0.0,0.8945122150107346,0.0034883720930232558,0.9986707818908316,0.13441920427024898
AdaBoost,adaboost_regressor,Boosting,4300,4,raw,5.48800951471808,2.119414556504337,5.26693262009236,9.129612724550496,14.812978417619085,0.0,0.0,1.0,0.0,0.8513912061154968,0.0034883720930232558,0.9985881355923364,0.4561580091930601
AdaBoost,adaboost_regressor,Boosting,4300,4,projected,4.1645496292739486e-14,2.0118128927589577e-14,3.649095409298759e-14,8.219945676155544e-14,1.273978864787144e-13,0.0,0.0,0.0,0.0,0.8513912061154968,0.0034883720930232558,0.9985881355923364,0.4561580091930601
AdaBoost,adaboost_regressor,Boosting,500,0,raw,4.947001379015226,1.8125514141294394,4.655026852419015,7.856912654663325,9.297374146611027,0.0,0.0,1.0,0.0,0.8506002824113582,0.0,1.0,1.0
AdaBoost,adaboost_regressor,Boosting,500,0,projected,4.0716387796993805e-14,2.0660868426325237e-14,3.668282644263176e-14,7.335185598213222e-14,1.1501138925665548e-13,0.0,0.0,0.0,0.0,0.8506002824113582,0.0,1.0,1.0
AdaBoost,adaboost_regressor,Boosting,500,1,raw,5.575056051306162,1.6764293169567872,5.61806960553219,8.351841346907673,9.618492520156728,0.0,0.0,1.0,0.0,1.0298248378837358,0.0,1.0,1.0
AdaBoost,adaboost_regressor,Boosting,500,1,projected,4.0573974275915286e-14,1.7271913491180662e-14,3.666106624694997e-14,6.725568471858896e-14,9.651357194120269e-14,0.0,0.0,0.0,0.0,1.0298248378837358,0.0,1.0,1.0
AdaBoost,adaboost_regressor,Boosting,500,2,raw,4.879835152090435,1.7995760344099174,4.651618824374305,7.7789342797103505,10.225768285349167,0.0,0.0,1.0,0.0,0.9911011273399069,0.0,1.0,1.0
AdaBoost,adaboost_regressor,Boosting,500,2,projected,4.4687390550237164e-14,2.5197352697961592e-14,3.7311406450750584e-14,9.871413710174203e-14,1.2918645947178723e-13,0.0,0.0,0.0,0.0,0.9911011273399069,0.0,1.0,1.0
AdaBoost,adaboost_regressor,Boosting,500,3,raw,4.527141924751953,1.9625034089961746,3.942006341817761,8.146473030191501,11.34599451396452,0.0,0.0,1.0,0.0,0.86387772781177,0.0,1.0,1.0
AdaBoost,adaboost_regressor,Boosting,500,3,projected,3.788975695214798e-14,1.76666938497997e-14,3.461042264760282e-14,6.745564723049019e-14,1.0247593068766006e-13,0.0,0.0,0.0,0.0,0.86387772781177,0.0,1.0,1.0
AdaBoost,adaboost_regressor,Boosting,500,4,raw,5.227431974688886,2.0837143890415124,5.042241045310743,8.628876829837155,13.080788602943374,0.0,0.0,1.0,0.0,0.9569685105423297,0.01,0.9961214713197903,0.6121471319790299
AdaBoost,adaboost_regressor,Boosting,500,4,projected,4.036033989335207e-14,2.1863728512826738e-14,3.534725121120096e-14,8.607230172349674e-14,1.2153448724275027e-13,0.0,0.0,0.0,0.0,0.9569685105423297,0.01,0.9961214713197903,0.6121471319790299
AdaBoost,adaboost_regressor,Boosting,5250,0,raw,5.409755890604976,1.8782722157806553,5.089956359567033,8.756965848939817,13.673634717672748,0.0,0.0,1.0,0.0,0.8780692530825928,0.0019047619047619048,0.9990632263949534,0.4719722649486872
AdaBoost,adaboost_regressor,Boosting,5250,0,projected,4.3031470138619277e-14,2.1191153291882485e-14,3.7224089036823706e-14,8.565186421139999e-14,1.4518389506934106e-13,0.0,0.0,0.0,0.0,0.8780692530825928,0.0019047619047619048,0.9990632263949534,0.4719722649486872
AdaBoost,adaboost_regressor,Boosting,5250,1,raw,5.766323418157081,2.0762698019270616,5.490979757941065,9.475971170623538,13.204194792178008,0.0,0.0,1.0,0.0,0.8848591553908095,0.0019047619047619048,0.999635248046472,0.6956979277131164
AdaBoost,adaboost_regressor,Boosting,5250,1,projected,4.152227922073274e-14,1.9835063797111036e-14,3.749858493407618e-14,8.094258486452713e-14,1.448030485203074e-13,0.0,0.0,0.0,0.0,0.8848591553908095,0.0019047619047619048,0.999635248046472,0.6956979277131164
AdaBoost,adaboost_regressor,Boosting,5250,2,raw,4.686776118174197,1.7575902253744897,4.465924253054346,7.952290570937397,11.711378876523726,0.0,0.0,1.0,0.0,0.9792879006388826,0.005714285714285714,0.9969093321369049,0.07210916989975938
AdaBoost,adaboost_regressor,Boosting,5250,2,projected,4.24845056377996e-14,2.1284600900472058e-14,3.7006151661820426e-14,8.766601044440727e-14,1.6634386771612146e-13,0.0,0.0,0.0,0.0,0.9792879006388826,0.005714285714285714,0.9969093321369049,0.07210916989975938
AdaBoost,adaboost_regressor,Boosting,5250,3,raw,5.450460918310232,1.9516796434727377,5.266803369761644,9.012082559054683,12.552345149875018,0.0,0.0,1.0,0.0,0.9070295107750952,0.002857142857142857,0.9988235642090205,0.13701077296123146
AdaBoost,adaboost_regressor,Boosting,5250,3,projected,4.240349884453934e-14,2.0869737141816526e-14,3.657742603375525e-14,8.659934565011239e-14,1.4580200161141762e-13,0.0,0.0,0.0,0.0,0.9070295107750952,0.002857142857142857,0.9988235642090205,0.13701077296123146
AdaBoost,adaboost_regressor,Boosting,5250,4,raw,5.546375738515675,2.0152658147037257,5.311579607635392,9.066117834470887,15.016129878786602,0.0,0.0,1.0,0.0,0.888512923221825,0.0038095238095238095,0.9980019483608807,0.06353305085289898
AdaBoost,adaboost_regressor,Boosting,5250,4,projected,4.1250000725935315e-14,1.986562978026066e-14,3.6404482152219934e-14,8.334112125749192e-14,1.2966492383437944e-13,0.0,0.0,0.0,0.0,0.888512923221825,0.0038095238095238095,0.9980019483608807,0.06353305085289898
AdaBoost,adaboost_regressor,Boosting,6200,0,raw,5.50995554232455,1.9559661867751106,5.257088919391051,8.986761116826488,13.715441660031475,0.0,0.0,1.0,0.0,0.8891904929471729,0.0016129032258064516,0.9992231855946894,0.4873407036675538
AdaBoost,adaboost_regressor,Boosting,6200,0,projected,4.1370393247851107e-14,2.037832088245157e-14,3.5704330589399866e-14,8.318965486276816e-14,1.4666512592830837e-13,0.0,0.0,0.0,0.0,0.8891904929471729,0.0016129032258064516,0.9992231855946894,0.4873407036675538
AdaBoost,adaboost_regressor,Boosting,6200,1,raw,5.700854850193992,2.0820923728865397,5.409450136309801,9.480217329059483,13.53066833717802,0.0,0.0,1.0,0.0,0.8816964718076152,0.0016129032258064516,0.9996923601625198,0.6612452277963884
AdaBoost,adaboost_regressor,Boosting,6200,1,projected,4.20140357464315e-14,2.1006293256555927e-14,3.699024911339734e-14,8.194787513581012e-14,1.4300500028652673e-13,0.0,0.0,0.0,0.0,0.8816964718076152,0.0016129032258064516,0.9996923601625198,0.6612452277963884
AdaBoost,adaboost_regressor,Boosting,6200,2,raw,4.773450640218841,1.7826560029914547,4.568311347026815,8.154944430662413,12.042505423325867,0.0,0.0,1.0,0.0,0.9648610711941952,0.00564516129032258,0.9973292372584973,0.07185984306617285
AdaBoost,adaboost_regressor,Boosting,6200,2,projected,4.2777434156010146e-14,2.1277271573690152e-14,3.8796218980226547e-14,8.702335715267317e-14,1.8223897527643365e-13,0.0,0.0,0.0,0.0,0.9648610711941952,0.00564516129032258,0.9973292372584973,0.07185984306617285
AdaBoost,adaboost_regressor,Boosting,6200,3,raw,5.469963757213468,2.0016048793045313,5.243978533683872,9.299703036450016,13.118000656664844,0.0,0.0,1.0,0.0,0.9021240752329888,0.0024193548387096775,0.9989463636924154,0.13729897978438443
AdaBoost,adaboost_regressor,Boosting,6200,3,projected,4.212598838717912e-14,2.1286041130941046e-14,3.675617244298929e-14,8.585887916039237e-14,1.45140420328115e-13,0.0,0.0,0.0,0.0,0.9021240752329888,0.0024193548387096775,0.9989463636924154,0.13729897978438443
AdaBoost,adaboost_regressor,Boosting,6200,4,raw,5.559113022925513,2.0588963530732785,5.313205360864443,9.200955579724207,14.944738849685299,0.0,0.0,1.0,0.0,0.9087745498758273,0.004838709677419355,0.9972309203755465,0.05751630501896713
AdaBoost,adaboost_regressor,Boosting,6200,4,projected,4.121002149413062e-14,2.1110266830457245e-14,3.57760542686276e-14,8.646996310462322e-14,1.4253257484574086e-13,0.0,0.0,0.0,0.0,0.9087745498758273,0.004838709677419355,0.9972309203755465,0.05751630501896713
AdaBoost,adaboost_regressor,Boosting,7150,0,raw,5.491001044170154,1.9624959463200142,5.232587576611968,9.042458243117064,14.109533276652868,0.0,0.0,1.0,0.0,0.886122167687057,0.0013986013986013986,0.999319559890861,0.4837809054987758
AdaBoost,adaboost_regressor,Boosting,7150,0,projected,4.1418565926740906e-14,2.0627967199898214e-14,3.6230712748823524e-14,8.59791454895977e-14,1.292353012351473e-13,0.0,0.0,0.0,0.0,0.886122167687057,0.0013986013986013986,0.999319559890861,0.4837809054987758
AdaBoost,adaboost_regressor,Boosting,7150,1,raw,5.764290080502893,2.0752331122299807,5.509903833985223,9.530304981724132,13.702969140663347,0.0,0.0,1.0,0.0,0.8876781600418915,0.0013986013986013986,0.9997028576046796,0.6372336535815311
AdaBoost,adaboost_regressor,Boosting,7150,1,projected,4.20248843089718e-14,2.1475329134197346e-14,3.6485986040629405e-14,8.70983371427227e-14,1.4290567208603566e-13,0.0,0.0,0.0,0.0,0.8876781600418915,0.0013986013986013986,0.9997028576046796,0.6372336535815311
AdaBoost,adaboost_regressor,Boosting,7150,2,raw,4.776705623396176,1.803385266046942,4.575029108555663,8.162576930272017,12.33784801463499,0.0,0.0,1.0,0.0,0.9475669548349853,0.0048951048951048955,0.9976467931465726,0.07148329698156103
AdaBoost,adaboost_regressor,Boosting,7150,2,projected,4.292359390108e-14,2.1218753217417084e-14,3.803639085116754e-14,8.764930170742618e-14,1.456287628731415e-13,0.0,0.0,0.0,0.0,0.9475669548349853,0.0048951048951048955,0.9976467931465726,0.07148329698156103
AdaBoost,adaboost_regressor,Boosting,7150,3,raw,5.478641444921962,1.9746326680157824,5.261828087396182,9.1907859013731,13.111725252927817,0.0,0.0,1.0,0.0,0.8962125332543821,0.002097902097902098,0.9991261225385375,0.1356983502309078
AdaBoost,adaboost_regressor,Boosting,7150,3,projected,4.1387759530146134e-14,2.036143976817403e-14,3.6404482152219934e-14,8.213391118137843e-14,1.4566126083082054e-13,0.0,0.0,0.0,0.0,0.8962125332543821,0.002097902097902098,0.9991261225385375,0.1356983502309078
AdaBoost,adaboost_regressor,Boosting,7150,4,raw,5.620012514555647,2.063164401211099,5.410963359388489,9.212986014498927,15.067062425298712,0.0,0.0,1.0,0.0,0.8999480839721763,0.004195804195804196,0.9976282830820453,0.059581303508199686
AdaBoost,adaboost_regressor,Boosting,7150,4,projected,4.143964648211795e-14,2.0516085966987258e-14,3.62864617851791e-14,8.363981412879834e-14,1.4269575216370232e-13,0.0,0.0,0.0,0.0,0.8999480839721763,0.004195804195804196,0.9976282830820453,0.059581303508199686
AdaBoost,adaboost_regressor,Boosting,8100,0,raw,5.551514553151022,1.962699046900902,5.288537530079198,9.029117866365535,13.883680675342084,0.0,0.0,1.0,0.0,0.9054900152744357,0.0024691358024691358,0.9986404143453456,0.06542716521593908
AdaBoost,adaboost_regressor,Boosting,8100,0,projected,4.2513768139282465e-14,2.0424197001473606e-14,3.675492173029944e-14,8.346987189945828e-14,1.7340190963021164e-13,0.0,0.0,0.0,0.0,0.9054900152744357,0.0024691358024691358,0.9986404143453456,0.06542716521593908
AdaBoost,adaboost_regressor,Boosting,8100,1,raw,5.710724140567482,2.0577775365584303,5.473086555445305,9.4835773982819,13.508704616908087,0.0,0.0,1.0,0.0,0.8745459484571767,0.0012345679012345679,0.9997446114735045,0.6523084188366899
AdaBoost,adaboost_regressor,Boosting,8100,1,projected,4.18279253249284e-14,2.058770047534372e-14,3.7112675579987076e-14,8.561060673490026e-14,1.4404928757523758e-13,0.0,0.0,0.0,0.0,0.8745459484571767,0.0012345679012345679,0.9997446114735045,0.6523084188366899
AdaBoost,adaboost_regressor,Boosting,8100,2,raw,4.8065045285460695,1.828346251315839,4.550111239453928,8.13340873264238,11.791678727361068,0.0,0.0,1.0,0.0,0.9638252878216268,0.0049382716049382715,0.9976998426336129,0.07188591648349496
AdaBoost,adaboost_regressor,Boosting,8100,2,projected,4.268628061582592e-14,2.1020455039631193e-14,3.8428474007872526e-14,8.610017822423957e-14,1.4583446096433614e-13,0.0,0.0,0.0,0.0,0.9638252878216268,0.0049382716049382715,0.9976998426336129,0.07188591648349496
AdaBoost,adaboost_regressor,Boosting,8100,3,raw,5.535078980505145,1.9805069131063617,5.318711349749985,9.24134193867585,13.0429813385699,0.0,0.0,1.0,0.0,0.8939528289648255,0.001851851851851852,0.9992171738078583,0.13614751185578428
AdaBoost,adaboost_regressor,Boosting,8100,3,projected,4.12400304723687e-14,2.1492331437618188e-14,3.5704330589399866e-14,8.576586104075021e-14,1.4570458016585432e-13,0.0,0.0,0.0,0.0,0.8939528289648255,0.001851851851851852,0.9992171738078583,0.13614751185578428
AdaBoost,adaboost_regressor,Boosting,8100,4,raw,5.511750452906657,2.0623243823433817,5.27513619832006,9.113007221498828,14.919502343202131,0.0,0.0,1.0,0.0,0.8929364929412158,0.003703703703703704,0.9978276836641887,0.05954714338636273
AdaBoost,adaboost_regressor,Boosting,8100,4,projected,4.150702909191434e-14,2.010942318243886e-14,3.657742603375525e-14,8.195052385504254e-14,1.287337946961986e-13,0.0,0.0,0.0,0.0,0.8929364929412158,0.003703703703703704,0.9978276836641887,0.05954714338636273
AdaBoost,adaboost_regressor,Boosting,9050,0,raw,5.4626536384750874,1.9921327122781196,5.229981292832388,8.924787278133872,13.709118654991581,0.0,0.0,1.0,0.0,0.9079636428334495,0.0033149171270718232,0.9982199200837572,0.06286737494655198
AdaBoost,adaboost_regressor,Boosting,9050,0,projected,4.1843980355184835e-14,2.104622819022452e-14,3.66205343881779e-14,8.661788918014083e-14,1.4686937254704722e-13,0.0,0.0,0.0,0.0,0.9079636428334495,0.0033149171270718232,0.9982199200837572,0.06286737494655198
AdaBoost,adaboost_regressor,Boosting,9050,1,raw,5.7114772440616095,2.0801959558647893,5.437894667686794,9.634911718412617,13.453376392408828,0.0,0.0,1.0,0.0,0.8670727448239163,0.0011049723756906078,0.9997557697256269,0.6343037438594189
AdaBoost,adaboost_regressor,Boosting,9050,1,projected,4.165794829596483e-14,2.0858348981957413e-14,3.692088357856443e-14,8.572551329131246e-14,1.4523822019568354e-13,0.0,0.0,0.0,0.0,0.8670727448239163,0.0011049723756906078,0.9997557697256269,0.6343037438594189
AdaBoost,adaboost_regressor,Boosting,9050,2,raw,4.800022092565888,1.8040525221352728,4.634153339055724,8.087563290084375,11.882506613400105,0.0,0.0,1.0,0.0,0.9709066883134412,0.004419889502762431,0.9978824620362765,0.06432438057808149
AdaBoost,adaboost_regressor,Boosting,9050,2,projected,4.255261869877925e-14,2.1191342312460626e-14,3.764032658966892e-14,8.577449403839325e-14,1.451947617206844e-13,0.0,0.0,0.0,0.0,0.9709066883134412,0.004419889502762431,0.9978824620362765,0.06432438057808149
AdaBoost,adaboost_regressor,Boosting,9050,3,raw,5.55060426104369,2.0290879582083696,5.290231244453683,9.372469051109428,13.645025889836042,0.0,0.0,1.0,0.0,0.894608796312738,0.0022099447513812156,0.9990549078518567,0.13805869079443842
AdaBoost,adaboost_regressor,Boosting,9050,3,projected,4.1394505530732684e-14,2.1229990719683998e-14,3.6230712748823524e-14,8.583768698679568e-14,1.5322300545375858e-13,0.0,0.0,0.0,0.0,0.894608796312738,0.0022099447513812156,0.9990549078518567,0.13805869079443842
AdaBoost,adaboost_regressor,Boosting,9050,4,raw,5.536821967914463,2.0732530474498994,5.31707975420896,9.164128777513847,14.717532157208213,0.0,0.0,1.0,0.0,0.8782265818103565,0.0033149171270718232,0.9980718213303621,0.05818094420870886
AdaBoost,adaboost_regressor,Boosting,9050,4,projected,4.177615462272637e-14,2.126342170270448e-14,3.616527476359785e-14,8.654961445691075e-14,1.4588854383694046e-13,0.0,0.0,0.0,0.0,0.8782265818103565,0.0033149171270718232,0.9980718213303621,0.05818094420870886
MLP,ann_deep_regressor,Neural networks,10000,0,raw,2.6111897595699523,1.63944001524881,2.236325162706084,5.726998431787776,12.741326716821781,0.03930231550683837,0.17278725801481004,1.0,0.55,0.18766406866909283,0.0,1.0,1.0
MLP,ann_deep_regressor,Neural networks,10000,0,projected,4.2575578276767735e-14,2.086680970007505e-14,3.77867410954576e-14,8.68453530715387e-14,1.430380943588531e-13,0.0,0.0,0.0,0.0,0.18766406866909283,0.0,1.0,1.0
MLP,ann_deep_regressor,Neural networks,10000,1,raw,2.475360056864042,1.5720936006167476,2.1272098313994654,5.3997127833255005,14.837792679513331,0.040150767549281735,0.16592608664484712,1.0,0.589,0.1684929711003629,0.0,1.0,1.0
MLP,ann_deep_regressor,Neural networks,10000,1,projected,4.176830204201486e-14,2.0266967508139872e-14,3.6404482152219934e-14,8.194402642771495e-14,1.539190394512564e-13,0.0,0.0,0.0,0.0,0.1684929711003629,0.0,1.0,1.0
MLP,ann_deep_regressor,Neural networks,10000,2,raw,3.831827180104201,2.39639403133459,3.4510973110276364,7.725672868853227,34.76314813069857,0.054211519225045475,0.1996214394729871,1.0,0.675,0.19419382101598126,0.0,1.0,1.0
MLP,ann_deep_regressor,Neural networks,10000,2,projected,4.3274634311977935e-14,2.19400614371005e-14,3.8300280440988245e-14,8.988435298537807e-14,1.736201397024703e-13,0.0,0.0,0.0,0.0,0.19419382101598126,0.0,1.0,1.0
MLP,ann_deep_regressor,Neural networks,10000,3,raw,3.5819480057855113,2.298373091687824,3.0905780341535465,8.012020081610906,18.66545223308425,0.035247610129173594,0.16150059415817936,1.0,0.5245,0.21794169719456902,0.0,1.0,1.0
MLP,ann_deep_regressor,Neural networks,10000,3,projected,4.291573816786375e-14,2.1219030529448194e-14,3.818125355265177e-14,8.673279421411239e-14,1.4228607195221903e-13,0.0,0.0,0.0,0.0,0.21794169719456902,0.0,1.0,1.0
MLP,ann_deep_regressor,Neural networks,10000,4,raw,2.6951464367519393,1.7029625375937387,2.3427638000730022,5.6970019840560315,21.461572528083213,0.04374731035584253,0.17267468349654824,1.0,0.5905,0.17725796720376957,0.0,1.0,1.0
MLP,ann_deep_regressor,Neural networks,10000,4,projected,4.2162617116490676e-14,2.0167880598292675e-14,3.7984859473243534e-14,8.582504782083923e-14,1.233896894832203e-13,0.0,0.0,0.0,0.0,0.17725796720376957,0.0,1.0,1.0
MLP,ann_deep_regressor,Neural networks,1450,0,raw,6.663088567811605,4.1480302861526,5.809521222082196,15.078205766382165,25.904061445509203,0.2244081695447992,0.7375981851116589,1.0,0.8448275862068966,0.44635600717624035,0.0,1.0,1.0
MLP,ann_deep_regressor,Neural networks,1450,0,projected,4.3538742895067435e-14,1.9777400900026767e-14,3.891802844472395e-14,8.47474471044663e-14,1.284462307232818e-13,0.0,0.0,0.0,0.0,0.44635600717624035,0.0,1.0,1.0
MLP,ann_deep_regressor,Neural networks,1450,1,raw,7.077146902463888,4.352994395612444,6.1004381215605665,16.170391276737913,22.306829984401237,0.2570631635493375,0.7584941439590162,1.0,0.8448275862068966,0.4827471980613133,0.0,1.0,1.0
MLP,ann_deep_regressor,Neural networks,1450,1,projected,4.216933517669792e-14,2.086213420425848e-14,3.6277291074269594e-14,8.29277498885188e-14,1.2251712249536965e-13,0.0,0.0,0.0,0.0,0.4827471980613133,0.0,1.0,1.0
MLP,ann_deep_regressor,Neural networks,1450,2,raw,7.381693175990974,4.770342356241202,6.2290949694506885,16.68135267204519,27.03019923326577,0.24426490735609777,0.6797647549052647,1.0,0.8379310344827586,0.5064963840272906,0.0,1.0,1.0
MLP,ann_deep_regressor,Neural networks,1450,2,projected,4.470362166494809e-14,2.236130543625649e-14,4.000209215336569e-14,9.038293491650986e-14,1.1958787292510776e-13,0.0,0.0,0.0,0.0,0.5064963840272906,0.0,1.0,1.0
MLP,ann_deep_regressor,Neural networks,1450,3,raw,8.801480533237326,4.903993624768901,7.87237385086001,17.749313930843403,31.466523931084836,0.16070884733840818,0.5288793956837896,1.0,0.7827586206896552,0.5633644233906415,0.0,1.0,1.0
MLP,ann_deep_regressor,Neural networks,1450,3,projected,4.0636133352689405e-14,2.0841280057467068e-14,3.4678005744036664e-14,8.65543351243995e-14,1.2825493205202105e-13,0.0,0.0,0.0,0.0,0.5633644233906415,0.0,1.0,1.0
MLP,ann_deep_regressor,Neural networks,1450,4,raw,8.029062078746465,4.765602948985971,6.913284748464269,16.72093102802898,32.94115725027015,0.22795246422765628,0.7013162018441015,1.0,0.8310344827586207,0.48022988592191007,0.0,1.0,1.0
MLP,ann_deep_regressor,Neural networks,1450,4,projected,4.131716284287142e-14,2.0457306776404322e-14,3.574088748454672e-14,8.227499732068104e-14,1.1815443893352568e-13,0.0,0.0,0.0,0.0,0.48022988592191007,0.0,1.0,1.0
MLP,ann_deep_regressor,Neural networks,2400,0,raw,4.984979363692875,2.8771823212195793,4.369491620459632,10.701850846799514,18.9670707613634,0.10586131458194956,0.3517768879321188,1.0,0.7145833333333333,0.3036745392914257,0.0,1.0,1.0
MLP,ann_deep_regressor,Neural networks,2400,0,projected,4.36824211104708e-14,2.2026125798598726e-14,4.0352292555645984e-14,8.774279884761707e-14,1.4266326986974753e-13,0.0,0.0,0.0,0.0,0.3036745392914257,0.0,1.0,1.0
MLP,ann_deep_regressor,Neural networks,2400,1,raw,4.755577877415757,2.9999339245314025,4.129684293245164,10.153362708220369,20.887795044651483,0.11445369349036279,0.42576485182136375,1.0,0.7333333333333333,0.32343994893055134,0.0,1.0,1.0
MLP,ann_deep_regressor,Neural networks,2400,1,projected,4.199777427587341e-14,2.104400431556782e-14,3.638410573649822e-14,8.910160576636239e-14,1.1953178955977764e-13,0.0,0.0,0.0,0.0,0.32343994893055134,0.0,1.0,1.0
MLP,ann_deep_regressor,Neural networks,2400,2,raw,4.931825848572766,3.015899878712532,4.303243325619944,10.776669584054718,19.651550414142655,0.09205559856984771,0.35558807812826837,1.0,0.625,0.29263079131557423,0.0020833333333333333,0.9999300540522882,0.9664259450983038
MLP,ann_deep_regressor,Neural networks,2400,2,projected,4.407590952775724e-14,2.1978413905318052e-14,4.0380689115654875e-14,8.935871224212971e-14,1.2756496371702277e-13,0.0,0.0,0.0,0.0,0.29263079131557423,0.0020833333333333333,0.9999300540522882,0.9664259450983038
MLP,ann_deep_regressor,Neural networks,2400,3,raw,6.629312643255146,3.9779111431954908,5.7449163349448185,14.564565357143811,25.39412489104176,0.08297524768622101,0.31128242516040927,1.0,0.6125,0.4122699538829023,0.0,1.0,1.0
MLP,ann_deep_regressor,Neural networks,2400,3,projected,4.392517337966692e-14,2.237512356518873e-14,3.894335449696523e-14,8.826658206492938e-14,1.5357270097055853e-13,0.0,0.0,0.0,0.0,0.4122699538829023,0.0,1.0,1.0
MLP,ann_deep_regressor,Neural networks,2400,4,raw,5.46878949599653,3.392800604732707,4.575245887014071,11.629833213981076,22.31393508619109,0.13022734715177423,0.4381284322521154,1.0,0.7125,0.3407589030945091,0.0,1.0,1.0
MLP,ann_deep_regressor,Neural networks,2400,4,projected,4.2152400865231235e-14,2.0584594748873904e-14,3.6252472944505314e-14,8.690723561219627e-14,1.2100106776761097e-13,0.0,0.0,0.0,0.0,0.3407589030945091,0.0,1.0,1.0
MLP,ann_deep_regressor,Neural networks,3350,0,raw,4.009908739991478,2.4970655768280574,3.475958185935008,8.805963160189863,23.82709301697407,0.05983764005455015,0.2298984444457548,1.0,0.6194029850746269,0.23940495844151327,0.0,1.0,1.0
MLP,ann_deep_regressor,Neural networks,3350,0,projected,4.316421786298378e-14,2.066228039123533e-14,3.9602429209565937e-14,8.654499957434514e-14,1.2100106776761097e-13,0.0,0.0,0.0,0.0,0.23940495844151327,0.0,1.0,1.0
MLP,ann_deep_regressor,Neural networks,3350,1,raw,4.087895116659504,2.572623102436393,3.3789012629673945,9.013179347314148,18.343649511436183,0.08607215439392531,0.30841464011457115,1.0,0.7059701492537314,0.2546611859788138,0.0,1.0,1.0
MLP,ann_deep_regressor,Neural networks,3350,1,projected,4.2998925954377123e-14,2.1108342135846817e-14,3.8305407092932235e-14,8.678098168077845e-14,1.298685726171857e-13,0.0,0.0,0.0,0.0,0.2546611859788138,0.0,1.0,1.0
MLP,ann_deep_regressor,Neural networks,3350,2,raw,4.609335564832279,3.167361677304225,3.8643533947984325,11.00310243571695,23.892184172489333,0.08038093835830303,0.3099495869676716,1.0,0.682089552238806,0.2810297646831824,0.0,1.0,1.0
MLP,ann_deep_regressor,Neural networks,3350,2,projected,4.273340279051382e-14,2.0953648397523798e-14,3.7771085764509526e-14,8.796105819285989e-14,1.2255574909161978e-13,0.0,0.0,0.0,0.0,0.2810297646831824,0.0,1.0,1.0
MLP,ann_deep_regressor,Neural networks,3350,3,raw,5.68708964313578,3.3876626730974864,5.018384778796933,12.453158207939769,22.59953525455674,0.0867189132723977,0.3211415197462755,1.0,0.7492537313432835,0.3383159192394711,0.0,1.0,1.0
MLP,ann_deep_regressor,Neural networks,3350,3,projected,4.343270088244887e-14,2.154488251130217e-14,3.9100025924150507e-14,8.677279676773966e-14,1.4509965092805558e-13,0.0,0.0,0.0,0.0,0.3383159192394711,0.0,1.0,1.0
MLP,ann_deep_regressor,Neural networks,3350,4,raw,4.745919641074845,2.9417986808045473,4.101042602672916,10.224029336748211,20.42874851338848,0.09269220567134637,0.3231455369536413,1.0,0.6955223880597015,0.284223542671312,0.0,1.0,1.0
MLP,ann_deep_regressor,Neural networks,3350,4,projected,4.2672877897961254e-14,2.0937310980545215e-14,3.726117541341095e-14,8.667596405153148e-14,1.428421762419681e-13,0.0,0.0,0.0,0.0,0.284223542671312,0.0,1.0,1.0
MLP,ann_deep_regressor,Neural networks,4300,0,raw,3.4243848923007123,2.007216218747145,3.0032537286960332,7.207163564890568,18.185136924023144,0.052898729869264846,0.22475104179043628,1.0,0.5930232558139535,0.24482782242953052,0.0,1.0,1.0
MLP,ann_deep_regressor,Neural networks,4300,0,projected,4.2442396661976703e-14,2.081652921728733e-14,3.861277888835344e-14,8.652879632318754e-14,1.2834101332393602e-13,0.0,0.0,0.0,0.0,0.24482782242953052,0.0,1.0,1.0
MLP,ann_deep_regressor,Neural networks,4300,1,raw,3.3641433042915825,2.0742098141125385,2.9290133849923334,7.151810558028878,16.345712050465934,0.05264282048429084,0.20718542066228046,1.0,0.5593023255813954,0.2155746899848302,0.0,1.0,1.0
MLP,ann_deep_regressor,Neural networks,4300,1,projected,4.276882994403543e-14,2.0639820613148372e-14,3.836173842044514e-14,8.598080232271187e-14,1.216772019286602e-13,0.0,0.0,0.0,0.0,0.2155746899848302,0.0,1.0,1.0
MLP,ann_deep_regressor,Neural networks,4300,2,raw,4.302381305801093,2.7779278532733946,3.687098983232507,9.749160829718866,20.210627560123843,0.0946865287653958,0.29769455641280873,1.0,0.7825581395348837,0.26375186182997934,0.0,1.0,1.0
MLP,ann_deep_regressor,Neural networks,4300,2,projected,4.2296324753182506e-14,2.102472236361005e-14,3.728233452040811e-14,8.68064348027501e-14,1.4523889913117684e-13,0.0,0.0,0.0,0.0,0.26375186182997934,0.0,1.0,1.0
MLP,ann_deep_regressor,Neural networks,4300,3,raw,4.42220773896075,2.7920272651817952,3.7653995422258575,9.85102924796387,17.437756100337655,0.06333888008442874,0.22860302651222172,1.0,0.6848837209302325,0.27530470485379627,0.0,1.0,1.0
MLP,ann_deep_regressor,Neural networks,4300,3,projected,4.153126058875302e-14,2.1600584567528005e-14,3.5874829920754546e-14,8.702335715267317e-14,1.2751470887084162e-13,0.0,0.0,0.0,0.0,0.27530470485379627,0.0,1.0,1.0
MLP,ann_deep_regressor,Neural networks,4300,4,raw,3.7000888736879176,2.363658202327069,3.1348503799228054,8.017325027908997,19.171093665067822,0.07240222917387432,0.25989011070787643,1.0,0.6813953488372093,0.2318560114257176,0.0,1.0,1.0
MLP,ann_deep_regressor,Neural networks,4300,4,projected,4.304947034333754e-14,2.0805160570105632e-14,3.9459199559118516e-14,8.733824144421489e-14,1.2825493205202105e-13,0.0,0.0,0.0,0.0,0.2318560114257176,0.0,1.0,1.0
MLP,ann_deep_regressor,Neural networks,500,0,raw,11.396739698438047,6.608526106681621,9.892350927267692,26.048722595138997,41.65164612309793,0.642599861127395,1.7626478276703221,1.0,0.89,0.8215227776637256,0.0,1.0,1.0
MLP,ann_deep_regressor,Neural networks,500,0,projected,4.191396818204134e-14,2.0252509258242647e-14,3.614256574792605e-14,7.368406622431643e-14,1.1741436530357944e-13,0.0,0.0,0.0,0.0,0.8215227776637256,0.0,1.0,1.0
MLP,ann_deep_regressor,Neural networks,500,1,raw,11.912175303776987,7.092697455771119,10.439461741183816,27.356129472333265,35.05783249471582,0.6760602554308988,1.832450962969615,1.0,0.87,0.853654149426417,0.0,1.0,1.0
MLP,ann_deep_regressor,Neural networks,500,1,projected,4.235138174389456e-14,1.9914821285274993e-14,3.6394631446680764e-14,8.686043876898111e-14,9.170200242991418e-14,0.0,0.0,0.0,0.0,0.853654149426417,0.0,1.0,1.0
MLP,ann_deep_regressor,Neural networks,500,2,raw,10.741779743275758,6.172575393395801,10.126530443107036,21.422345202650888,26.655819363907547,0.8242654773597355,2.565890501298256,1.0,0.91,1.334906772032387,0.01,0.9900000440528188,4.405281893326898e-06
MLP,ann_deep_regressor,Neural networks,500,2,projected,4.475963761357095e-14,2.4060823484434052e-14,3.8428474007872526e-14,8.990883048896729e-14,1.1775316611908882e-13,0.0,0.0,0.0,0.0,1.334906772032387,0.01,0.9900000440528188,4.405281893326898e-06
MLP,ann_deep_regressor,Neural networks,500,3,raw,12.746586195013263,7.919143488739203,10.156071404640347,29.772114232358277,39.679604316935254,0.2303559730182404,0.8971037319783571,1.0,0.77,0.9207171006196637,0.0,1.0,1.0
MLP,ann_deep_regressor,Neural networks,500,3,projected,4.108815813255595e-14,2.156236836763e-14,3.4097808514191035e-14,8.558486366068056e-14,1.2515439318724856e-13,0.0,0.0,0.0,0.0,0.9207171006196637,0.0,1.0,1.0
MLP,ann_deep_regressor,Neural networks,500,4,raw,12.488496089222167,7.092268168586285,11.04318790803993,24.788793646775012,38.49811103062434,0.6533871699460002,1.5053228497287847,1.0,0.88,0.910279915749061,0.0,1.0,1.0
MLP,ann_deep_regressor,Neural networks,500,4,projected,4.320183805180034e-14,2.0930027617032567e-14,4.1632002819497304e-14,8.528732833771791e-14,1.156679772130055e-13,0.0,0.0,0.0,0.0,0.910279915749061,0.0,1.0,1.0
MLP,ann_deep_regressor,Neural networks,5250,0,raw,3.123091213994774,1.8729516785060516,2.7869837177236167,6.529460798237516,18.190906101996184,0.06692318458069267,0.24098632202339512,1.0,0.7476190476190476,0.1995113345539005,0.0,1.0,1.0
MLP,ann_deep_regressor,Neural networks,5250,0,projected,4.304071311069492e-14,2.078921742975627e-14,3.797917720358364e-14,8.586089032448515e-14,1.2735376009896215e-13,0.0,0.0,0.0,0.0,0.1995113345539005,0.0,1.0,1.0
MLP,ann_deep_regressor,Neural networks,5250,1,raw,3.1597788420680315,2.081734059351078,2.709773022417355,6.8843309989494905,22.91730355680805,0.06211100512608547,0.22839389858420928,1.0,0.6628571428571428,0.2206864588198931,0.0,1.0,1.0
MLP,ann_deep_regressor,Neural networks,5250,1,projected,4.149095472032458e-14,1.9241055945861152e-14,3.6572370597871853e-14,7.896246793826221e-14,1.4246337553745592e-13,0.0,0.0,0.0,0.0,0.2206864588198931,0.0,1.0,1.0
MLP,ann_deep_regressor,Neural networks,5250,2,raw,3.3878004290483386,2.223250295547219,2.935744164788024,7.809054664435846,15.673925396261724,0.053580133508901256,0.20747553507759808,1.0,0.6580952380952381,0.23751002730020507,0.0009523809523809524,0.9994697568638087,0.44324470699923013
MLP,ann_deep_regressor,Neural networks,5250,2,projected,4.347964881603154e-14,2.1872757022757184e-14,3.8428474007872526e-14,8.821538296147727e-14,1.7433711644851032e-13,0.0,0.0,0.0,0.0,0.23751002730020507,0.0009523809523809524,0.9994697568638087,0.44324470699923013
MLP,ann_deep_regressor,Neural networks,5250,3,raw,4.1989577703354195,2.590302697848558,3.631090437796389,8.99823890804824,19.064664173563422,0.05777445111045932,0.22862786298681836,1.0,0.6571428571428571,0.27790987317051974,0.0,1.0,1.0
MLP,ann_deep_regressor,Neural networks,5250,3,projected,4.169506968168947e-14,2.0623670925193955e-14,3.6604371136070206e-14,8.575503783559663e-14,1.4211288389453755e-13,0.0,0.0,0.0,0.0,0.27790987317051974,0.0,1.0,1.0
MLP,ann_deep_regressor,Neural networks,5250,4,raw,3.3171315295847976,2.1658918714785407,2.8074244041706207,7.453734100519477,19.52461088501954,0.05386597215379908,0.2213944195996997,1.0,0.6095238095238096,0.22799166223132342,0.0009523809523809524,0.9990476458876466,2.818202887037381e-05
MLP,ann_deep_regressor,Neural networks,5250,4,projected,4.171768321256433e-14,2.0694532746882953e-14,3.8338865319494536e-14,8.56012256400135e-14,1.468263968701807e-13,0.0,0.0,0.0,0.0,0.22799166223132342,0.0009523809523809524,0.9990476458876466,2.818202887037381e-05
MLP,ann_deep_regressor,Neural networks,6200,0,raw,2.9420668940000065,1.7590153883484052,2.551381392141801,6.261097293886275,16.30348956558115,0.05056045295362472,0.19176773333526131,1.0,0.6483870967741936,0.1968828911858621,0.0,1.0,1.0
MLP,ann_deep_regressor,Neural networks,6200,0,projected,4.235931581431866e-14,2.116689744615768e-14,3.657742603375525e-14,8.655525412638998e-14,1.4383281002407287e-13,0.0,0.0,0.0,0.0,0.1968828911858621,0.0,1.0,1.0
MLP,ann_deep_regressor,Neural networks,6200,1,raw,3.1951903248520392,2.0504971461163146,2.7311899709897407,7.194971880952962,14.271665043704079,0.053554124983267455,0.19951221478319833,1.0,0.6209677419354839,0.23215251369789283,0.0,1.0,1.0
MLP,ann_deep_regressor,Neural networks,6200,1,projected,4.257619184345258e-14,2.0714758786122257e-14,3.936135657293827e-14,8.565397602333724e-14,1.2183270001374245e-13,0.0,0.0,0.0,0.0,0.23215251369789283,0.0,1.0,1.0
MLP,ann_deep_regressor,Neural networks,6200,2,raw,3.5311205898074767,2.282979856306227,3.071977864807759,7.610261130416658,20.862276366570523,0.05180902796581221,0.2184796802244859,1.0,0.5645161290322581,0.2626247424443009,0.0,1.0,1.0
MLP,ann_deep_regressor,Neural networks,6200,2,projected,4.3778574449564195e-14,2.1495732680408884e-14,4.0194366942304644e-14,8.681483102837437e-14,1.54759833107351e-13,0.0,0.0,0.0,0.0,0.2626247424443009,0.0,1.0,1.0
MLP,ann_deep_regressor,Neural networks,6200,3,raw,3.6665840419465843,2.280979473838632,3.1504238882052773,7.945309186023452,18.049653845616252,0.04299239933144528,0.17347984390289983,1.0,0.5935483870967742,0.23008914757795734,0.0,1.0,1.0
MLP,ann_deep_regressor,Neural networks,6200,3,projected,4.1664385388444837e-14,2.1220407165212404e-14,3.6411252962995256e-14,8.673643080989669e-14,1.453088549094557e-13,0.0,0.0,0.0,0.0,0.23008914757795734,0.0,1.0,1.0
MLP,ann_deep_regressor,Neural networks,6200,4,raw,3.3158178048789053,1.8590122180308697,2.969430719083224,6.860702960752494,12.24147635143647,0.048777160343188866,0.19359282526375357,1.0,0.6016129032258064,0.1998175397196824,0.0,1.0,1.0
MLP,ann_deep_regressor,Neural networks,6200,4,projected,4.1796574984851094e-14,2.0898888066628324e-14,3.6776375068632614e-14,8.571381567549159e-14,1.4580200161141762e-13,0.0,0.0,0.0,0.0,0.1998175397196824,0.0,1.0,1.0
MLP,ann_deep_regressor,Neural networks,7150,0,raw,2.7366268403476797,1.725919484245326,2.3415450117434595,6.143214686697633,14.424663386234121,0.051936498739753555,0.19602332888317048,1.0,0.6489510489510489,0.19020562768492,0.0,1.0,1.0
MLP,ann_deep_regressor,Neural networks,7150,0,projected,4.2552910828259597e-14,2.1027114638948977e-14,3.7725350087432905e-14,8.653151607557629e-14,1.4665436822660847e-13,0.0,0.0,0.0,0.0,0.19020562768492,0.0,1.0,1.0
MLP,ann_deep_regressor,Neural networks,7150,1,raw,2.9680302259066593,1.8179841944517292,2.5032674759438436,6.274490323482205,20.245960797393224,0.053185505459021565,0.21001734572658032,1.0,0.6503496503496503,0.1950559166568172,0.0,1.0,1.0
MLP,ann_deep_regressor,Neural networks,7150,1,projected,4.276759263169853e-14,2.0902700229274582e-14,3.784923319608062e-14,8.564453505584832e-14,1.4272891794036486e-13,0.0,0.0,0.0,0.0,0.1950559166568172,0.0,1.0,1.0
MLP,ann_deep_regressor,Neural networks,7150,2,raw,3.3252445571486278,2.196341693090378,2.8380569424282305,7.471418757963608,22.34719290171078,0.04162285999697973,0.17397727742667238,1.0,0.5748251748251748,0.21865572269032268,0.0006993006993006993,0.9995954032358366,0.42142662724635777
MLP,ann_deep_regressor,Neural networks,7150,2,projected,4.2908532611749246e-14,2.1058545241013567e-14,3.8998939455764735e-14,8.679425065240594e-14,1.4704114964967286e-13,0.0,0.0,0.0,0.0,0.21865572269032268,0.0006993006993006993,0.9995954032358366,0.42142662724635777
MLP,ann_deep_regressor,Neural networks,7150,3,raw,3.5654757969917856,2.1949769865743423,3.1077399891970963,7.604883882310884,15.07059959620572,0.05585545255040607,0.18944346989160593,1.0,0.7496503496503496,0.22484050563953661,0.0,1.0,1.0
MLP,ann_deep_regressor,Neural networks,7150,3,projected,4.168719269997066e-14,2.1203486639673012e-14,3.599034985265803e-14,8.585520542392951e-14,1.4566126083082054e-13,0.0,0.0,0.0,0.0,0.22484050563953661,0.0,1.0,1.0
MLP,ann_deep_regressor,Neural networks,7150,4,raw,2.9921561244752297,1.9870972762518677,2.4751264137073665,6.774004692817063,23.451186537468107,0.05806520236511502,0.20533601459819695,1.0,0.6412587412587413,0.19648682725434116,0.0,1.0,1.0
MLP,ann_deep_regressor,Neural networks,7150,4,projected,4.274993455675072e-14,2.098847913614844e-14,3.776586443654626e-14,8.644125458514252e-14,1.733586856958857e-13,0.0,0.0,0.0,0.0,0.19648682725434116,0.0,1.0,1.0
MLP,ann_deep_regressor,Neural networks,8100,0,raw,3.1171236619371316,1.953074304527878,2.5984705995378254,6.937474378705719,14.992135454257099,0.04552193614109087,0.19451067895158086,1.0,0.5981481481481481,0.1979632028475169,0.0,1.0,1.0
MLP,ann_deep_regressor,Neural networks,8100,0,projected,4.3163210926212594e-14,2.1249717775073704e-14,3.859234884089423e-14,8.676403539957558e-14,1.4795037140228014e-13,0.0,0.0,0.0,0.0,0.1979632028475169,0.0,1.0,1.0
MLP,ann_deep_regressor,Neural networks,8100,1,raw,2.8649869966490455,1.7503468866877772,2.497843343090275,6.136540569807157,13.145666692581594,0.035994031482012634,0.16452927831908531,1.0,0.48950617283950615,0.20523704211037222,0.0,1.0,1.0
MLP,ann_deep_regressor,Neural networks,8100,1,projected,4.28984461727035e-14,2.0596775743269243e-14,3.8263897345803626e-14,8.370180415565693e-14,1.453142412530721e-13,0.0,0.0,0.0,0.0,0.20523704211037222,0.0,1.0,1.0
MLP,ann_deep_regressor,Neural networks,8100,2,raw,2.869513666723001,2.0225354366041843,2.4580457144370964,6.002200655030967,26.661803889489594,0.04173285695111956,0.17234376270719176,1.0,0.5246913580246914,0.19524154979214248,0.0006172839506172839,0.9999706094082023,0.9523872412875988
MLP,ann_deep_regressor,Neural networks,8100,2,projected,4.335793469051816e-14,2.1314293621725488e-14,3.9357671462619184e-14,8.71355182309752e-14,1.4934344436001757e-13,0.0,0.0,0.0,0.0,0.19524154979214248,0.0006172839506172839,0.9999706094082023,0.9523872412875988
MLP,ann_deep_regressor,Neural networks,8100,3,raw,3.7102395994142077,2.2994644474005197,3.1730008517257158,8.367902692713972,14.926622518867651,0.03836740820395319,0.1705820852827665,1.0,0.5814814814814815,0.22454421785031153,0.0,1.0,1.0
MLP,ann_deep_regressor,Neural networks,8100,3,projected,4.22433346325173e-14,2.039658946650862e-14,3.80012409961838e-14,8.60273113627681e-14,1.3873790429220374e-13,0.0,0.0,0.0,0.0,0.22454421785031153,0.0,1.0,1.0
MLP,ann_deep_regressor,Neural networks,8100,4,raw,2.6881182887483943,1.7008780823931606,2.3257199834472257,5.878102996727006,16.5699416014727,0.04518929999437639,0.18161015830090102,1.0,0.6160493827160494,0.16759344911636812,0.0,1.0,1.0
MLP,ann_deep_regressor,Neural networks,8100,4,projected,4.144539231894945e-14,2.055920373561517e-14,3.6257915443163305e-14,8.564434842807843e-14,1.4268469519168436e-13,0.0,0.0,0.0,0.0,0.16759344911636812,0.0,1.0,1.0
MLP,ann_deep_regressor,Neural networks,9050,0,raw,2.8983439265138595,1.7572354815036124,2.527071713447211,6.3140395774722355,12.17217185838024,0.04261703505536485,0.1560714698407143,1.0,0.6723756906077348,0.17671069186123076,0.0,1.0,1.0
MLP,ann_deep_regressor,Neural networks,9050,0,projected,4.2675714894084653e-14,2.09230039476022e-14,3.776586443654626e-14,8.177416858121591e-14,1.3164230462087478e-13,0.0,0.0,0.0,0.0,0.17671069186123076,0.0,1.0,1.0
MLP,ann_deep_regressor,Neural networks,9050,1,raw,2.590631428451987,1.5741875921469524,2.2556177506085517,5.354893422349575,16.41926890483671,0.03933249194405258,0.16962189904436623,1.0,0.5314917127071823,0.17204545602069932,0.0,1.0,1.0
MLP,ann_deep_regressor,Neural networks,9050,1,projected,4.193873608205425e-14,2.1413477819533028e-14,3.632856031326803e-14,8.680552612979835e-14,1.456856295417339e-13,0.0,0.0,0.0,0.0,0.17204545602069932,0.0,1.0,1.0
MLP,ann_deep_regressor,Neural networks,9050,2,raw,3.105775569208165,2.2905780888900567,2.6130819662459612,6.710757192891604,32.85035266883555,0.043892279875974924,0.21295714523868023,1.0,0.49116022099447515,0.20669786276537253,0.0,1.0,1.0
MLP,ann_deep_regressor,Neural networks,9050,2,projected,4.315259797778823e-14,2.1108484409792382e-14,3.861277888835344e-14,8.59812110277028e-14,1.4448672947979982e-13,0.0,0.0,0.0,0.0,0.20669786276537253,0.0,1.0,1.0
MLP,ann_deep_regressor,Neural networks,9050,3,raw,3.5079614885994395,2.3336852204928076,2.9453113787709855,7.837664754226166,26.15711843653832,0.045595656971935926,0.1925637380436118,1.0,0.5889502762430939,0.22305188310351332,0.0,1.0,1.0
MLP,ann_deep_regressor,Neural networks,9050,3,projected,4.206164364684314e-14,1.9962167611370378e-14,3.793780033887768e-14,8.349981330005543e-14,1.4426817432597938e-13,0.0,0.0,0.0,0.0,0.22305188310351332,0.0,1.0,1.0
MLP,ann_deep_regressor,Neural networks,9050,4,raw,2.73492174797192,1.7786785577746556,2.3646367427225172,5.847073126155604,18.114559999652695,0.05415868408119243,0.2189127661372787,1.0,0.6552486187845303,0.17948385147768892,0.0,1.0,1.0
MLP,ann_deep_regressor,Neural networks,9050,4,projected,4.2449181042202917e-14,2.117695459576963e-14,3.793260195561498e-14,8.675660911584648e-14,1.4300500028652673e-13,0.0,0.0,0.0,0.0,0.17948385147768892,0.0,1.0,1.0
CatBoost,catboost_regressor,Boosting,10000,0,raw,0.9224290142177451,0.4174798418862879,0.8623861789875606,1.6414511660307367,4.07362528041429,0.05908619074702388,0.2609178468041564,1.0,0.583,0.22462166165586409,0.0,1.0,1.0
CatBoost,catboost_regressor,Boosting,10000,0,projected,4.1788050388690545e-14,2.0324572793381794e-14,3.6404482152219934e-14,8.527466604868864e-14,1.2105321216467374e-13,0.0,0.0,0.0,0.0,0.22462166165586409,0.0,1.0,1.0
CatBoost,catboost_regressor,Boosting,10000,1,raw,0.9971597827515952,0.45745314288200845,0.9210411106127578,1.802389694397189,4.408226639119038,0.06015652167177818,0.27194288351549334,1.0,0.5765,0.2396134849049705,0.0,1.0,1.0
CatBoost,catboost_regressor,Boosting,10000,1,projected,4.181229055111218e-14,2.1465382540893256e-14,3.6339357646203516e-14,8.66370046540321e-14,1.6677190691293666e-13,0.0,0.0,0.0,0.0,0.2396134849049705,0.0,1.0,1.0
CatBoost,catboost_regressor,Boosting,10000,2,raw,1.016996096874003,0.46801194950352415,0.9193991240384141,1.850947828724129,4.309342588452785,0.06538779185366131,0.2936366767915013,1.0,0.5905,0.24674293308375053,0.0,1.0,1.0
CatBoost,catboost_regressor,Boosting,10000,2,projected,4.299020355578056e-14,2.1337531391053857e-14,3.8428474007872526e-14,8.699683521753684e-14,1.4734127769122353e-13,0.0,0.0,0.0,0.0,0.24674293308375053,0.0,1.0,1.0
CatBoost,catboost_regressor,Boosting,10000,3,raw,1.132420866932793,0.48797964037477004,1.0777735688155294,2.0134058301897015,4.252006937240922,0.07424935186712651,0.30584518775741554,1.0,0.6205,0.266429811987457,0.0,1.0,1.0
CatBoost,catboost_regressor,Boosting,10000,3,projected,4.165839497135229e-14,2.1016791332223944e-14,3.623549628189967e-14,8.616061600095593e-14,1.4635283153585007e-13,0.0,0.0,0.0,0.0,0.266429811987457,0.0,1.0,1.0
CatBoost,catboost_regressor,Boosting,10000,4,raw,0.9611240330819545,0.43749087858228153,0.8824115798318655,1.8315331732700602,3.475270641526385,0.0594902894405559,0.2741476547386803,1.0,0.5825,0.23148058003240546,0.0,1.0,1.0
CatBoost,catboost_regressor,Boosting,10000,4,projected,4.2414708382939416e-14,2.068388071044951e-14,3.73299088039519e-14,8.616061600095593e-14,1.300991913211686e-13,0.0,0.0,0.0,0.0,0.23148058003240546,0.0,1.0,1.0
CatBoost,catboost_regressor,Boosting,1450,0,raw,1.7965321385682986,0.8578477409475617,1.6766895584073824,3.4188950563517833,5.580285306197308,0.02676359953957356,0.13067512839378462,1.0,0.41724137931034483,0.4054269533406454,0.0,1.0,1.0
CatBoost,catboost_regressor,Boosting,1450,0,projected,4.3841690449338054e-14,2.2397569337916316e-14,4.091405009395785e-14,8.622918196353423e-14,1.2902014453304474e-13,0.0,0.0,0.0,0.0,0.4054269533406454,0.0,1.0,1.0
CatBoost,catboost_regressor,Boosting,1450,1,raw,2.1018856067866305,1.0196112999624245,1.8942068567837462,3.886867197279941,8.002356194865722,0.02136632068080605,0.10986377720042621,1.0,0.4206896551724138,0.4680581848289268,0.0,1.0,1.0
CatBoost,catboost_regressor,Boosting,1450,1,projected,4.24039930470145e-14,2.153944942349277e-14,3.861760748558299e-14,8.763281774977716e-14,1.2200093261819785e-13,0.0,0.0,0.0,0.0,0.4680581848289268,0.0,1.0,1.0
CatBoost,catboost_regressor,Boosting,1450,2,raw,1.9248176377583361,0.9447480028008483,1.7493291132433353,3.8410130300205862,5.188947968817295,0.025541192444623995,0.12440984217686005,1.0,0.4413793103448276,0.5374538009800038,0.0034482758620689655,0.997130171582935,0.16774975905114795
CatBoost,catboost_regressor,Boosting,1450,2,projected,4.6048252763208135e-14,2.254138445226319e-14,4.091405009395785e-14,9.06027541029161e-14,1.2620887210581778e-13,0.0,0.0,0.0,0.0,0.5374538009800038,0.0034482758620689655,0.997130171582935,0.16774975905114795
CatBoost,catboost_regressor,Boosting,1450,3,raw,2.8895557063237782,1.628645763378261,2.5880118658890954,5.541628998201323,14.468824851676871,0.02669909322990935,0.124795562705309,1.0,0.4482758620689655,0.44452044977875543,0.0,1.0,1.0
CatBoost,catboost_regressor,Boosting,1450,3,projected,4.2421338006288183e-14,2.214182423721291e-14,3.5967521669111695e-14,8.796509388457008e-14,1.2721741363317477e-13,0.0,0.0,0.0,0.0,0.44452044977875543,0.0,1.0,1.0
CatBoost,catboost_regressor,Boosting,1450,4,raw,1.7377070724413455,0.8597417193737734,1.5804601490305115,3.2211937828189745,6.156934471450857,0.026410586051244536,0.13114576660730165,1.0,0.43448275862068964,0.3898711941977854,0.0,1.0,1.0
CatBoost,catboost_regressor,Boosting,1450,4,projected,3.9780076192314173e-14,1.8481974644138874e-14,3.583404676601769e-14,6.648764884153186e-14,1.1953178955977764e-13,0.0,0.0,0.0,0.0,0.3898711941977854,0.0,1.0,1.0
CatBoost,catboost_regressor,Boosting,2400,0,raw,1.4555010731659954,0.7399983734214202,1.3219332746312182,2.8484080065220114,5.4496752879116865,0.03574771486873784,0.15584820078886708,1.0,0.4708333333333333,0.3324953785184641,0.0,1.0,1.0
CatBoost,catboost_regressor,Boosting,2400,0,projected,4.32474748502002e-14,2.120665303662628e-14,3.787001818969071e-14,8.76736029855825e-14,1.2885935431313118e-13,0.0,0.0,0.0,0.0,0.3324953785184641,0.0,1.0,1.0
CatBoost,catboost_regressor,Boosting,2400,1,raw,1.6572363930275025,0.7355796273264916,1.5251778550808233,3.069391863874445,4.245285081168617,0.03471912061623117,0.14706509896720812,1.0,0.5,0.38769677892558574,0.0,1.0,1.0
CatBoost,catboost_regressor,Boosting,2400,1,projected,4.0976796960436166e-14,1.9284545434309394e-14,3.6757923967422475e-14,8.172086000282137e-14,1.1847114933895189e-13,0.0,0.0,0.0,0.0,0.38769677892558574,0.0,1.0,1.0
CatBoost,catboost_regressor,Boosting,2400,2,raw,1.587485235669073,0.7652175590510231,1.444122111817494,3.0047056228606177,5.163132793561064,0.03798131486031563,0.1812862621320349,1.0,0.5145833333333333,0.4224253774383202,0.0020833333333333333,0.9982972535134048,0.18268168643428562
CatBoost,catboost_regressor,Boosting,2400,2,projected,4.235242108515417e-14,2.0444807007538053e-14,3.8351339063779455e-14,8.67342151221756e-14,1.282457056316229e-13,0.0,0.0,0.0,0.0,0.4224253774383202,0.0020833333333333333,0.9982972535134048,0.18268168643428562
CatBoost,catboost_regressor,Boosting,2400,3,raw,2.2436916569923584,1.2178914388702309,1.9982476735537293,4.35660147893481,9.892706551436945,0.04660170674503258,0.211136659681143,1.0,0.5520833333333334,0.3592840029445245,0.0,1.0,1.0
CatBoost,catboost_regressor,Boosting,2400,3,projected,4.3123283353873276e-14,2.1276328437304582e-14,3.694223748019651e-14,8.918300877795837e-14,1.2731818659125493e-13,0.0,0.0,0.0,0.0,0.3592840029445245,0.0,1.0,1.0
CatBoost,catboost_regressor,Boosting,2400,4,raw,1.4617258773511737,0.7271869184535039,1.3293470249851096,2.8037653977123655,5.672522128645071,0.03888246671209559,0.15587638863470446,1.0,0.53125,0.33745213248762246,0.0,1.0,1.0
CatBoost,catboost_regressor,Boosting,2400,4,projected,4.159373175174474e-14,2.0410364975820273e-14,3.657742603375525e-14,8.354134975104905e-14,1.2726701106727468e-13,0.0,0.0,0.0,0.0,0.33745213248762246,0.0,1.0,1.0
CatBoost,catboost_regressor,Boosting,3350,0,raw,1.3300049763827433,0.630599524400694,1.2255123032454347,2.461869202496951,4.211894449462614,0.04282948601591206,0.18797549013366938,1.0,0.5149253731343284,0.3140557762645524,0.0014925373134328358,0.9999563165431293,0.9707320838966877
CatBoost,catboost_regressor,Boosting,3350,0,projected,4.2964765705222415e-14,2.0265747720698458e-14,3.9126477595533996e-14,8.323474581282076e-14,1.2246560141550719e-13,0.0,0.0,0.0,0.0,0.3140557762645524,0.0014925373134328358,0.9999563165431293,0.9707320838966877
CatBoost,catboost_regressor,Boosting,3350,1,raw,1.4223510403763475,0.6318688189242718,1.313309300747321,2.534939509895573,4.942517074627139,0.043277545366989606,0.2024154181076296,1.0,0.48059701492537316,0.3259105592817447,0.0,1.0,1.0
CatBoost,catboost_regressor,Boosting,3350,1,projected,4.224333672706258e-14,2.010846990837344e-14,3.657742603375525e-14,8.237018409061602e-14,1.4374228615667952e-13,0.0,0.0,0.0,0.0,0.3259105592817447,0.0,1.0,1.0
CatBoost,catboost_regressor,Boosting,3350,2,raw,1.392392237438913,0.634754015342527,1.3136269998159187,2.4829095079946666,5.119884740778178,0.046238394051947705,0.20689160350299712,1.0,0.5223880597014925,0.362192952182354,0.0014925373134328358,0.9989014648224134,0.26398143101697136
CatBoost,catboost_regressor,Boosting,3350,2,projected,4.41230010069721e-14,2.251316033660599e-14,3.813999881000976e-14,9.040593822978588e-14,1.4389860979573895e-13,0.0,0.0,0.0,0.0,0.362192952182354,0.0014925373134328358,0.9989014648224134,0.26398143101697136
CatBoost,catboost_regressor,Boosting,3350,3,raw,1.7527524400407808,0.9684434959751052,1.5879431739161163,3.249582455332734,9.449452263889311,0.059063268970923136,0.27698107642161446,1.0,0.5865671641791045,0.33467238364012214,0.0,1.0,1.0
CatBoost,catboost_regressor,Boosting,3350,3,projected,4.232476704049831e-14,2.0541234239140144e-14,3.723071702738467e-14,8.65129194286236e-14,1.4595447246788741e-13,0.0,0.0,0.0,0.0,0.33467238364012214,0.0,1.0,1.0
CatBoost,catboost_regressor,Boosting,3350,4,raw,1.3579907552055794,0.6130122445077755,1.2653715555532052,2.527304977305301,4.028005897579936,0.046615976022293774,0.19245008908940048,1.0,0.5298507462686567,0.31516770653403803,0.0,1.0,1.0
CatBoost,catboost_regressor,Boosting,3350,4,projected,4.0542832490285034e-14,1.910986714499401e-14,3.692088357856443e-14,7.304601405535248e-14,1.0635913397950036e-13,0.0,0.0,0.0,0.0,0.31516770653403803,0.0,1.0,1.0
CatBoost,catboost_regressor,Boosting,4300,0,raw,1.1829315597184837,0.5266871011569816,1.1016375929497135,2.191453704451552,3.4847089236043822,0.047937785697924735,0.22612469391194046,1.0,0.5523255813953488,0.2860228368155887,0.0011627906976744186,0.999831766696004,0.8553193585635706
CatBoost,catboost_regressor,Boosting,4300,0,projected,4.2294916310317137e-14,2.077837798029869e-14,3.6711432292142024e-14,8.592868015318674e-14,1.2525835119440422e-13,0.0,0.0,0.0,0.0,0.2860228368155887,0.0011627906976744186,0.999831766696004,0.8553193585635706
CatBoost,catboost_regressor,Boosting,4300,1,raw,1.2791593997410933,0.5490821972257619,1.1895743598695092,2.287393167214112,3.967983685920714,0.04828965753164807,0.22345272297585594,1.0,0.5011627906976744,0.28829521344267633,0.0,1.0,1.0
CatBoost,catboost_regressor,Boosting,4300,1,projected,4.238529705127966e-14,2.007222074727915e-14,3.776586443654626e-14,8.332472990330249e-14,1.4286150405157443e-13,0.0,0.0,0.0,0.0,0.28829521344267633,0.0,1.0,1.0
CatBoost,catboost_regressor,Boosting,4300,2,raw,1.2670913822504597,0.5952903354016348,1.1669259956313103,2.3197378472470036,5.727541897630802,0.05886091032833678,0.26382959140299705,1.0,0.5372093023255814,0.31328821807299545,0.0011627906976744186,0.9993869222016346,0.47275309340576244
CatBoost,catboost_regressor,Boosting,4300,2,projected,4.413003810531462e-14,2.19861482539335e-14,4.0316829274276803e-14,8.796051025334712e-14,1.45140420328115e-13,0.0,0.0,0.0,0.0,0.31328821807299545,0.0011627906976744186,0.9993869222016346,0.47275309340576244
CatBoost,catboost_regressor,Boosting,4300,3,raw,1.566986631903704,0.6837934904329543,1.4704474495531479,2.8489594316495674,4.996875730334061,0.06278205754230258,0.2646564790467466,1.0,0.5825581395348837,0.3188938044606475,0.0,1.0,1.0
CatBoost,catboost_regressor,Boosting,4300,3,projected,4.328354811821096e-14,2.1049887732877252e-14,3.7645536166088496e-14,8.651423159652382e-14,1.2740659382676918e-13,0.0,0.0,0.0,0.0,0.3188938044606475,0.0,1.0,1.0
CatBoost,catboost_regressor,Boosting,4300,4,raw,1.2256329016533827,0.5348115759344831,1.1358273376995158,2.2420993995162903,3.927134086634373,0.047718621026713426,0.21634951468558242,1.0,0.55,0.28736019854265016,0.0,1.0,1.0
CatBoost,catboost_regressor,Boosting,4300,4,projected,4.313304255162523e-14,2.1210058348270788e-14,3.764032658966892e-14,8.573290973212053e-14,1.4583446096433614e-13,0.0,0.0,0.0,0.0,0.28736019854265016,0.0,1.0,1.0
CatBoost,catboost_regressor,Boosting,500,0,raw,2.993435580539783,1.3290681757610523,2.8570988451870933,5.447625125842959,6.4305916848111835,0.006299879878655447,0.055361510263496796,1.0,0.16,0.6325533978310942,0.0,1.0,1.0
CatBoost,catboost_regressor,Boosting,500,0,projected,4.351118196588887e-14,2.2948775197458586e-14,3.7171645235150753e-14,9.119638828985278e-14,1.203688627492521e-13,0.0,0.0,0.0,0.0,0.6325533978310942,0.0,1.0,1.0
CatBoost,catboost_regressor,Boosting,500,1,raw,3.9861054622859173,1.7199999356411735,3.888736380763949,7.150301216858353,10.406313327195468,0.001484878381741597,0.006472887277519115,1.0,0.09,0.826281240937945,0.0,1.0,1.0
CatBoost,catboost_regressor,Boosting,500,1,projected,4.2824652616871415e-14,2.196855465865687e-14,3.7027407496731084e-14,8.682185429671251e-14,1.1741436530357944e-13,0.0,0.0,0.0,0.0,0.826281240937945,0.0,1.0,1.0
CatBoost,catboost_regressor,Boosting,500,2,raw,3.429978392344807,1.5522782070212509,3.274880638213461,6.525396455155954,7.340582534129788,0.005465256077437868,0.04139911552643251,1.0,0.16,0.7691552795164535,0.0,1.0,1.0
CatBoost,catboost_regressor,Boosting,500,2,projected,4.726591571298213e-14,2.5069369338048614e-14,4.209230842521111e-14,9.36804150930024e-14,1.2888077909577372e-13,0.0,0.0,0.0,0.0,0.7691552795164535,0.0,1.0,1.0
CatBoost,catboost_regressor,Boosting,500,3,raw,7.397785309396658,4.467934954545406,6.026630226417328,15.962989016834545,20.283084813280908,0.0024895065151424667,0.011546260616141071,1.0,0.12,0.7668852594524362,0.0,1.0,1.0
CatBoost,catboost_regressor,Boosting,500,3,projected,3.927145400255562e-14,2.0014603500393426e-14,3.507675735882608e-14,8.665509502368446e-14,1.193336375924647e-13,0.0,0.0,0.0,0.0,0.7668852594524362,0.0,1.0,1.0
CatBoost,catboost_regressor,Boosting,500,4,raw,3.19198500757029,1.4747071155432063,2.814627553423956,6.21791952402178,7.5658072292125365,0.001499342085662807,0.007540013490411826,1.0,0.11,0.8948202819181167,0.01,0.9940305854776025,0.4030585477602482
CatBoost,catboost_regressor,Boosting,500,4,projected,4.0978162923217715e-14,1.9485754533155226e-14,3.614256574792605e-14,7.363535471620177e-14,9.670953878651431e-14,0.0,0.0,0.0,0.0,0.8948202819181167,0.01,0.9940305854776025,0.4030585477602482
CatBoost,catboost_regressor,Boosting,5250,0,raw,1.1273806181612245,0.5221414825586038,1.026720706855547,2.111787824431509,3.5729449041629615,0.05280736616248937,0.24592979704290102,1.0,0.5619047619047619,0.2688137945485583,0.0,1.0,1.0
CatBoost,catboost_regressor,Boosting,5250,0,projected,4.235645841295509e-14,2.108146447433412e-14,3.643155513149594e-14,8.566548695284633e-14,1.5326161396077248e-13,0.0,0.0,0.0,0.0,0.2688137945485583,0.0,1.0,1.0
CatBoost,catboost_regressor,Boosting,5250,1,raw,1.18578526624225,0.5329582010778259,1.102032257449299,2.1424701296540523,5.106666553616039,0.055103341692578696,0.2604891067431604,1.0,0.5504761904761905,0.26902313644734044,0.0,1.0,1.0
CatBoost,catboost_regressor,Boosting,5250,1,projected,4.2025264457341074e-14,2.0524935988012613e-14,3.7224089036823706e-14,8.565719707830832e-14,1.2814417116311057e-13,0.0,0.0,0.0,0.0,0.26902313644734044,0.0,1.0,1.0
CatBoost,catboost_regressor,Boosting,5250,2,raw,1.2182847008877355,0.5488150220326484,1.1337440729933415,2.22931580656475,4.141187290689921,0.05610726825413979,0.24833559599004118,1.0,0.540952380952381,0.3086217071615951,0.0009523809523809524,0.9993962870693154,0.36610142278113394
CatBoost,catboost_regressor,Boosting,5250,2,projected,4.253252189308449e-14,2.120744770606872e-14,3.753671878502609e-14,8.725499209842219e-14,1.4652790607048296e-13,0.0,0.0,0.0,0.0,0.3086217071615951,0.0009523809523809524,0.9993962870693154,0.36610142278113394
CatBoost,catboost_regressor,Boosting,5250,3,raw,1.441745336749066,0.6866671715597606,1.33517437733166,2.6530774052834585,7.70584911247633,0.06934703424140815,0.28609056931963894,1.0,0.6019047619047619,0.30945875097401254,0.0,1.0,1.0
CatBoost,catboost_regressor,Boosting,5250,3,projected,4.1011349200860985e-14,2.0800951518924766e-14,3.552713678800501e-14,8.638985452262718e-14,1.2735453437773744e-13,0.0,0.0,0.0,0.0,0.30945875097401254,0.0,1.0,1.0
CatBoost,catboost_regressor,Boosting,5250,4,raw,1.1445658611435177,0.5364060778847608,1.0557855659632374,2.111240980835023,4.313856243785589,0.04912258931857972,0.1999024713577659,1.0,0.5695238095238095,0.27113952205229624,0.0,1.0,1.0
CatBoost,catboost_regressor,Boosting,5250,4,projected,4.158619180207001e-14,2.1165013558724243e-14,3.6252472944505314e-14,8.646701587101112e-14,1.4649896587576703e-13,0.0,0.0,0.0,0.0,0.27113952205229624,0.0,1.0,1.0
CatBoost,catboost_regressor,Boosting,6200,0,raw,1.0570416370221432,0.4879956741603227,0.9732981242919583,1.9816303857617457,3.6881961427216963,0.05334313933512001,0.2340848833538199,1.0,0.5693548387096774,0.2539831389381275,0.0,1.0,1.0
CatBoost,catboost_regressor,Boosting,6200,0,projected,4.2924808188797166e-14,2.1044022601100748e-14,3.8938287704997476e-14,8.681641768094208e-14,1.4509761215734966e-13,0.0,0.0,0.0,0.0,0.2539831389381275,0.0,1.0,1.0
CatBoost,catboost_regressor,Boosting,6200,1,raw,1.1532114867975858,0.5160998175504685,1.0795344422958855,2.120425987616313,4.266979550872788,0.05493358159647808,0.25297787540980193,1.0,0.55,0.27008732808272706,0.0,1.0,1.0
CatBoost,catboost_regressor,Boosting,6200,1,projected,4.1870358110062575e-14,2.0263770626749402e-14,3.8119034644319395e-14,8.209264608041229e-14,1.467511591522657e-13,0.0,0.0,0.0,0.0,0.27008732808272706,0.0,1.0,1.0
CatBoost,catboost_regressor,Boosting,6200,2,raw,1.1691042941419385,0.5473117456148744,1.0684976416240575,2.1443084899062983,4.7147376249229875,0.05812939602742664,0.2750752396906533,1.0,0.557258064516129,0.2988259971057399,0.0008064516129032258,0.9994636944568257,0.3349811264636994
CatBoost,catboost_regressor,Boosting,6200,2,projected,4.256257612984906e-14,2.0762044925312476e-14,3.753664931814031e-14,8.676342806309768e-14,1.2800866659430077e-13,0.0,0.0,0.0,0.0,0.2988259971057399,0.0008064516129032258,0.9994636944568257,0.3349811264636994
CatBoost,catboost_regressor,Boosting,6200,3,raw,1.3480194580039402,0.6278911457781963,1.2567017092300043,2.415928869308626,6.390829689396142,0.07145220588089789,0.29519050094714383,1.0,0.6129032258064516,0.29686226711837527,0.0008064516129032258,0.9999964245864355,0.9955664871801098
CatBoost,catboost_regressor,Boosting,6200,3,projected,4.127458511709221e-14,2.117396883120656e-14,3.592596618980931e-14,8.556067554929069e-14,1.5437961545663083e-13,0.0,0.0,0.0,0.0,0.29686226711837527,0.0008064516129032258,0.9999964245864355,0.9955664871801098
CatBoost,catboost_regressor,Boosting,6200,4,raw,1.1028242447778853,0.5125073025975718,1.0125489441393252,2.0437618648775286,3.3503485066921677,0.053510806432155465,0.2248403263691998,1.0,0.5967741935483871,0.2591589046114515,0.0,1.0,1.0
CatBoost,catboost_regressor,Boosting,6200,4,projected,4.154958884500478e-14,2.0531265750308962e-14,3.692088357856443e-14,8.458033875093538e-14,1.2750233540917834e-13,0.0,0.0,0.0,0.0,0.2591589046114515,0.0,1.0,1.0
CatBoost,catboost_regressor,Boosting,7150,0,raw,1.0321777682230688,0.47110980651681145,0.9562649420219247,1.92135350257821,3.866701373265696,0.05559428252488708,0.2315253798329014,1.0,0.5972027972027972,0.24948346007755998,0.0,1.0,1.0
CatBoost,catboost_regressor,Boosting,7150,0,projected,4.213710224765277e-14,2.0737820955932484e-14,3.650186391019353e-14,8.674046798910363e-14,1.2912538128792226e-13,0.0,0.0,0.0,0.0,0.24948346007755998,0.0,1.0,1.0
CatBoost,catboost_regressor,Boosting,7150,1,raw,1.0748546801912946,0.48997161042596105,0.995679890425702,1.942401109066641,3.5101040340823175,0.05752387077497109,0.25127362034087275,1.0,0.5734265734265734,0.2522150570385254,0.0,1.0,1.0
CatBoost,catboost_regressor,Boosting,7150,1,projected,4.31061478326554e-14,2.1534638117940428e-14,3.87147139580196e-14,8.658714710175233e-14,1.537138960314901e-13,0.0,0.0,0.0,0.0,0.2522150570385254,0.0,1.0,1.0
CatBoost,catboost_regressor,Boosting,7150,2,raw,1.1229247512528577,0.5242499595102046,1.0316262991733574,2.0621134838148483,4.829639663904999,0.06378965123933802,0.29945389073261264,1.0,0.5727272727272728,0.28787039216991095,0.0006993006993006993,0.9995243600623551,0.3198348891679158
CatBoost,catboost_regressor,Boosting,7150,2,projected,4.2890509068582624e-14,2.0547714477734577e-14,3.818125355265177e-14,8.69007887433596e-14,1.4510780572443112e-13,0.0,0.0,0.0,0.0,0.28787039216991095,0.0006993006993006993,0.9995243600623551,0.3198348891679158
CatBoost,catboost_regressor,Boosting,7150,3,raw,1.29466017562179,0.5714346929885954,1.2259903865391704,2.3483653869890375,3.9401834568308858,0.07238754145492621,0.31924131950834617,1.0,0.6076923076923076,0.28844940521434614,0.0,1.0,1.0
CatBoost,catboost_regressor,Boosting,7150,3,projected,4.1719694638371125e-14,2.069047275494392e-14,3.6366521232743984e-14,8.630961777932103e-14,1.2858970967514324e-13,0.0,0.0,0.0,0.0,0.28844940521434614,0.0,1.0,1.0
CatBoost,catboost_regressor,Boosting,7150,4,raw,1.0735959525890972,0.48985155493891763,0.9981724942722632,1.9937425172405596,3.564025913671125,0.05740620481104838,0.24515839047270385,1.0,0.6013986013986014,0.25169714752075306,0.0,1.0,1.0
CatBoost,catboost_regressor,Boosting,7150,4,projected,4.2143727206573914e-14,2.0276235763159128e-14,3.709673598708687e-14,8.535479986424285e-14,1.4246337553745592e-13,0.0,0.0,0.0,0.0,0.25169714752075306,0.0,1.0,1.0
CatBoost,catboost_regressor,Boosting,8100,0,raw,0.9859906098699505,0.4435930350933025,0.9074638362126417,1.8014194663076335,3.473931575018237,0.05684187719129984,0.2395249749848701,1.0,0.591358024691358,0.23736521765029908,0.0,1.0,1.0
CatBoost,catboost_regressor,Boosting,8100,0,projected,4.287091514980698e-14,2.078601658518863e-14,3.907985046680551e-14,8.651423159652382e-14,1.483683374584764e-13,0.0,0.0,0.0,0.0,0.23736521765029908,0.0,1.0,1.0
CatBoost,catboost_regressor,Boosting,8100,1,raw,1.0546211363433768,0.49615398944612826,0.9819072637716402,1.9759384944655678,4.787812208677365,0.06139506736582892,0.26702318785463625,1.0,0.5679012345679012,0.25217410815664826,0.0,1.0,1.0
CatBoost,catboost_regressor,Boosting,8100,1,projected,4.153339230669504e-14,1.9963517997913212e-14,3.635871586393357e-14,8.332986731144763e-14,1.301598125403016e-13,0.0,0.0,0.0,0.0,0.25217410815664826,0.0,1.0,1.0
CatBoost,catboost_regressor,Boosting,8100,2,raw,1.1005656977817417,0.4962270116367612,1.0246975946715347,2.0545904266734327,3.972087730307402,0.0654539462239178,0.29696468406272214,1.0,0.5864197530864198,0.26842462453253824,0.0,1.0,1.0
CatBoost,catboost_regressor,Boosting,8100,2,projected,4.2735482697403813e-14,2.0933071294635056e-14,3.753533803618378e-14,8.673370364889447e-14,1.7262907755223093e-13,0.0,0.0,0.0,0.0,0.26842462453253824,0.0,1.0,1.0
CatBoost,catboost_regressor,Boosting,8100,3,raw,1.1905290907180133,0.5189226392609957,1.1219249573833252,2.1937870334588894,4.356129030384075,0.0740512525457222,0.333155533055869,1.0,0.6037037037037037,0.27645222039667594,0.0,1.0,1.0
CatBoost,catboost_regressor,Boosting,8100,3,projected,4.172321216863298e-14,2.0383054670485593e-14,3.640989867996253e-14,8.48250518899093e-14,1.537241597043244e-13,0.0,0.0,0.0,0.0,0.27645222039667594,0.0,1.0,1.0
CatBoost,catboost_regressor,Boosting,8100,4,raw,1.0306385938457172,0.4788151983372793,0.9508635204803828,1.8567974634190259,3.9731877794372905,0.05624908653029099,0.2548497044876703,1.0,0.5802469135802469,0.24522920585999344,0.0,1.0,1.0
CatBoost,catboost_regressor,Boosting,8100,4,projected,4.1984473269512533e-14,2.0097565999431632e-14,3.709141974507642e-14,8.426256866708516e-14,1.1827122038509192e-13,0.0,0.0,0.0,0.0,0.24522920585999344,0.0,1.0,1.0
CatBoost,catboost_regressor,Boosting,9050,0,raw,0.9657325384524936,0.42845191754966616,0.8941407144117425,1.7741313287022613,3.990373855494449,0.06012195219354078,0.24722354531816973,1.0,0.587292817679558,0.23458729496604286,0.0,1.0,1.0
CatBoost,catboost_regressor,Boosting,9050,0,projected,4.287994965873212e-14,2.1240967803293683e-14,3.692088357856443e-14,8.685752691246258e-14,1.5009952515951574e-13,0.0,0.0,0.0,0.0,0.23458729496604286,0.0,1.0,1.0
CatBoost,catboost_regressor,Boosting,9050,1,raw,1.034982274160211,0.461451115096814,0.9577087999402927,1.8776365037938965,3.9528066503903587,0.058229010542562125,0.26583111722991687,1.0,0.5679558011049723,0.24047776546232888,0.0,1.0,1.0
CatBoost,catboost_regressor,Boosting,9050,1,projected,4.236846816044446e-14,2.0669301188079944e-14,3.776586443654626e-14,8.594608186143194e-14,1.459577264211384e-13,0.0,0.0,0.0,0.0,0.24047776546232888,0.0,1.0,1.0
CatBoost,catboost_regressor,Boosting,9050,2,raw,1.0687681725842644,0.4807310359954924,0.9919317771083614,1.9847968034710795,4.007083099019029,0.0648800341841307,0.2875463407189218,1.0,0.5767955801104973,0.27351499804705726,0.0005524861878453039,0.9996285820173316,0.32773345137017956
CatBoost,catboost_regressor,Boosting,9050,2,projected,4.295983862289709e-14,2.1407152047813537e-14,3.891802844472395e-14,8.632660640506684e-14,1.666755016596304e-13,0.0,0.0,0.0,0.0,0.27351499804705726,0.0005524861878453039,0.9996285820173316,0.32773345137017956
CatBoost,catboost_regressor,Boosting,9050,3,raw,1.1770504690658519,0.5162136250776403,1.1016692952970253,2.121873164104858,4.1517976611688026,0.07400053704023898,0.3209892157542492,1.0,0.612707182320442,0.2745816088871119,0.0,1.0,1.0
CatBoost,catboost_regressor,Boosting,9050,3,projected,4.2055422922705045e-14,2.103205112913956e-14,3.692088357856443e-14,8.594608186143194e-14,1.4233041855511978e-13,0.0,0.0,0.0,0.0,0.2745816088871119,0.0,1.0,1.0
CatBoost,catboost_regressor,Boosting,9050,4,raw,0.9810905652508054,0.4455813734100749,0.9101838845956575,1.7787944837297227,3.384624702242925,0.05907018652197437,0.25563230890112937,1.0,0.5850828729281768,0.23785738704216391,0.0,1.0,1.0
CatBoost,catboost_regressor,Boosting,9050,4,projected,4.2895169990864654e-14,2.0830064448995206e-14,3.795338694922507e-14,8.61063551491335e-14,1.485782069204794e-13,0.0,0.0,0.0,0.0,0.23785738704216391,0.0,1.0,1.0
Extra Trees,extra_trees_regressor,Randomized tree ensembles,10000,0,raw,24.03091561118669,15.336094413372898,20.686648665403393,52.319526373073195,76.34356197949853,0.0,0.0,1.0,0.0,1.518119392895141,0.008,0.9959176082374167,0.030572155402338107
Extra Trees,extra_trees_regressor,Randomized tree ensembles,10000,0,projected,4.2100313219467105e-14,2.0897845405090107e-14,3.7287626549404686e-14,8.592868015318674e-14,1.7126880597393708e-13,0.0,0.0,0.0,0.0,1.518119392895141,0.008,0.9959176082374167,0.030572155402338107
Extra Trees,extra_trees_regressor,Randomized tree ensembles,10000,1,raw,24.620683204442535,15.305198080132714,21.738690146512937,53.19787203229132,78.79536353825567,0.0,0.0,1.0,0.0,1.5261489725058588,0.0095,0.9964242522113318,0.23566803883903914
Extra Trees,extra_trees_regressor,Randomized tree ensembles,10000,1,projected,4.211200346090016e-14,2.0866236040771436e-14,3.709141974507642e-14,8.653360562762865e-14,1.4299396722704293e-13,0.0,0.0,0.0,0.0,1.5261489725058588,0.0095,0.9964242522113318,0.23566803883903914
Extra Trees,extra_trees_regressor,Randomized tree ensembles,10000,2,raw,25.294237675301872,15.85211101539428,22.02403466517172,54.480862949453545,83.6909435344078,0.0,0.0,1.0,0.0,1.5647607018313916,0.009,0.9959970745204793,0.03826851917245133
Extra Trees,extra_trees_regressor,Randomized tree ensembles,10000,2,projected,4.276039145101059e-14,2.1594947876938177e-14,3.8428474007872526e-14,8.703625556450635e-14,1.718573603063735e-13,0.0,0.0,0.0,0.0,1.5647607018313916,0.009,0.9959970745204793,0.03826851917245133
Extra Trees,extra_trees_regressor,Randomized tree ensembles,10000,3,raw,23.06567289105292,15.109992527815225,19.28565018251053,51.80057692595914,68.22954907917655,0.0,0.0,1.0,0.0,1.5136345195268488,0.009,0.9956695927605593,0.08304291004118264
Extra Trees,extra_trees_regressor,Randomized tree ensembles,10000,3,projected,4.22479921292167e-14,2.0914502485630027e-14,3.776586443654626e-14,8.673394518545917e-14,1.4989967986728757e-13,0.0,0.0,0.0,0.0,1.5136345195268488,0.009,0.9956695927605593,0.08304291004118264
Extra Trees,extra_trees_regressor,Randomized tree ensembles,10000,4,raw,23.657452235130414,14.919790510323729,20.350523383393032,51.9358401611367,71.83975366025484,0.0,0.0,1.0,0.0,1.5158561588857715,0.0085,0.9956612982865752,0.025211449656060165
Extra Trees,extra_trees_regressor,Randomized tree ensembles,10000,4,projected,4.177556093821907e-14,2.0068768349104882e-14,3.6726146700769974e-14,8.593693459693031e-14,1.5354958396311467e-13,0.0,0.0,0.0,0.0,1.5158561588857715,0.0085,0.9956612982865752,0.025211449656060165
Extra Trees,extra_trees_regressor,Randomized tree ensembles,1450,0,raw,32.94228832334902,17.966855368620546,29.790794961120405,65.60156979542568,72.99097329085772,0.0,0.0,1.0,0.0,1.7504643951595285,0.006896551724137931,0.9935257562943935,0.028183166902586734
Extra Trees,extra_trees_regressor,Randomized tree ensembles,1450,0,projected,4.133276985809016e-14,1.9133148641119975e-14,3.6257915443163305e-14,7.165444718289877e-14,1.4581552721991555e-13,0.0,0.0,0.0,0.0,1.7504643951595285,0.006896551724137931,0.9935257562943935,0.028183166902586734
Extra Trees,extra_trees_regressor,Randomized tree ensembles,1450,1,raw,32.362625127609974,17.01814581852565,29.976757653903995,63.31172670893264,94.1764775493338,0.0,0.0,1.0,0.0,1.8257705641838247,0.02413793103448276,0.9910393149356519,0.39933969365089933
Extra Trees,extra_trees_regressor,Randomized tree ensembles,1450,1,projected,4.2151170611925803e-14,2.0617094928197474e-14,3.709141974507642e-14,8.717846083433182e-14,1.0462425111247755e-13,0.0,0.0,0.0,0.0,1.8257705641838247,0.02413793103448276,0.9910393149356519,0.39933969365089933
Extra Trees,extra_trees_regressor,Randomized tree ensembles,1450,2,raw,33.610892519635456,18.1508369910415,30.72899575699408,67.32243295988043,80.37739528675024,0.0,0.0,1.0,0.0,1.9085913602786935,0.006896551724137931,0.9942408435383278,0.04089860217749724
Extra Trees,extra_trees_regressor,Randomized tree ensembles,1450,2,projected,4.3668788571350246e-14,2.1185064051559423e-14,3.875518864280909e-14,8.667444358982481e-14,1.2234959966209091e-13,0.0,0.0,0.0,0.0,1.9085913602786935,0.006896551724137931,0.9942408435383278,0.04089860217749724
Extra Trees,extra_trees_regressor,Randomized tree ensembles,1450,3,raw,33.242188961626766,17.627858360400758,29.973235092389004,64.4206991423098,73.89070023446011,0.0,0.0,1.0,0.0,1.6670802313347406,0.010344827586206896,0.9963279782111633,0.4631965828521207
Extra Trees,extra_trees_regressor,Randomized tree ensembles,1450,3,projected,4.0630825120703925e-14,2.1408102605215243e-14,3.499017183300205e-14,8.019246732274198e-14,1.4233041855511978e-13,0.0,0.0,0.0,0.0,1.6670802313347406,0.010344827586206896,0.9963279782111633,0.4631965828521207
Extra Trees,extra_trees_regressor,Randomized tree ensembles,1450,4,raw,30.713860588291436,16.761287630941986,27.796430132598807,60.92598675822298,73.6617075143656,0.0,0.0,1.0,0.0,1.7797382447782482,0.017241379310344827,0.9930114240095318,0.12784487809331052
Extra Trees,extra_trees_regressor,Randomized tree ensembles,1450,4,projected,4.09244595102146e-14,1.919256554461007e-14,3.572779033051578e-14,7.622176437915577e-14,1.1418534512577734e-13,0.0,0.0,0.0,0.0,1.7797382447782482,0.017241379310344827,0.9930114240095318,0.12784487809331052
Extra Trees,extra_trees_regressor,Randomized tree ensembles,2400,0,raw,30.329555047535845,17.971827659365783,26.224454849676462,63.757939098097815,72.46497505000974,0.0,0.0,1.0,0.0,1.6303428448142085,0.00625,0.9957156701224449,0.03355262335777146
Extra Trees,extra_trees_regressor,Randomized tree ensembles,2400,0,projected,4.385525587473872e-14,2.13432699983371e-14,3.8521954974240515e-14,9.030899683959558e-14,1.2715538963571249e-13,0.0,0.0,0.0,0.0,1.6303428448142085,0.00625,0.9957156701224449,0.03355262335777146
Extra Trees,extra_trees_regressor,Randomized tree ensembles,2400,1,raw,30.236968241598607,16.30987097553813,27.016809436240116,59.75017228481752,83.8170085583506,0.0,0.0,1.0,0.0,1.7672735048812418,0.01875,0.9925456409087035,0.24493601254211617
Extra Trees,extra_trees_regressor,Randomized tree ensembles,2400,1,projected,4.2413777230207107e-14,2.1657364860521898e-14,3.628578447023634e-14,8.791077148190944e-14,1.4317039415068597e-13,0.0,0.0,0.0,0.0,1.7672735048812418,0.01875,0.9925456409087035,0.24493601254211617
Extra Trees,extra_trees_regressor,Randomized tree ensembles,2400,2,raw,32.62553850539231,17.405141425880753,30.240392780050186,63.75464971340507,78.95422947462554,0.0,0.0,1.0,0.0,1.9118333681327546,0.016666666666666666,0.9907991682528969,0.03993111332102264
Extra Trees,extra_trees_regressor,Randomized tree ensembles,2400,2,projected,4.342297202141816e-14,2.180280405369152e-14,3.9640945838142355e-14,8.673279421411239e-14,1.4588854383694046e-13,0.0,0.0,0.0,0.0,1.9118333681327546,0.016666666666666666,0.9907991682528969,0.03993111332102264
Extra Trees,extra_trees_regressor,Randomized tree ensembles,2400,3,raw,30.052160864157678,16.83395605151766,26.792331379734044,59.68288040276467,74.83056550014345,0.0,0.0,1.0,0.0,1.6799903276107861,0.014583333333333334,0.9945212779227434,0.07505681371347755
Extra Trees,extra_trees_regressor,Randomized tree ensembles,2400,3,projected,4.309395522807581e-14,2.2952298730776596e-14,3.6647441481597273e-14,8.990803308576623e-14,1.7325061425333686e-13,0.0,0.0,0.0,0.0,1.6799903276107861,0.014583333333333334,0.9945212779227434,0.07505681371347755
Extra Trees,extra_trees_regressor,Randomized tree ensembles,2400,4,raw,29.57234139407883,16.32038068942518,26.732818801826657,58.20764595988694,73.53422398969653,0.0,0.0,1.0,0.0,1.6624272972807537,0.008333333333333333,0.9958382076429321,0.12822214379008787
Extra Trees,extra_trees_regressor,Randomized tree ensembles,2400,4,projected,4.1311846510941244e-14,2.012581310004324e-14,3.6404482152219934e-14,8.324915571475023e-14,1.271088517760724e-13,0.0,0.0,0.0,0.0,1.6624272972807537,0.008333333333333333,0.9958382076429321,0.12822214379008787
Extra Trees,extra_trees_regressor,Randomized tree ensembles,3350,0,raw,28.909100023217007,17.153678390980065,25.864838301692327,60.55694381968213,72.0163369667379,0.0,0.0,1.0,0.0,1.6157635695114008,0.007462686567164179,0.9959391338285029,0.03354893576581035
Extra Trees,extra_trees_regressor,Randomized tree ensembles,3350,0,projected,4.2882993646430655e-14,2.2184600290815408e-14,3.668494437930113e-14,8.909949941053787e-14,1.4518678160293116e-13,0.0,0.0,0.0,0.0,1.6157635695114008,0.007462686567164179,0.9959391338285029,0.03354893576581035
Extra Trees,extra_trees_regressor,Randomized tree ensembles,3350,1,raw,28.414099143238925,16.198696087521565,25.023024767564024,57.99910685870947,75.67528815431754,0.0,0.0,1.0,0.0,1.6909745482312606,0.014925373134328358,0.9941741324489413,0.25488371621243816
Extra Trees,extra_trees_regressor,Randomized tree ensembles,3350,1,projected,4.2021500053736664e-14,2.1209032399493368e-14,3.7133931414897734e-14,8.641604582505148e-14,1.343000958189279e-13,0.0,0.0,0.0,0.0,1.6909745482312606,0.014925373134328358,0.9941741324489413,0.25488371621243816
Extra Trees,extra_trees_regressor,Randomized tree ensembles,3350,2,raw,30.20414146178374,16.903547405358285,26.754316901686586,60.58548804194747,73.9461213474686,0.0,0.0,1.0,0.0,1.8161986633883862,0.016417910447761194,0.9921599871043449,0.04194916661913107
Extra Trees,extra_trees_regressor,Randomized tree ensembles,3350,2,projected,4.2688763867762e-14,2.1598110726071657e-14,3.7006151661820426e-14,8.743045435104861e-14,1.4369837526939964e-13,0.0,0.0,0.0,0.0,1.8161986633883862,0.016417910447761194,0.9921599871043449,0.04194916661913107
Extra Trees,extra_trees_regressor,Randomized tree ensembles,3350,3,raw,27.854710065849332,16.116964165962088,24.293533013455068,56.57378454555078,74.95036677369801,0.0,0.0,1.0,0.0,1.667056914565171,0.013432835820895522,0.9943344724876013,0.07365873077380569
Extra Trees,extra_trees_regressor,Randomized tree ensembles,3350,3,projected,4.3064497434237926e-14,2.2020528164499044e-14,3.896139423413747e-14,8.78289512222514e-14,1.4534854800043963e-13,0.0,0.0,0.0,0.0,1.667056914565171,0.013432835820895522,0.9943344724876013,0.07365873077380569
Extra Trees,extra_trees_regressor,Randomized tree ensembles,3350,4,raw,28.348931536673856,15.966949594792094,25.275863368696157,56.957942408843245,72.42104636967406,0.0,0.0,1.0,0.0,1.6759421649022876,0.008955223880597015,0.994234177460631,0.11775972620993372
Extra Trees,extra_trees_regressor,Randomized tree ensembles,3350,4,projected,4.21737144869545e-14,2.1442779974249042e-14,3.657742603375525e-14,8.693351124894526e-14,1.2715616512240437e-13,0.0,0.0,0.0,0.0,1.6759421649022876,0.008955223880597015,0.994234177460631,0.11775972620993372
Extra Trees,extra_trees_regressor,Randomized tree ensembles,4300,0,raw,27.370102691817138,16.672780296143046,23.750281395530592,58.92097193189725,74.06863850112374,0.0,0.0,1.0,0.0,1.60120377109762,0.0069767441860465115,0.9961198566064732,0.036267920503198214
Extra Trees,extra_trees_regressor,Randomized tree ensembles,4300,0,projected,4.329427953794694e-14,2.101246420916511e-14,3.8284502573825064e-14,8.709788422475801e-14,1.216382963475126e-13,0.0,0.0,0.0,0.0,1.60120377109762,0.0069767441860465115,0.9961198566064732,0.036267920503198214
Extra Trees,extra_trees_regressor,Randomized tree ensembles,4300,1,raw,28.290269355646718,16.03570342291365,25.23511748489893,56.86968116098159,82.80094549394543,0.0,0.0,1.0,0.0,1.6494057900735226,0.012790697674418604,0.9951354337947271,0.26518265333731544
Extra Trees,extra_trees_regressor,Randomized tree ensembles,4300,1,projected,4.2526577814010044e-14,2.0947537910306988e-14,3.7176297579243684e-14,8.593064766488793e-14,1.3044133112135893e-13,0.0,0.0,0.0,0.0,1.6494057900735226,0.012790697674418604,0.9951354337947271,0.26518265333731544
Extra Trees,extra_trees_regressor,Randomized tree ensembles,4300,2,raw,28.959278636846978,16.68879082129567,25.88454623629299,57.443691576401115,80.70793234692282,0.0,0.0,1.0,0.0,1.7367005976015044,0.013953488372093023,0.9934492893781887,0.04371466953403627
Extra Trees,extra_trees_regressor,Randomized tree ensembles,4300,2,projected,4.29013766882636e-14,2.2288778612086098e-14,3.7786464272641955e-14,8.788928253162695e-14,1.4580200161141762e-13,0.0,0.0,0.0,0.0,1.7367005976015044,0.013953488372093023,0.9934492893781887,0.04371466953403627
Extra Trees,extra_trees_regressor,Randomized tree ensembles,4300,3,raw,26.87311289187242,16.04303416682051,22.875123028754963,56.08296298781636,67.79746999611535,0.0,0.0,1.0,0.0,1.667480440098668,0.013953488372093023,0.9934450639138773,0.07386576408269926
Extra Trees,extra_trees_regressor,Randomized tree ensembles,4300,3,projected,4.2390019492699145e-14,2.2532799516805565e-14,3.631836290069318e-14,8.738971356371406e-14,1.545736688357173e-13,0.0,0.0,0.0,0.0,1.667480440098668,0.013953488372093023,0.9934450639138773,0.07386576408269926
Extra Trees,extra_trees_regressor,Randomized tree ensembles,4300,4,raw,27.261012254682857,16.205601594287927,23.763191535261868,57.662577381641086,83.60492125729454,0.0,0.0,1.0,0.0,1.6100668878623396,0.0069767441860465115,0.995464715868053,0.12200394112531146
Extra Trees,extra_trees_regressor,Randomized tree ensembles,4300,4,projected,4.067107450556624e-14,2.0403737313020603e-14,3.66205343881779e-14,8.173167742892363e-14,1.27316589180206e-13,0.0,0.0,0.0,0.0,1.6100668878623396,0.0069767441860465115,0.995464715868053,0.12200394112531146
Extra Trees,extra_trees_regressor,Randomized tree ensembles,500,0,raw,39.9795018975541,18.458567406446527,39.599802546203506,67.63067656864125,79.2340394500137,0.0,0.0,1.0,0.0,1.9136235297422264,0.01,0.9902419487640437,0.024194876404368158
Extra Trees,extra_trees_regressor,Randomized tree ensembles,500,0,projected,4.130956713628295e-14,1.9853903007077653e-14,3.535421051056385e-14,7.676994067990256e-14,1.242696193598131e-13,0.0,0.0,0.0,0.0,1.9136235297422264,0.01,0.9902419487640437,0.024194876404368158
Extra Trees,extra_trees_regressor,Randomized tree ensembles,500,1,raw,33.959718243901506,17.10268602073826,32.68823208940956,64.93046600874781,75.50077823177213,0.0,0.0,1.0,0.0,1.9835291571176692,0.02,0.9911388541641262,0.5117372423135552
Extra Trees,extra_trees_regressor,Randomized tree ensembles,500,1,projected,4.100899992872997e-14,2.091295743617568e-14,3.5704330589399866e-14,6.879259365097797e-14,1.290887205060483e-13,0.0,0.0,0.0,0.0,1.9835291571176692,0.02,0.9911388541641262,0.5117372423135552
Extra Trees,extra_trees_regressor,Randomized tree ensembles,500,2,raw,38.101698765732415,18.421858620077607,34.70438981551166,69.52872482512072,80.85674111707108,0.0,0.0,1.0,0.0,2.170343255371476,0.02,0.992090376645743,0.36086073966197874
Extra Trees,extra_trees_regressor,Randomized tree ensembles,500,2,projected,4.4119604727369886e-14,2.2753263038799095e-14,4.0583129912007293e-14,8.997654524436881e-14,1.279470261676544e-13,0.0,0.0,0.0,0.0,2.170343255371476,0.02,0.992090376645743,0.36086073966197874
Extra Trees,extra_trees_regressor,Randomized tree ensembles,500,3,raw,38.004711012431805,18.963306804288127,35.123397846228634,71.41277803979912,82.92958147664277,0.0,0.0,1.0,0.0,1.8391605077695052,0.01,0.9979112566986359,0.7911256698635933
Extra Trees,extra_trees_regressor,Randomized tree ensembles,500,3,projected,4.167900377674051e-14,2.3397105741520173e-14,3.5070305636339595e-14,8.727263819951031e-14,1.4256301190040194e-13,0.0,0.0,0.0,0.0,1.8391605077695052,0.01,0.9979112566986359,0.7911256698635933
Extra Trees,extra_trees_regressor,Randomized tree ensembles,500,4,raw,37.53598575961047,18.694987431048357,35.905341226803806,73.39355801549671,78.46641855310419,0.0,0.0,1.0,0.0,2.421052076604459,0.04,0.9816312995848244,0.11918423683022521
Extra Trees,extra_trees_regressor,Randomized tree ensembles,500,4,projected,4.182842492549101e-14,1.8888471505287807e-14,3.70851732943831e-14,7.513402396753317e-14,9.127086697919487e-14,0.0,0.0,0.0,0.0,2.421052076604459,0.04,0.9816312995848244,0.11918423683022521
Extra Trees,extra_trees_regressor,Randomized tree ensembles,5250,0,raw,26.889906122171205,16.58727233786395,22.88267134959997,57.82577780573992,73.39671072955836,0.0,0.0,1.0,0.0,1.5654900289960187,0.005714285714285714,0.9966662612597786,0.04325412416379435
Extra Trees,extra_trees_regressor,Randomized tree ensembles,5250,0,projected,4.320870427185478e-14,2.1749525553968918e-14,3.8263897345803626e-14,8.782460517495814e-14,1.4322617147223301e-13,0.0,0.0,0.0,0.0,1.5654900289960187,0.005714285714285714,0.9966662612597786,0.04325412416379435
Extra Trees,extra_trees_regressor,Randomized tree ensembles,5250,1,raw,27.53775610362364,15.942996816432878,25.127521705308173,56.56357038791816,76.31276171021989,0.0,0.0,1.0,0.0,1.6174380825821455,0.011428571428571429,0.9954695719905768,0.2659560115785162
Extra Trees,extra_trees_regressor,Randomized tree ensembles,5250,1,projected,4.2516474087312515e-14,2.1187124842945164e-14,3.762460162107326e-14,8.65971677080507e-14,1.4348136828018036e-13,0.0,0.0,0.0,0.0,1.6174380825821455,0.011428571428571429,0.9954695719905768,0.2659560115785162
Extra Trees,extra_trees_regressor,Randomized tree ensembles,5250,2,raw,28.273090698390003,16.876475910948507,24.99840302807874,58.868288191875,78.36246003563922,0.0,0.0,1.0,0.0,1.719913541699979,0.013333333333333334,0.9942231170990551,0.04045194638696502
Extra Trees,extra_trees_regressor,Randomized tree ensembles,5250,2,projected,4.258107232867379e-14,2.179369026200352e-14,3.787010985499196e-14,8.665265040519542e-14,1.4583446096433614e-13,0.0,0.0,0.0,0.0,1.719913541699979,0.013333333333333334,0.9942231170990551,0.04045194638696502
Extra Trees,extra_trees_regressor,Randomized tree ensembles,5250,3,raw,25.638024673872106,15.862110208351021,21.695228587389064,55.45763202400522,67.87622669009893,0.0,0.0,1.0,0.0,1.614748976855547,0.013333333333333334,0.9946699954981596,0.07682710012930351
Extra Trees,extra_trees_regressor,Randomized tree ensembles,5250,3,projected,4.21021568731358e-14,2.1108979933929253e-14,3.6404482152219934e-14,8.576454381521195e-14,1.4548785450645079e-13,0.0,0.0,0.0,0.0,1.614748976855547,0.013333333333333334,0.9946699954981596,0.07682710012930351
Extra Trees,extra_trees_regressor,Randomized tree ensembles,5250,4,raw,26.439007667057915,15.970058710149699,22.680293258134107,56.667007410397595,77.39543058707369,0.0,0.0,1.0,0.0,1.5791033472849858,0.006666666666666667,0.9954331552608281,0.03147217209248511
Extra Trees,extra_trees_regressor,Randomized tree ensembles,5250,4,projected,4.161216610296104e-14,2.1238714792937228e-14,3.614921991301619e-14,8.579625542838854e-14,1.2800866659430077e-13,0.0,0.0,0.0,0.0,1.5791033472849858,0.006666666666666667,0.9954331552608281,0.03147217209248511
Extra Trees,extra_trees_regressor,Randomized tree ensembles,6200,0,raw,25.82693993509046,16.027105489964118,22.463899299030047,55.73496848007603,68.74786026761737,0.0,0.0,1.0,0.0,1.5617691792404818,0.0064516129032258064,0.9965033295744017,0.03707014487892318
Extra Trees,extra_trees_regressor,Randomized tree ensembles,6200,0,projected,4.279663720532106e-14,2.095969518538642e-14,3.829609574358487e-14,8.667364553009186e-14,1.7492380281629086e-13,0.0,0.0,0.0,0.0,1.5617691792404818,0.0064516129032258064,0.9965033295744017,0.03707014487892318
Extra Trees,extra_trees_regressor,Randomized tree ensembles,6200,1,raw,27.392181019856828,16.009722248891222,24.67621863229767,56.52505417032125,77.3014650520026,0.0,0.0,1.0,0.0,1.6341236226250488,0.012096774193548387,0.9952489947602916,0.22225540026854154
Extra Trees,extra_trees_regressor,Randomized tree ensembles,6200,1,projected,4.2717175819190755e-14,2.1031426670660447e-14,3.8428474007872526e-14,8.565278744313617e-14,1.3082479199171336e-13,0.0,0.0,0.0,0.0,1.6341236226250488,0.012096774193548387,0.9952489947602916,0.22225540026854154
Extra Trees,extra_trees_regressor,Randomized tree ensembles,6200,2,raw,27.289809231182147,16.398152768728718,23.97204640434384,57.35774121230862,77.42814553056623,0.0,0.0,1.0,0.0,1.6625317562668898,0.012096774193548387,0.9946107221470897,0.03865521726432832
Extra Trees,extra_trees_regressor,Randomized tree ensembles,6200,2,projected,4.30855943246309e-14,2.149809917438791e-14,3.8617888427545456e-14,8.805785700040304e-14,1.450969325607484e-13,0.0,0.0,0.0,0.0,1.6625317562668898,0.012096774193548387,0.9946107221470897,0.03865521726432832
Extra Trees,extra_trees_regressor,Randomized tree ensembles,6200,3,raw,24.651532030842745,15.53568901410683,20.81687509481424,53.63711926960797,68.41092487146669,0.0,0.0,1.0,0.0,1.5718342369741856,0.010483870967741936,0.9947617382468168,0.08297775494241424
Extra Trees,extra_trees_regressor,Randomized tree ensembles,6200,3,projected,4.1646982220594525e-14,2.0893501307045986e-14,3.62742331401871e-14,8.622218167533283e-14,1.4588854383694046e-13,0.0,0.0,0.0,0.0,1.5718342369741856,0.010483870967741936,0.9947617382468168,0.08297775494241424
Extra Trees,extra_trees_regressor,Randomized tree ensembles,6200,4,raw,25.17854806043697,15.60265955400672,22.01457421490251,54.98562141616796,80.26773455832249,0.0,0.0,1.0,0.0,1.5684456147567651,0.008870967741935484,0.9947133341852598,0.02379629960588879
Extra Trees,extra_trees_regressor,Randomized tree ensembles,6200,4,projected,4.1803948210298275e-14,2.0478799247616676e-14,3.6404482152219934e-14,8.56465370220035e-14,1.5365486660812167e-13,0.0,0.0,0.0,0.0,1.5684456147567651,0.008870967741935484,0.9947133341852598,0.02379629960588879
Extra Trees,extra_trees_regressor,Randomized tree ensembles,7150,0,raw,25.263548906650865,15.764327263987136,21.727435028997103,54.62684728326849,74.60613577557939,0.0,0.0,1.0,0.0,1.5345406506507124,0.005594405594405594,0.9970022300232314,0.035238243943945764
Extra Trees,extra_trees_regressor,Randomized tree ensembles,7150,0,projected,4.180184416181194e-14,2.0464009299269543e-14,3.680315661049109e-14,8.567815664034811e-14,1.6618195621058618e-13,0.0,0.0,0.0,0.0,1.5345406506507124,0.005594405594405594,0.9970022300232314,0.035238243943945764
Extra Trees,extra_trees_regressor,Randomized tree ensembles,7150,1,raw,26.8229705043349,15.846387377153695,23.874010230630667,55.09537049224251,76.02645289835908,0.0,0.0,1.0,0.0,1.626032866826935,0.01048951048951049,0.9952800383269363,0.16564843789259925
Extra Trees,extra_trees_regressor,Randomized tree ensembles,7150,1,projected,4.132303142344941e-14,2.078159354848147e-14,3.6404482152219934e-14,8.493060309445353e-14,1.4339062254443437e-13,0.0,0.0,0.0,0.0,1.626032866826935,0.01048951048951049,0.9952800383269363,0.16564843789259925
Extra Trees,extra_trees_regressor,Randomized tree ensembles,7150,2,raw,26.794821413907446,16.361143038134564,23.266994833798087,57.2702150608121,76.10636669605145,0.0,0.0,1.0,0.0,1.6160949272549132,0.009790209790209791,0.9954494692661314,0.0414721538413618
Extra Trees,extra_trees_regressor,Randomized tree ensembles,7150,2,projected,4.277114361592533e-14,2.0439182816625125e-14,3.776586443654626e-14,8.575866209859836e-14,1.4250766696571006e-13,0.0,0.0,0.0,0.0,1.6160949272549132,0.009790209790209791,0.9954494692661314,0.0414721538413618
Extra Trees,extra_trees_regressor,Randomized tree ensembles,7150,3,raw,24.325779427786237,15.441506239658137,20.419012296422938,53.32254750307434,69.95807561806438,0.0,0.0,1.0,0.0,1.5464718442032117,0.009790209790209791,0.9956854243653906,0.07751553292662325
Extra Trees,extra_trees_regressor,Randomized tree ensembles,7150,3,projected,4.223065163104954e-14,2.1600457336492747e-14,3.588064934363216e-14,8.76890653058954e-14,1.4444304490450665e-13,0.0,0.0,0.0,0.0,1.5464718442032117,0.009790209790209791,0.9956854243653906,0.07751553292662325
Extra Trees,extra_trees_regressor,Randomized tree ensembles,7150,4,raw,25.06251927217415,15.40530203778985,21.55671796372531,54.55515195876929,73.65896220668526,0.0,0.0,1.0,0.0,1.561698819038062,0.008391608391608392,0.9950102798712401,0.024205515401788554
Extra Trees,extra_trees_regressor,Randomized tree ensembles,7150,4,projected,4.1150569485967864e-14,2.0478498965539688e-14,3.5704330589399866e-14,8.272088636435974e-14,1.1740092732181256e-13,0.0,0.0,0.0,0.0,1.561698819038062,0.008391608391608392,0.9950102798712401,0.024205515401788554
Extra Trees,extra_trees_regressor,Randomized tree ensembles,8100,0,raw,24.817844049426995,15.704604542517547,21.375012121877134,54.153641078920366,73.71895659324252,0.0,0.0,1.0,0.0,1.5310950911578018,0.006790123456790123,0.9966577750101435,0.02746322883464778
Extra Trees,extra_trees_regressor,Randomized tree ensembles,8100,0,projected,4.290237246986949e-14,2.1355867388507987e-14,3.793260195561498e-14,8.673643080989669e-14,1.4853572565959093e-13,0.0,0.0,0.0,0.0,1.5310950911578018,0.006790123456790123,0.9966577750101435,0.02746322883464778
Extra Trees,extra_trees_regressor,Randomized tree ensembles,8100,1,raw,25.859813246651218,15.646790424061235,23.16440075808651,54.0436716629089,75.15548391339357,0.0,0.0,1.0,0.0,1.569484003697751,0.009876543209876543,0.9962237684934949,0.23883088954148432
Extra Trees,extra_trees_regressor,Randomized tree ensembles,8100,1,projected,4.20274627207907e-14,2.0040029747824033e-14,3.776586443654626e-14,8.419155945097624e-14,1.3221931220741863e-13,0.0,0.0,0.0,0.0,1.569484003697751,0.009876543209876543,0.9962237684934949,0.23883088954148432
Extra Trees,extra_trees_regressor,Randomized tree ensembles,8100,2,raw,26.192912946854044,16.20850662436435,23.033434350200963,56.18397552295848,75.48627569272558,0.0,0.0,1.0,0.0,1.6082537830851447,0.010493827160493827,0.9956939579217051,0.04014706608821637
Extra Trees,extra_trees_regressor,Randomized tree ensembles,8100,2,projected,4.219650175499312e-14,2.1008323814886615e-14,3.6539644971974393e-14,8.680552612979835e-14,1.4840820891638929e-13,0.0,0.0,0.0,0.0,1.6082537830851447,0.010493827160493827,0.9956939579217051,0.04014706608821637
Extra Trees,extra_trees_regressor,Randomized tree ensembles,8100,3,raw,23.77630692818473,15.119568696532085,20.252356458805476,52.38348014480432,69.51061459661408,0.0,0.0,1.0,0.0,1.5199499672783445,0.009259259259259259,0.996301108129557,0.07697420169167668
Extra Trees,extra_trees_regressor,Randomized tree ensembles,8100,3,projected,4.186457522310184e-14,2.1042701459135043e-14,3.6539644971974393e-14,8.690270550388172e-14,1.289733238414695e-13,0.0,0.0,0.0,0.0,1.5199499672783445,0.009259259259259259,0.996301108129557,0.07697420169167668
Extra Trees,extra_trees_regressor,Randomized tree ensembles,8100,4,raw,24.424765610920687,15.228433182347851,21.05896833521456,53.27404461654622,72.29476602000985,0.0,0.0,1.0,0.0,1.5465762422910827,0.008641975308641974,0.9954271939825257,0.02365472289222822
Extra Trees,extra_trees_regressor,Randomized tree ensembles,8100,4,projected,4.216139173568185e-14,2.125953050890076e-14,3.650861626232625e-14,8.707335253029661e-14,1.4457405903112746e-13,0.0,0.0,0.0,0.0,1.5465762422910827,0.008641975308641974,0.9954271939825257,0.02365472289222822
Extra Trees,extra_trees_regressor,Randomized tree ensembles,9050,0,raw,23.894989968350586,15.273154623729754,20.66535055766021,52.30955943339953,74.40642196877837,0.0,0.0,1.0,0.0,1.5297047993491442,0.008287292817679558,0.9959239390994277,0.0394806098275153
Extra Trees,extra_trees_regressor,Randomized tree ensembles,9050,0,projected,4.2302527869564133e-14,2.1278019359612883e-14,3.6458951613176006e-14,8.664444481880048e-14,1.4804897923175903e-13,0.0,0.0,0.0,0.0,1.5297047993491442,0.008287292817679558,0.9959239390994277,0.0394806098275153
Extra Trees,extra_trees_regressor,Randomized tree ensembles,9050,1,raw,24.96533023709558,15.28443414994098,21.996761567537522,52.84533551787034,73.22727912116108,0.0,0.0,1.0,0.0,1.5512217230261895,0.008839779005524863,0.9963226467454681,0.22852831243448937
Extra Trees,extra_trees_regressor,Randomized tree ensembles,9050,1,projected,4.269269496879246e-14,2.0676918676884336e-14,3.726117541341095e-14,8.546379942717689e-14,1.279470261676544e-13,0.0,0.0,0.0,0.0,1.5512217230261895,0.008839779005524863,0.9963226467454681,0.22852831243448937
Extra Trees,extra_trees_regressor,Randomized tree ensembles,9050,2,raw,26.050233792715726,16.08814505932502,23.020035979704847,55.33728497519577,94.05127304300701,0.0,0.0,1.0,0.0,1.5839889586332057,0.009392265193370166,0.9962655919460616,0.03988243992445808
Extra Trees,extra_trees_regressor,Randomized tree ensembles,9050,2,projected,4.327817950919029e-14,2.1296986550831238e-14,3.874659272094939e-14,8.689260383032081e-14,1.2916890245198613e-13,0.0,0.0,0.0,0.0,1.5839889586332057,0.009392265193370166,0.9962655919460616,0.03988243992445808
Extra Trees,extra_trees_regressor,Randomized tree ensembles,9050,3,raw,23.38614798336779,15.189433845612168,19.448904438122458,52.12642809148073,67.66650716006197,0.0,0.0,1.0,0.0,1.5084903154388087,0.008839779005524863,0.9962482401057658,0.08574475180136279
Extra Trees,extra_trees_regressor,Randomized tree ensembles,9050,3,projected,4.231012421433319e-14,2.0522660953321186e-14,3.7658737583357825e-14,8.634975513558073e-14,1.2158640287401284e-13,0.0,0.0,0.0,0.0,1.5084903154388087,0.008839779005524863,0.9962482401057658,0.08574475180136279
Extra Trees,extra_trees_regressor,Randomized tree ensembles,9050,4,raw,24.06313105387963,14.975462006620287,20.865674664838213,52.023863933731064,73.62466790522345,0.0,0.0,1.0,0.0,1.5252386658676966,0.008287292817679558,0.9957694068480129,0.0243743093052999
Extra Trees,extra_trees_regressor,Randomized tree ensembles,9050,4,projected,4.2063714389275486e-14,2.024491696211525e-14,3.793260195561498e-14,8.197468958073184e-14,1.458804326842611e-13,0.0,0.0,0.0,0.0,1.5252386658676966,0.008287292817679558,0.9957694068480129,0.0243743093052999
k-NN,knn_regressor,Instance based,10000,0,raw,24.037038657321027,12.29745246135791,22.39800295109727,46.24908446588842,70.13989856786077,0.0,0.0,1.0,0.0,1.1876966410768888,0.003,0.9986228422837798,0.14148071481563185
k-NN,knn_regressor,Instance based,10000,0,projected,4.199016458846367e-14,2.0976030951791647e-14,3.6339357646203516e-14,8.651423159652382e-14,1.430380943588531e-13,0.0,0.0,0.0,0.0,1.1876966410768888,0.003,0.9986228422837798,0.14148071481563185
k-NN,knn_regressor,Instance based,10000,1,raw,24.15456072102286,12.145491821126432,22.38001483750989,47.24071954351809,64.52493011116121,0.0,0.0,1.0,0.0,1.1760366060617278,0.002,0.999383444680327,0.6355327901105845
k-NN,knn_regressor,Instance based,10000,1,projected,4.178782441171166e-14,2.0940375914503882e-14,3.644914772907057e-14,8.563975721063118e-14,1.6234968606450845e-13,0.0,0.0,0.0,0.0,1.1760366060617278,0.002,0.999383444680327,0.6355327901105845
k-NN,knn_regressor,Instance based,10000,2,raw,24.455094794803685,12.240753567612543,22.486580308021317,46.075533522772325,63.665688816502914,0.0,0.0,1.0,0.0,1.2225516444382183,0.002,0.9988465004950655,0.07952641964678621
k-NN,knn_regressor,Instance based,10000,2,projected,4.301396904192252e-14,2.1143850339050113e-14,3.8428474007872526e-14,8.673279421411239e-14,1.4635889530738355e-13,0.0,0.0,0.0,0.0,1.2225516444382183,0.002,0.9988465004950655,0.07952641964678621
k-NN,knn_regressor,Instance based,10000,3,raw,23.69567754381826,12.105281100551688,21.877442355021287,45.38583344400332,67.88064932562907,0.0,0.0,1.0,0.0,1.183653822144513,0.003,0.9983916923267709,0.19321492591979464
k-NN,knn_regressor,Instance based,10000,3,projected,4.2353535803470816e-14,2.1478603835074525e-14,3.696359138182859e-14,8.651787737178524e-14,1.541750848746954e-13,0.0,0.0,0.0,0.0,1.183653822144513,0.003,0.9983916923267709,0.19321492591979464
k-NN,knn_regressor,Instance based,10000,4,raw,23.64673519464386,11.970866981323384,21.86752451546352,45.93617455211477,64.63554949271705,0.0,0.0,1.0,0.0,1.1884275863561702,0.0025,0.9983246945875617,0.052014539181374636
k-NN,knn_regressor,Instance based,10000,4,projected,4.175589547120419e-14,2.0129900555804977e-14,3.675492173029944e-14,8.33637178813148e-14,1.4243014792754918e-13,0.0,0.0,0.0,0.0,1.1884275863561702,0.0025,0.9983246945875617,0.052014539181374636
k-NN,knn_regressor,Instance based,1450,0,raw,29.729638730346114,14.446542390952708,28.063918339673982,55.12490881301398,77.84560648271692,0.0,0.0,1.0,0.0,1.3823379200849826,0.0034482758620689655,0.9990941543917039,0.7373047735941198
k-NN,knn_regressor,Instance based,1450,0,projected,4.2727005713846394e-14,2.144900564203485e-14,3.960088487955274e-14,8.993175572581622e-14,1.2809491335957507e-13,0.0,0.0,0.0,0.0,1.3823379200849826,0.0034482758620689655,0.9990941543917039,0.7373047735941198
k-NN,knn_regressor,Instance based,1450,1,raw,27.925665081584235,13.67082857340981,26.11495299327786,53.29896766855406,66.35688223984383,0.0,0.0,1.0,0.0,1.4638479400010778,0.0034482758620689655,0.9988575841711199,0.6686994096247288
k-NN,knn_regressor,Instance based,1450,1,projected,4.2345968531823666e-14,2.0295539346947142e-14,3.8284502573825064e-14,7.956991268648131e-14,1.1894960780113597e-13,0.0,0.0,0.0,0.0,1.4638479400010778,0.0034482758620689655,0.9988575841711199,0.6686994096247288
k-NN,knn_regressor,Instance based,1450,2,raw,29.35081476005782,13.551620099058352,28.056090784741848,52.9708450376349,67.04515609832916,0.0,0.0,1.0,0.0,1.524238794474213,0.0034482758620689655,0.9968629530519744,0.09025638507255547
k-NN,knn_regressor,Instance based,1450,2,projected,4.3347059832028256e-14,2.194613488237318e-14,3.811885487873074e-14,8.506250644149802e-14,1.2246560141550719e-13,0.0,0.0,0.0,0.0,1.524238794474213,0.0034482758620689655,0.9968629530519744,0.09025638507255547
k-NN,knn_regressor,Instance based,1450,3,raw,28.619511514456093,13.383710235973004,26.343109084698213,53.74570257721816,67.74135856929564,0.0,0.0,1.0,0.0,1.350806315476853,0.0,1.0,1.0
k-NN,knn_regressor,Instance based,1450,3,projected,4.263044678109388e-14,2.2136530942041898e-14,3.6404482152219934e-14,8.962919239450477e-14,1.2132660257101111e-13,0.0,0.0,0.0,0.0,1.350806315476853,0.0,1.0,1.0
k-NN,knn_regressor,Instance based,1450,4,raw,27.167577024365517,13.427199808414437,25.37508150785435,51.1573857515336,63.900047716130125,0.0,0.0,1.0,0.0,1.4135924485353397,0.0034482758620689655,0.9975547916810102,0.2908895874930153
k-NN,knn_regressor,Instance based,1450,4,projected,4.2205870218574534e-14,1.9738379809667968e-14,3.637193776048658e-14,8.20621133869228e-14,1.187371976177218e-13,0.0,0.0,0.0,0.0,1.4135924485353397,0.0034482758620689655,0.9975547916810102,0.2908895874930153
k-NN,knn_regressor,Instance based,2400,0,raw,27.120419703114045,13.443201331933254,25.271561228938218,52.41042462435628,69.56716211039598,0.0,0.0,1.0,0.0,1.2779237425506196,0.0,1.0,1.0
k-NN,knn_regressor,Instance based,2400,0,projected,4.243349540615903e-14,2.07740375846975e-14,3.6404482152219934e-14,8.681732407983904e-14,1.2359410410169116e-13,0.0,0.0,0.0,0.0,1.2779237425506196,0.0,1.0,1.0
k-NN,knn_regressor,Instance based,2400,1,raw,26.94437991798487,13.110547030384646,25.91337836403094,52.12464971820501,67.96137627942177,0.0,0.0,1.0,0.0,1.3692259043644077,0.00625,0.9983829587024039,0.56816480119694
k-NN,knn_regressor,Instance based,2400,1,projected,4.123945285945967e-14,2.0443239217936213e-14,3.685667315170572e-14,8.218453559282634e-14,1.182578797702635e-13,0.0,0.0,0.0,0.0,1.3692259043644077,0.00625,0.9983829587024039,0.56816480119694
k-NN,knn_regressor,Instance based,2400,2,raw,28.221773895958947,13.542644155071212,26.748968751835655,52.720970765030074,68.32357930572284,0.0,0.0,1.0,0.0,1.4857553277428877,0.008333333333333333,0.9954235209752714,0.07033728580542353
k-NN,knn_regressor,Instance based,2400,2,projected,4.391097947207922e-14,2.2867765489324414e-14,3.9044493199467344e-14,9.015776598495165e-14,1.439177957289608e-13,0.0,0.0,0.0,0.0,1.4857553277428877,0.008333333333333333,0.9954235209752714,0.07033728580542353
k-NN,knn_regressor,Instance based,2400,3,raw,27.797604040297585,13.060043219540521,26.443097662417557,51.1952137083715,65.14012482306474,0.0,0.0,1.0,0.0,1.3300447402538074,0.0020833333333333333,0.9988008119397693,0.4243897310892271
k-NN,knn_regressor,Instance based,2400,3,projected,4.271898125843834e-14,2.181185624379515e-14,3.718161382125414e-14,8.65577801264128e-14,1.6219184292131234e-13,0.0,0.0,0.0,0.0,1.3300447402538074,0.0020833333333333333,0.9988008119397693,0.4243897310892271
k-NN,knn_regressor,Instance based,2400,4,raw,27.061151146228287,13.38891194907116,26.10630363428815,51.049063268384415,68.17077397215138,0.0,0.0,1.0,0.0,1.3437218318945563,0.0020833333333333333,0.9984634206418183,0.2624419080727507
k-NN,knn_regressor,Instance based,2400,4,projected,4.085361829794911e-14,1.9690050163919266e-14,3.670283880544702e-14,7.82118364401199e-14,1.180976748471683e-13,0.0,0.0,0.0,0.0,1.3437218318945563,0.0020833333333333333,0.9984634206418183,0.2624419080727507
k-NN,knn_regressor,Instance based,3350,0,raw,26.433921864044425,13.070828757666243,25.28931611186333,49.694772541549035,71.78889081905997,0.0,0.0,1.0,0.0,1.273384012436979,0.0014925373134328358,0.9991459055291962,0.42775670456151516
k-NN,knn_regressor,Instance based,3350,0,projected,4.222161530488471e-14,2.0099253513085315e-14,3.891802844472395e-14,8.086883713964201e-14,1.432482009724215e-13,0.0,0.0,0.0,0.0,1.273384012436979,0.0014925373134328358,0.9991459055291962,0.42775670456151516
k-NN,knn_regressor,Instance based,3350,1,raw,26.522514738756268,12.711042787860388,24.99261837815274,50.423714132483845,64.47134746868672,0.0,0.0,1.0,0.0,1.3045616968193672,0.004477611940298508,0.9991226021504305,0.7001856384134792
k-NN,knn_regressor,Instance based,3350,1,projected,4.225197977374909e-14,2.1025900165255236e-14,3.7933531164454373e-14,8.577992390293081e-14,1.6621992763944014e-13,0.0,0.0,0.0,0.0,1.3045616968193672,0.004477611940298508,0.9991226021504305,0.7001856384134792
k-NN,knn_regressor,Instance based,3350,2,raw,27.408651313861878,13.264597248838369,26.46153530508319,51.03668814710371,69.280633361501,0.0,0.0,1.0,0.0,1.3922079458665408,0.007462686567164179,0.9964999281588088,0.06784096903230286
k-NN,knn_regressor,Instance based,3350,2,projected,4.331859817671549e-14,2.1608373276605858e-14,3.80507015718727e-14,8.710696708343056e-14,1.5365631053301667e-13,0.0,0.0,0.0,0.0,1.3922079458665408,0.007462686567164179,0.9964999281588088,0.06784096903230286
k-NN,knn_regressor,Instance based,3350,3,raw,26.425483349786102,12.949685325396354,24.747638720694134,49.20428855927799,63.8234724219169,0.0,0.0,1.0,0.0,1.2861615372170045,0.0029850746268656717,0.9987152963810982,0.23350009351039108
k-NN,knn_regressor,Instance based,3350,3,projected,4.275395347689124e-14,2.167511547770362e-14,3.793780033887768e-14,8.687819715644795e-14,1.2084449957466568e-13,0.0,0.0,0.0,0.0,1.2861615372170045,0.0029850746268656717,0.9987152963810982,0.23350009351039108
k-NN,knn_regressor,Instance based,3350,4,raw,26.625051561197694,13.224918869906004,24.567841494626904,50.4524501826401,73.5094332544521,0.0,0.0,1.0,0.0,1.2801143391032872,0.0029850746268656717,0.9988477316326931,0.3008001354487725
k-NN,knn_regressor,Instance based,3350,4,projected,4.135737226761612e-14,2.0466077742072047e-14,3.6404482152219934e-14,8.622593837806087e-14,1.2256862191861728e-13,0.0,0.0,0.0,0.0,1.2801143391032872,0.0029850746268656717,0.9988477316326931,0.3008001354487725
k-NN,knn_regressor,Instance based,4300,0,raw,25.91141335964491,12.887971887991847,24.600028433250714,48.881263706936224,71.57964343922059,0.0,0.0,1.0,0.0,1.2683636299297834,0.002325581395348837,0.9988078119943015,0.321711778988231
k-NN,knn_regressor,Instance based,4300,0,projected,4.3795823883944583e-14,2.1378192444628007e-14,3.9879112138130155e-14,8.709584642567778e-14,1.4510780572443112e-13,0.0,0.0,0.0,0.0,1.2683636299297834,0.002325581395348837,0.9988078119943015,0.321711778988231
k-NN,knn_regressor,Instance based,4300,1,raw,26.509264598015093,12.713565538154949,24.801020962223056,49.272490143427596,63.02660715135862,0.0,0.0,1.0,0.0,1.2773217173372868,0.0034883720930232558,0.9988851918421058,0.5341779806611356
k-NN,knn_regressor,Instance based,4300,1,projected,4.2503603810430745e-14,2.1604420735644532e-14,3.7176297579243684e-14,8.746820212337002e-14,1.4325852613450219e-13,0.0,0.0,0.0,0.0,1.2773217173372868,0.0034883720930232558,0.9988851918421058,0.5341779806611356
k-NN,knn_regressor,Instance based,4300,2,raw,26.49587558066216,13.08548355766396,24.872366705011785,49.64847802679995,72.67769592299824,0.0,0.0,1.0,0.0,1.3190429949854534,0.0034883720930232558,0.9977518720563798,0.06625067758522762
k-NN,knn_regressor,Instance based,4300,2,projected,4.2685429783787736e-14,2.027221018764729e-14,3.885712371247525e-14,8.477234995034609e-14,1.2753964548117515e-13,0.0,0.0,0.0,0.0,1.3190429949854534,0.0034883720930232558,0.9977518720563798,0.06625067758522762
k-NN,knn_regressor,Instance based,4300,3,raw,25.88096227619799,12.681559694310298,23.91605883780242,48.19175002695468,66.84954415094971,0.0,0.0,1.0,0.0,1.273319421358771,0.0034883720930232558,0.9982188954728415,0.1872950800416961
k-NN,knn_regressor,Instance based,4300,3,projected,4.1406154640664204e-14,2.0716526270160626e-14,3.659898021096657e-14,8.378397706069966e-14,1.6113803905010884e-13,0.0,0.0,0.0,0.0,1.273319421358771,0.0034883720930232558,0.9982188954728415,0.1872950800416961
k-NN,knn_regressor,Instance based,4300,4,raw,25.731295591547195,12.863022423780118,23.757286963961274,49.546266946660516,71.44402768289741,0.0,0.0,1.0,0.0,1.2340784456333833,0.002325581395348837,0.9991953403168908,0.4017784631170614
k-NN,knn_regressor,Instance based,4300,4,projected,4.093934725701827e-14,2.0080725287003413e-14,3.553268703603734e-14,8.528453065901655e-14,1.2183270001374245e-13,0.0,0.0,0.0,0.0,1.2340784456333833,0.002325581395348837,0.9991953403168908,0.4017784631170614
k-NN,knn_regressor,Instance based,500,0,raw,32.938073426003946,13.913255861909228,31.260175888065273,56.17002405539367,61.08120669618712,0.0,0.0,1.0,0.0,1.6548595208221186,0.01,0.9902580027511018,0.025800275110168972
k-NN,knn_regressor,Instance based,500,0,projected,4.1681351927138215e-14,2.143443467538533e-14,3.659898021096657e-14,8.646400962674056e-14,1.1971066961416265e-13,0.0,0.0,0.0,0.0,1.6548595208221186,0.01,0.9902580027511018,0.025800275110168972
k-NN,knn_regressor,Instance based,500,1,raw,29.92734214565082,12.99047933406849,27.631410679348416,53.420876780001116,64.9598953952881,0.0,0.0,1.0,0.0,1.6414039944579606,0.02,0.9981946077661432,0.851782752245355
k-NN,knn_regressor,Instance based,500,1,projected,4.0722412355849655e-14,1.9349060548841474e-14,3.5709853301146737e-14,7.685286257741085e-14,9.349528164968557e-14,0.0,0.0,0.0,0.0,1.6414039944579606,0.02,0.9981946077661432,0.851782752245355
k-NN,knn_regressor,Instance based,500,2,raw,33.54642491516388,14.392451768466941,33.48134085213094,60.01854032442621,66.25263904873836,0.0,0.0,1.0,0.0,1.6331573274767808,0.01,0.9988048045819176,0.8804804581917541
k-NN,knn_regressor,Instance based,500,2,projected,4.185049454545628e-14,2.1224863418276858e-14,3.7228745348008344e-14,8.81595475717067e-14,1.172530078769487e-13,0.0,0.0,0.0,0.0,1.6331573274767808,0.01,0.9988048045819176,0.8804804581917541
k-NN,knn_regressor,Instance based,500,3,raw,32.55487099533111,16.41312973398602,29.991654671531983,60.5751604154064,73.41873907029779,0.0,0.0,1.0,0.0,1.5279726273774437,0.0,1.0,1.0
k-NN,knn_regressor,Instance based,500,3,projected,4.131664164883566e-14,2.3716829519006703e-14,3.3988320906694916e-14,8.705397108062222e-14,1.457154079873805e-13,0.0,0.0,0.0,0.0,1.5279726273774437,0.0,1.0,1.0
k-NN,knn_regressor,Instance based,500,4,raw,32.604749792759605,14.652277052579786,31.39942545388427,56.49805854530253,65.45871921356579,0.0,0.0,1.0,0.0,1.6855830232171232,0.01,0.9925591104312683,0.25591104312683305
k-NN,knn_regressor,Instance based,500,4,projected,4.139787843957978e-14,2.1728345620775224e-14,3.5967521669111695e-14,8.112320841737854e-14,1.1719917270061362e-13,0.0,0.0,0.0,0.0,1.6855830232171232,0.01,0.9925591104312683,0.25591104312683305
k-NN,knn_regressor,Instance based,5250,0,raw,25.30425962686948,13.02357893289652,23.53973741898331,49.61469954617934,74.38930583583317,0.0,0.0,1.0,0.0,1.2344781145255794,0.0019047619047619048,0.9988877314563083,0.30784024519994757
k-NN,knn_regressor,Instance based,5250,0,projected,4.3364976187997826e-14,2.087756581064782e-14,3.8938287704997476e-14,8.771317663331173e-14,1.4272891794036486e-13,0.0,0.0,0.0,0.0,1.2344781145255794,0.0019047619047619048,0.9988877314563083,0.30784024519994757
k-NN,knn_regressor,Instance based,5250,1,raw,25.660297528547982,12.591901913679187,23.53588736520951,48.403159876636884,70.32091721216159,0.0,0.0,1.0,0.0,1.2590258694733105,0.0038095238095238095,0.9989519955780027,0.5822819230842529
k-NN,knn_regressor,Instance based,5250,1,projected,4.21900770476248e-14,2.0400787466400502e-14,3.677100938651384e-14,8.577857982503531e-14,1.4231101861675729e-13,0.0,0.0,0.0,0.0,1.2590258694733105,0.0038095238095238095,0.9989519955780027,0.5822819230842529
k-NN,knn_regressor,Instance based,5250,2,raw,25.87734499621577,13.104619410526933,23.492935809229706,49.03117363464171,69.73649934446951,0.0,0.0,1.0,0.0,1.2977337669032178,0.0038095238095238095,0.9979320177263415,0.07222611620317473
k-NN,knn_regressor,Instance based,5250,2,projected,4.3214690586260114e-14,2.1447893169132302e-14,3.843360533043801e-14,8.696537883378734e-14,1.2912538128792226e-13,0.0,0.0,0.0,0.0,1.2977337669032178,0.0038095238095238095,0.9979320177263415,0.07222611620317473
k-NN,knn_regressor,Instance based,5250,3,raw,25.245208650014234,12.847679781775488,23.458136170034784,48.591857184693396,67.34101885642812,0.0,0.0,1.0,0.0,1.2513210907428571,0.0038095238095238095,0.9984957118064973,0.21042302727372303
k-NN,knn_regressor,Instance based,5250,3,projected,4.249768155366534e-14,2.1334563319200888e-14,3.769268483808287e-14,8.74147434585345e-14,1.3000517256771046e-13,0.0,0.0,0.0,0.0,1.2513210907428571,0.0038095238095238095,0.9984957118064973,0.21042302727372303
k-NN,knn_regressor,Instance based,5250,4,raw,25.244003680594947,12.569100895015827,23.415227373767443,47.6722398785191,73.87675249603768,0.0,0.0,1.0,0.0,1.241405071858777,0.0038095238095238095,0.997816096810292,0.06866549862401228
k-NN,knn_regressor,Instance based,5250,4,projected,4.2750549966833766e-14,2.1150642283287118e-14,3.7059823118118556e-14,8.638333308390203e-14,1.4286150405157443e-13,0.0,0.0,0.0,0.0,1.241405071858777,0.0038095238095238095,0.997816096810292,0.06866549862401228
k-NN,knn_regressor,Instance based,6200,0,raw,25.0212877232019,12.692450587890576,23.258795992046387,48.4891486560768,70.50649716128657,0.0,0.0,1.0,0.0,1.2194267556372893,0.0016129032258064516,0.9990907332650042,0.3349465438034078
k-NN,knn_regressor,Instance based,6200,0,projected,4.2131932345103225e-14,2.1129758287745052e-14,3.6230712748823524e-14,8.594700191650863e-14,1.4444304490450665e-13,0.0,0.0,0.0,0.0,1.2194267556372893,0.0016129032258064516,0.9990907332650042,0.3349465438034078
k-NN,knn_regressor,Instance based,6200,1,raw,25.540086790519947,12.502941495937442,23.794581933029313,47.75947812992439,65.66713057098222,0.0,0.0,1.0,0.0,1.2418560629842457,0.0032258064516129032,0.999455183592994,0.6115649003776259
k-NN,knn_regressor,Instance based,6200,1,projected,4.112209158861188e-14,2.009798129190284e-14,3.588064934363216e-14,8.150374068894068e-14,1.2907649793152806e-13,0.0,0.0,0.0,0.0,1.2418560629842457,0.0032258064516129032,0.999455183592994,0.6115649003776259
k-NN,knn_regressor,Instance based,6200,2,raw,25.601555622819248,12.525745570729997,23.676359280753125,47.35813305106633,62.13251855282863,0.0,0.0,1.0,0.0,1.273715228407507,0.0032258064516129032,0.9983467301581189,0.07531152102898553
k-NN,knn_regressor,Instance based,6200,2,projected,4.3964208089094243e-14,2.2391994732212154e-14,3.8428474007872526e-14,9.002816441717658e-14,1.4619103818034691e-13,0.0,0.0,0.0,0.0,1.273715228407507,0.0032258064516129032,0.9983467301581189,0.07531152102898553
k-NN,knn_regressor,Instance based,6200,3,raw,24.621794676952984,12.695226128332813,22.66910769327099,47.022655720228784,69.2593579832213,0.0,0.0,1.0,0.0,1.219355415754522,0.0024193548387096775,0.9988142293519646,0.28960568806794823
k-NN,knn_regressor,Instance based,6200,3,projected,4.189028997984134e-14,2.070655906931491e-14,3.685667315170572e-14,8.363981412879834e-14,1.5328477439722392e-13,0.0,0.0,0.0,0.0,1.219355415754522,0.0024193548387096775,0.9988142293519646,0.28960568806794823
k-NN,knn_regressor,Instance based,6200,4,raw,24.764542240331327,12.451066274156439,23.026467571205103,47.90827555548407,69.50952371072844,0.0,0.0,1.0,0.0,1.2546108326401708,0.004838709677419355,0.997124050818912,0.05112149645086318
k-NN,knn_regressor,Instance based,6200,4,projected,4.144478459460924e-14,2.068966701195053e-14,3.6404482152219934e-14,8.259316010256086e-14,1.5524840494258733e-13,0.0,0.0,0.0,0.0,1.2546108326401708,0.004838709677419355,0.997124050818912,0.05112149645086318
k-NN,knn_regressor,Instance based,7150,0,raw,24.749238442507423,12.578614105533722,23.224998248488767,48.162693845851436,75.57170480651882,0.0,0.0,1.0,0.0,1.2013338176061612,0.0013986013986013986,0.999232495051365,0.3559582520806778
k-NN,knn_regressor,Instance based,7150,0,projected,4.171947726882072e-14,2.0632419272022e-14,3.6404482152219934e-14,8.641562931691921e-14,1.4414782774471992e-13,0.0,0.0,0.0,0.0,1.2013338176061612,0.0013986013986013986,0.999232495051365,0.3559582520806778
k-NN,knn_regressor,Instance based,7150,1,raw,25.022463268824808,12.470601775522644,23.520741640689376,48.54942074455123,64.62611058461881,0.0,0.0,1.0,0.0,1.2218560344064975,0.0013986013986013986,0.9995529298700352,0.6117501600510523
k-NN,knn_regressor,Instance based,7150,1,projected,4.172378604966437e-14,2.0871603830898516e-14,3.6776375068632614e-14,8.557911336343625e-14,1.4588854383694046e-13,0.0,0.0,0.0,0.0,1.2218560344064975,0.0013986013986013986,0.9995529298700352,0.6117501600510523
k-NN,knn_regressor,Instance based,7150,2,raw,25.231368907462343,12.688240591728889,23.131889840722103,48.00051138620095,69.68269177409137,0.0,0.0,1.0,0.0,1.2405767297662111,0.002097902097902098,0.9987405401350289,0.07533131514099159
k-NN,knn_regressor,Instance based,7150,2,projected,4.30663714542694e-14,2.1093606825804542e-14,3.863320893581265e-14,8.589561652502099e-14,1.4518389506934106e-13,0.0,0.0,0.0,0.0,1.2405767297662111,0.002097902097902098,0.9987405401350289,0.07533131514099159
k-NN,knn_regressor,Instance based,7150,3,raw,24.319800741212298,12.488347792430684,22.339940072433897,46.78056779983977,71.66613742791937,0.0,0.0,1.0,0.0,1.2023591934416857,0.002797202797202797,0.9988666481081496,0.2897069878219747
k-NN,knn_regressor,Instance based,7150,3,projected,4.1648523370637346e-14,2.059529919920315e-14,3.6230712748823524e-14,8.543588289270613e-14,1.4558542097846935e-13,0.0,0.0,0.0,0.0,1.2023591934416857,0.002797202797202797,0.9988666481081496,0.2897069878219747
k-NN,knn_regressor,Instance based,7150,4,raw,24.57017547532536,12.441019023791794,22.67299828321949,46.247490002255134,66.7692050691098,0.0,0.0,1.0,0.0,1.2323847279812794,0.0034965034965034965,0.997650396388845,0.05624687167324965
k-NN,knn_regressor,Instance based,7150,4,projected,4.157378493732307e-14,2.0029538269338654e-14,3.6297324778948404e-14,8.389432400778379e-14,1.3058639357973942e-13,0.0,0.0,0.0,0.0,1.2323847279812794,0.0034965034965034965,0.997650396388845,0.05624687167324965
k-NN,knn_regressor,Instance based,8100,0,raw,24.383667581537317,12.378501853335093,22.710850301727035,47.59732267082342,70.13493476966292,0.0,0.0,1.0,0.0,1.2056878975573886,0.001851851851851852,0.9989768393352134,0.1077056234376957
k-NN,knn_regressor,Instance based,8100,0,projected,4.236387811550983e-14,2.1159463079694342e-14,3.696359138182859e-14,8.658005066410087e-14,1.5413414618972654e-13,0.0,0.0,0.0,0.0,1.2056878975573886,0.001851851851851852,0.9989768393352134,0.1077056234376957
k-NN,knn_regressor,Instance based,8100,1,raw,24.52103218386796,12.31225542390061,22.799072772537176,47.69152945708471,67.85760376750153,0.0,0.0,1.0,0.0,1.2089788098207814,0.0030864197530864196,0.99932754786816,0.6259269806291322
k-NN,knn_regressor,Instance based,8100,1,projected,4.219975434553504e-14,2.0808175403409935e-14,3.66205343881779e-14,8.622378240122661e-14,1.4374228615667952e-13,0.0,0.0,0.0,0.0,1.2089788098207814,0.0030864197530864196,0.99932754786816,0.6259269806291322
k-NN,knn_regressor,Instance based,8100,2,raw,24.783896248423737,12.495763835304658,22.9244844335468,47.146613209161146,66.880539376405,0.0,0.0,1.0,0.0,1.2417422250148615,0.0024691358024691358,0.9986256131041363,0.0807670177569682
k-NN,knn_regressor,Instance based,8100,2,projected,4.32676094155857e-14,2.168950098129964e-14,3.784923319608062e-14,8.82688305916365e-14,1.5641403392925935e-13,0.0,0.0,0.0,0.0,1.2417422250148615,0.0024691358024691358,0.9986256131041363,0.0807670177569682
k-NN,knn_regressor,Instance based,8100,3,raw,24.005109289524782,12.291750224694162,21.94173533673045,45.9080353644951,73.6448937523948,0.0,0.0,1.0,0.0,1.188062871942276,0.0024691358024691358,0.9990789722446884,0.2295090400719356
k-NN,knn_regressor,Instance based,8100,3,projected,4.2292543965353865e-14,2.1946138179281655e-14,3.659898021096657e-14,8.80038707367737e-14,1.6581127907582976e-13,0.0,0.0,0.0,0.0,1.188062871942276,0.0024691358024691358,0.9990789722446884,0.2295090400719356
k-NN,knn_regressor,Instance based,8100,4,raw,24.158606613424517,12.14413648430817,22.51201947757543,45.679218004642564,65.00986431518655,0.0,0.0,1.0,0.0,1.2092407011813349,0.0030864197530864196,0.9980280082169171,0.05625776279736464
k-NN,knn_regressor,Instance based,8100,4,projected,4.097127845902644e-14,2.007512515013915e-14,3.6241597746139513e-14,8.521260681001218e-14,1.5507300163070722e-13,0.0,0.0,0.0,0.0,1.2092407011813349,0.0030864197530864196,0.9980280082169171,0.05625776279736464
k-NN,knn_regressor,Instance based,9050,0,raw,24.03754438487207,12.19235453311649,22.25434931662051,46.522185346195435,70.14219633009083,0.0,0.0,1.0,0.0,1.201430016213565,0.0027624309392265192,0.9985158711732747,0.10778688866412435
k-NN,knn_regressor,Instance based,9050,0,projected,4.260947690021123e-14,2.1235332066671735e-14,3.659898021096657e-14,8.687926087304318e-14,1.2889302022978012e-13,0.0,0.0,0.0,0.0,1.201430016213565,0.0027624309392265192,0.9985158711732747,0.10778688866412435
k-NN,knn_regressor,Instance based,9050,1,raw,24.35036802131212,12.31355090313877,22.61754834951264,46.97974891558099,65.56848324971536,0.0,0.0,1.0,0.0,1.1907398182229176,0.0022099447513812156,0.9995661873291042,0.6357244988297349
k-NN,knn_regressor,Instance based,9050,1,projected,4.287755256653486e-14,2.0854792758694577e-14,3.8428474007872526e-14,8.541302975239736e-14,1.450969325607484e-13,0.0,0.0,0.0,0.0,1.1907398182229176,0.0022099447513812156,0.9995661873291042,0.6357244988297349
k-NN,knn_regressor,Instance based,9050,2,raw,24.728694488513888,12.437788599973208,23.01100144403467,46.97154012630734,68.57895715794182,0.0,0.0,1.0,0.0,1.232563235445768,0.0022099447513812156,0.9987213961791422,0.07322918065107706
k-NN,knn_regressor,Instance based,9050,2,projected,4.297643851953485e-14,2.126719694937986e-14,3.749858493407618e-14,8.744730269066767e-14,1.3208500210041977e-13,0.0,0.0,0.0,0.0,1.232563235445768,0.0022099447513812156,0.9987213961791422,0.07322918065107706
k-NN,knn_regressor,Instance based,9050,3,raw,23.848743237022077,12.12375936496211,21.981442866258377,45.49409167257931,74.65241891562647,0.0,0.0,1.0,0.0,1.1837737271559226,0.0022099447513812156,0.9988220270311705,0.19155972294324689
k-NN,knn_regressor,Instance based,9050,3,projected,4.255208143184991e-14,2.150114507075428e-14,3.733119157636105e-14,8.832845124768416e-14,1.6097360968400937e-13,0.0,0.0,0.0,0.0,1.1837737271559226,0.0022099447513812156,0.9988220270311705,0.19155972294324689
k-NN,knn_regressor,Instance based,9050,4,raw,24.047660540220797,11.969635272951418,22.294961480320715,45.37091275084789,67.07059698199012,0.0,0.0,1.0,0.0,1.2033711405416996,0.0027624309392265192,0.9981915055230021,0.055007926369735276
k-NN,knn_regressor,Instance based,9050,4,projected,4.143942172590163e-14,2.025674709587659e-14,3.603728668546673e-14,8.307018203406196e-14,1.4271855446308596e-13,0.0,0.0,0.0,0.0,1.2033711405416996,0.0027624309392265192,0.9981915055230021,0.055007926369735276
LightGBM,lightgbm_regressor,Boosting,10000,0,raw,1.2303313153507447,0.6623164733808449,1.102495005746217,2.515483566039468,6.262695134505995,0.033018165512815244,0.16623043369099083,1.0,0.4185,0.29840900643959634,0.0,1.0,1.0
LightGBM,lightgbm_regressor,Boosting,10000,0,projected,4.231105880226716e-14,2.1057179999509004e-14,3.6404482152219934e-14,8.692453280832558e-14,1.4286150405157443e-13,0.0,0.0,0.0,0.0,0.29840900643959634,0.0,1.0,1.0
LightGBM,lightgbm_regressor,Boosting,10000,1,raw,1.2638567803204082,0.6734459539902663,1.1471242755314863,2.4954886924604742,4.8498160764880085,0.024410481026483914,0.13516504972626028,1.0,0.356,0.30258041157323656,0.0,1.0,1.0
LightGBM,lightgbm_regressor,Boosting,10000,1,projected,4.269314535712507e-14,2.1371873511113878e-14,3.745122489056959e-14,8.790992325368086e-14,1.4307738362757253e-13,0.0,0.0,0.0,0.0,0.30258041157323656,0.0,1.0,1.0
LightGBM,lightgbm_regressor,Boosting,10000,2,raw,1.2751366743146464,0.6397403195027821,1.1403743611739596,2.549239201830451,5.047213915219782,0.0436193371465432,0.22829310397794192,1.0,0.4095,0.3128651179371872,0.0,1.0,1.0
LightGBM,lightgbm_regressor,Boosting,10000,2,projected,4.380399901626913e-14,2.1641908504847206e-14,4.0194366942304644e-14,8.761960014523513e-14,1.456287628731415e-13,0.0,0.0,0.0,0.0,0.3128651179371872,0.0,1.0,1.0
LightGBM,lightgbm_regressor,Boosting,10000,3,raw,1.2104348582296784,0.631551570197943,1.0846840053007392,2.367251171939596,5.573550819322934,0.02614676239208666,0.1441591713678786,1.0,0.3655,0.2927893705387967,0.0,1.0,1.0
LightGBM,lightgbm_regressor,Boosting,10000,3,projected,4.2547335648033096e-14,2.1174579858052292e-14,3.776586443654626e-14,8.624390673549167e-14,1.6113035130798277e-13,0.0,0.0,0.0,0.0,0.2927893705387967,0.0,1.0,1.0
LightGBM,lightgbm_regressor,Boosting,10000,4,raw,1.2635461882491361,0.6675756253799585,1.1244283937746709,2.4858213656638637,6.179431440605005,0.025942257860042225,0.13233979297596665,1.0,0.398,0.2990110990799725,0.0,1.0,1.0
LightGBM,lightgbm_regressor,Boosting,10000,4,projected,4.260900404837489e-14,2.0966375470408326e-14,3.8428474007872526e-14,8.592890965742064e-14,1.4588854383694046e-13,0.0,0.0,0.0,0.0,0.2990110990799725,0.0,1.0,1.0
LightGBM,lightgbm_regressor,Boosting,1450,0,raw,1.9372309053731434,0.9450686776921532,1.7450478284322481,3.4177524988826735,6.025239776940418,0.039087140805406845,0.206960075049805,1.0,0.4827586206896552,0.44482463324799404,0.0,1.0,1.0
LightGBM,lightgbm_regressor,Boosting,1450,0,projected,4.324393396142731e-14,2.296289275377519e-14,3.8199983297631585e-14,9.052360587426048e-14,1.6588738293712929e-13,0.0,0.0,0.0,0.0,0.44482463324799404,0.0,1.0,1.0
LightGBM,lightgbm_regressor,Boosting,1450,1,raw,2.228800651490007,1.082191849696417,2.0518058662003096,4.324649101037635,6.176235856160411,0.010743401885359254,0.053992486446808194,1.0,0.2896551724137931,0.5214209066006252,0.0,1.0,1.0
LightGBM,lightgbm_regressor,Boosting,1450,1,projected,4.375407271725121e-14,2.104948631319042e-14,3.846052232884614e-14,8.637098196805309e-14,1.1843119054889887e-13,0.0,0.0,0.0,0.0,0.5214209066006252,0.0,1.0,1.0
LightGBM,lightgbm_regressor,Boosting,1450,2,raw,2.027418459142089,0.9993835000248006,1.8381910346614556,4.017231941332446,6.006633244743687,0.027646399667881592,0.14691777365732622,1.0,0.4206896551724138,0.5328726726873222,0.0034482758620689655,0.9982813391403617,0.5015883507048672
LightGBM,lightgbm_regressor,Boosting,1450,2,projected,4.30723380932834e-14,2.055491154791223e-14,3.715115543522786e-14,8.61726785202415e-14,1.2819648684136917e-13,0.0,0.0,0.0,0.0,0.5328726726873222,0.0034482758620689655,0.9982813391403617,0.5015883507048672
LightGBM,lightgbm_regressor,Boosting,1450,3,raw,1.9951060884781633,0.9608616477295051,1.8260869873657115,3.4864691661008336,7.094829817502805,0.010294307629004993,0.05422324223989321,1.0,0.3103448275862069,0.4341692171919649,0.0,1.0,1.0
LightGBM,lightgbm_regressor,Boosting,1450,3,projected,4.149684738362494e-14,2.216730920904939e-14,3.5637924288727315e-14,8.572551329131247e-14,1.4401642586896415e-13,0.0,0.0,0.0,0.0,0.4341692171919649,0.0,1.0,1.0
LightGBM,lightgbm_regressor,Boosting,1450,4,raw,1.8013444223137856,0.8380332802721672,1.660923124921227,3.3979026651816797,5.83390841407474,0.029227519082346227,0.13067719246671106,1.0,0.506896551724138,0.39613801410589344,0.0,1.0,1.0
LightGBM,lightgbm_regressor,Boosting,1450,4,projected,4.094064350487906e-14,1.8500442794178124e-14,3.8346185676838076e-14,6.882171293772837e-14,1.14750451981459e-13,0.0,0.0,0.0,0.0,0.39613801410589344,0.0,1.0,1.0
LightGBM,lightgbm_regressor,Boosting,2400,0,raw,1.6796763509763473,0.8801907718397501,1.528278186978708,3.2844811709850825,6.422268738366768,0.03333141876267693,0.17587054820551187,1.0,0.47708333333333336,0.38460207866373547,0.0,1.0,1.0
LightGBM,lightgbm_regressor,Boosting,2400,0,projected,4.336441383149827e-14,2.1324146026933885e-14,3.867902782523525e-14,8.686250428228644e-14,1.465859374928888e-13,0.0,0.0,0.0,0.0,0.38460207866373547,0.0,1.0,1.0
LightGBM,lightgbm_regressor,Boosting,2400,1,raw,1.8366627279944348,0.8844648457170816,1.65752563989016,3.549295530048714,5.63366480576379,0.01630305066265564,0.08798933097445906,1.0,0.27708333333333335,0.4351728001520162,0.0,1.0,1.0
LightGBM,lightgbm_regressor,Boosting,2400,1,projected,4.000371711935601e-14,1.8071657118668157e-14,3.632876727399561e-14,7.254955347455836e-14,1.274033044541135e-13,0.0,0.0,0.0,0.0,0.4351728001520162,0.0,1.0,1.0
LightGBM,lightgbm_regressor,Boosting,2400,2,raw,1.761438797967949,0.8905063987885328,1.583173446621816,3.431977055503078,6.0086191378848275,0.03511462114461975,0.17053571216372357,1.0,0.4083333333333333,0.42762871463036795,0.0020833333333333333,0.9998850560013575,0.94482688065158
LightGBM,lightgbm_regressor,Boosting,2400,2,projected,4.36308551505646e-14,2.113009133467535e-14,3.853092850124198e-14,8.768797574594635e-14,1.2174201693455045e-13,0.0,0.0,0.0,0.0,0.42762871463036795,0.0020833333333333333,0.9998850560013575,0.94482688065158
LightGBM,lightgbm_regressor,Boosting,2400,3,raw,1.663367025699023,0.8672116121154921,1.5197267064972007,3.2516199679670774,6.764945881290967,0.01280981020714867,0.08130926414273142,1.0,0.29375,0.3790066881067165,0.0,1.0,1.0
LightGBM,lightgbm_regressor,Boosting,2400,3,projected,4.313390366609038e-14,2.2297065482809063e-14,3.6055681046227843e-14,8.917823256455555e-14,1.2277440359033757e-13,0.0,0.0,0.0,0.0,0.3790066881067165,0.0,1.0,1.0
LightGBM,lightgbm_regressor,Boosting,2400,4,raw,1.6186367261181176,0.7791233426725659,1.480820072001194,2.972919325001714,4.98668258713334,0.024827661071293604,0.11896781185543456,1.0,0.4166666666666667,0.3620894654070491,0.0,1.0,1.0
LightGBM,lightgbm_regressor,Boosting,2400,4,projected,4.145869845529469e-14,2.091089446045922e-14,3.5040825235848614e-14,8.356702979210515e-14,1.4211479201932023e-13,0.0,0.0,0.0,0.0,0.3620894654070491,0.0,1.0,1.0
LightGBM,lightgbm_regressor,Boosting,3350,0,raw,1.6016033524318087,0.8050815165899369,1.4591394435215583,3.21497824997575,6.689994137953141,0.03091148710577432,0.14467565079213723,1.0,0.42388059701492536,0.3739444789725129,0.0,1.0,1.0
LightGBM,lightgbm_regressor,Boosting,3350,0,projected,4.2394215211370346e-14,2.0531452864884433e-14,3.662188068185966e-14,8.528008845636916e-14,1.1572252471767065e-13,0.0,0.0,0.0,0.0,0.3739444789725129,0.0,1.0,1.0
LightGBM,lightgbm_regressor,Boosting,3350,1,raw,1.6417966966577,0.8320167256881281,1.4926580270793242,3.0869644434474024,6.531980871621721,0.014292050563490949,0.08075588476322863,1.0,0.29253731343283584,0.3783128789841477,0.0,1.0,1.0
LightGBM,lightgbm_regressor,Boosting,3350,1,projected,4.144672981338247e-14,1.9782794221605658e-14,3.728233452040811e-14,8.58645936546447e-14,1.1850110958906346e-13,0.0,0.0,0.0,0.0,0.3783128789841477,0.0,1.0,1.0
LightGBM,lightgbm_regressor,Boosting,3350,2,raw,1.5695040200413006,0.8189741401719182,1.4096857804766545,3.0237563527957136,6.353319189253515,0.037096507513999885,0.2063447145720472,1.0,0.3776119402985075,0.3657776289464959,0.0,1.0,1.0
LightGBM,lightgbm_regressor,Boosting,3350,2,projected,4.3041950458296544e-14,2.1484580954130085e-14,3.794692028711205e-14,8.76736029855825e-14,1.453142412530721e-13,0.0,0.0,0.0,0.0,0.3657776289464959,0.0,1.0,1.0
LightGBM,lightgbm_regressor,Boosting,3350,3,raw,1.5121870940639184,0.7804973612833712,1.320488381955383,2.970635104656583,6.085613905048344,0.015882221622073815,0.08274282019067719,1.0,0.34328358208955223,0.3449830684137993,0.0,1.0,1.0
LightGBM,lightgbm_regressor,Boosting,3350,3,projected,4.336380788516372e-14,2.20243304647321e-14,3.7114004783348217e-14,8.900138369543749e-14,1.2245271775849237e-13,0.0,0.0,0.0,0.0,0.3449830684137993,0.0,1.0,1.0
LightGBM,lightgbm_regressor,Boosting,3350,4,raw,1.507836227245469,0.7803635195407356,1.3284874496895158,2.9861384363349646,5.401619594287752,0.023218294798925503,0.11887368181342789,1.0,0.41194029850746267,0.34028522348540435,0.0,1.0,1.0
LightGBM,lightgbm_regressor,Boosting,3350,4,projected,4.1626502680279175e-14,2.101949919818957e-14,3.5704330589399866e-14,8.699790425452435e-14,1.1821784889303072e-13,0.0,0.0,0.0,0.0,0.34028522348540435,0.0,1.0,1.0
LightGBM,lightgbm_regressor,Boosting,4300,0,raw,1.455468717068557,0.7540464571076458,1.308032348216921,2.774962244037219,6.018261526535982,0.030393904138153065,0.16785342470962364,1.0,0.4116279069767442,0.3415771203547557,0.0,1.0,1.0
LightGBM,lightgbm_regressor,Boosting,4300,0,projected,4.193673575843567e-14,2.059659827945948e-14,3.7133931414897734e-14,8.610109304603184e-14,1.2183270001374245e-13,0.0,0.0,0.0,0.0,0.3415771203547557,0.0,1.0,1.0
LightGBM,lightgbm_regressor,Boosting,4300,1,raw,1.5178189308850945,0.7871673861244428,1.354822305585075,2.980144074490166,5.978464696672312,0.015127226886628813,0.08714240031364529,1.0,0.3058139534883721,0.35347718853359056,0.0,1.0,1.0
LightGBM,lightgbm_regressor,Boosting,4300,1,projected,4.2749627846488556e-14,2.1083231044048102e-14,3.692088357856443e-14,8.750047505095472e-14,1.272577130207916e-13,0.0,0.0,0.0,0.0,0.35347718853359056,0.0,1.0,1.0
LightGBM,lightgbm_regressor,Boosting,4300,2,raw,1.4569923815516779,0.7506302655648136,1.292002121649183,2.848850563157647,5.753325519081738,0.03775349577409448,0.18576000207653948,1.0,0.42209302325581394,0.34837697499110987,0.0,1.0,1.0
LightGBM,lightgbm_regressor,Boosting,4300,2,projected,4.381479633930168e-14,2.1427484458877986e-14,4.0351070721557915e-14,8.768438696288471e-14,1.3048668046314274e-13,0.0,0.0,0.0,0.0,0.34837697499110987,0.0,1.0,1.0
LightGBM,lightgbm_regressor,Boosting,4300,3,raw,1.4599307063898166,0.7614340022028235,1.3224459579346899,2.870051457654366,5.45814882227104,0.01952808541987715,0.09910241512081833,1.0,0.31627906976744186,0.34379201255160863,0.0,1.0,1.0
LightGBM,lightgbm_regressor,Boosting,4300,3,projected,4.149104360785778e-14,2.1135922917723162e-14,3.5704330589399866e-14,8.673370364889447e-14,1.4324269391499458e-13,0.0,0.0,0.0,0.0,0.34379201255160863,0.0,1.0,1.0
LightGBM,lightgbm_regressor,Boosting,4300,4,raw,1.4472910475964715,0.7364622595971096,1.3076578565573809,2.8535807253700405,5.311429584019118,0.02175442289679597,0.12546395711914982,1.0,0.3825581395348837,0.33281402334119586,0.0,1.0,1.0
LightGBM,lightgbm_regressor,Boosting,4300,4,projected,4.201511121521142e-14,2.063208316591388e-14,3.728233452040811e-14,8.595636173209547e-14,1.223624941765033e-13,0.0,0.0,0.0,0.0,0.33281402334119586,0.0,1.0,1.0
LightGBM,lightgbm_regressor,Boosting,500,0,raw,2.610475636499769,1.1063396381619144,2.421678536414059,4.10227272709208,7.83222817125051,0.07499271118473014,0.3972735852089364,1.0,0.48,0.5796159520281714,0.0,1.0,1.0
LightGBM,lightgbm_regressor,Boosting,500,0,projected,4.270108916415296e-14,2.0478808742267554e-14,3.631759745052173e-14,7.7853231722645e-14,1.4299672557172016e-13,0.0,0.0,0.0,0.0,0.5796159520281714,0.0,1.0,1.0
LightGBM,lightgbm_regressor,Boosting,500,1,raw,3.090291784188255,1.2432169431587135,2.874078786769844,5.2428337223191495,6.544031615439224,0.01730560174185051,0.1043878977790026,1.0,0.31,0.7107985370991553,0.0,1.0,1.0
LightGBM,lightgbm_regressor,Boosting,500,1,projected,4.379710719397849e-14,2.0990925810513005e-14,4.091405009395785e-14,8.662941211519825e-14,1.027833899164636e-13,0.0,0.0,0.0,0.0,0.7107985370991553,0.0,1.0,1.0
LightGBM,lightgbm_regressor,Boosting,500,2,raw,2.90932888307207,1.2971341501047386,2.690913359583381,5.184210655611265,6.582224279393545,0.050856354741445224,0.31068968552327386,1.0,0.5,0.6659418922234281,0.0,1.0,1.0
LightGBM,lightgbm_regressor,Boosting,500,2,projected,4.618518836489266e-14,2.3194081520047862e-14,4.1019980881148306e-14,8.919968532470111e-14,1.1479169203741087e-13,0.0,0.0,0.0,0.0,0.6659418922234281,0.0,1.0,1.0
LightGBM,lightgbm_regressor,Boosting,500,3,raw,2.772518915590223,1.0644394148284513,2.7658653536555837,4.456489015094,5.701970154793758,0.016314471371000297,0.10044585346727065,1.0,0.39,0.5981354809779437,0.0,1.0,1.0
LightGBM,lightgbm_regressor,Boosting,500,3,projected,4.0574293240895125e-14,2.1364787559219734e-14,3.280839484932673e-14,8.234773855382032e-14,1.027833899164636e-13,0.0,0.0,0.0,0.0,0.5981354809779437,0.0,1.0,1.0
LightGBM,lightgbm_regressor,Boosting,500,4,raw,2.544097797204948,1.3325626181016428,2.254115168420044,5.155905946006009,8.269548218379782,0.06109214080836128,0.24658745223979597,1.0,0.52,0.5425073899374298,0.0,1.0,1.0
LightGBM,lightgbm_regressor,Boosting,500,4,projected,4.244348467563477e-14,1.8290436057358535e-14,3.9898883641320886e-14,6.936010800425862e-14,1.2225929998215978e-13,0.0,0.0,0.0,0.0,0.5425073899374298,0.0,1.0,1.0
LightGBM,lightgbm_regressor,Boosting,5250,0,raw,1.3760045407405177,0.6875751776992486,1.2521051630542752,2.5956847920242803,6.2761062104610295,0.03151828019143452,0.16139414658878165,1.0,0.41523809523809524,0.31829933307349767,0.0,1.0,1.0
LightGBM,lightgbm_regressor,Boosting,5250,0,projected,4.260327943128668e-14,2.1549458167469383e-14,3.692088357856443e-14,8.801035870703463e-14,1.452735206339329e-13,0.0,0.0,0.0,0.0,0.31829933307349767,0.0,1.0,1.0
LightGBM,lightgbm_regressor,Boosting,5250,1,raw,1.4245084464301452,0.719808857035589,1.2993399607113196,2.7404635515500995,5.497774661724038,0.019322608641300882,0.10188989747737032,1.0,0.3076190476190476,0.3303664997269902,0.0,1.0,1.0
LightGBM,lightgbm_regressor,Boosting,5250,1,projected,4.167181486221584e-14,2.0107108980099133e-14,3.640989867996253e-14,8.286556905373334e-14,1.3264819068104422e-13,0.0,0.0,0.0,0.0,0.3303664997269902,0.0,1.0,1.0
LightGBM,lightgbm_regressor,Boosting,5250,2,raw,1.3989160430187098,0.7285892397287638,1.2596783488442649,2.7963714563732216,4.837571796055429,0.03549908342695155,0.18462321224293257,1.0,0.36952380952380953,0.34499771656174677,0.0009523809523809524,0.9999236425411541,0.9198246682117056
LightGBM,lightgbm_regressor,Boosting,5250,2,projected,4.2588717115321117e-14,2.114860023519331e-14,3.863320893581265e-14,8.667545169143085e-14,1.4533120481030107e-13,0.0,0.0,0.0,0.0,0.34499771656174677,0.0009523809523809524,0.9999236425411541,0.9198246682117056
LightGBM,lightgbm_regressor,Boosting,5250,3,raw,1.3373668100658977,0.7013872789245849,1.2122609284934742,2.629933424393408,5.238136417841359,0.018783131634284026,0.10262205261984737,1.0,0.3342857142857143,0.31756836840078917,0.0,1.0,1.0
LightGBM,lightgbm_regressor,Boosting,5250,3,projected,4.157076423220809e-14,2.12579853967095e-14,3.6404482152219934e-14,8.427959934272034e-14,1.444539672868357e-13,0.0,0.0,0.0,0.0,0.31756836840078917,0.0,1.0,1.0
LightGBM,lightgbm_regressor,Boosting,5250,4,raw,1.3845443733358835,0.6952858536963815,1.2666002206915166,2.7065271941630873,5.488165880236682,0.022551304342044467,0.11161501347804059,1.0,0.38,0.32105954721579394,0.0,1.0,1.0
LightGBM,lightgbm_regressor,Boosting,5250,4,projected,4.183974642065642e-14,2.0396054169726813e-14,3.787010985499196e-14,8.599269857027738e-14,1.2809664540047969e-13,0.0,0.0,0.0,0.0,0.32105954721579394,0.0,1.0,1.0
LightGBM,lightgbm_regressor,Boosting,6200,0,raw,1.330311799584904,0.6980720598979948,1.2031259226717035,2.5696651975958558,6.722632175051814,0.03415860785780025,0.1590140275987426,1.0,0.42338709677419356,0.31595655042463183,0.0,1.0,1.0
LightGBM,lightgbm_regressor,Boosting,6200,0,projected,4.3112720495355835e-14,2.0776332121087816e-14,3.8263897345803626e-14,8.652515972740324e-14,1.2770016692521884e-13,0.0,0.0,0.0,0.0,0.31595655042463183,0.0,1.0,1.0
LightGBM,lightgbm_regressor,Boosting,6200,1,raw,1.4306832228510897,0.7750790710893765,1.2659273766097185,2.8390664990903547,6.827124680982826,0.019386090257562546,0.1114562704450766,1.0,0.32016129032258067,0.33888369947155894,0.0,1.0,1.0
LightGBM,lightgbm_regressor,Boosting,6200,1,projected,4.230040292919791e-14,2.124363398333161e-14,3.66205343881779e-14,8.77536389157994e-14,1.2789769243681803e-13,0.0,0.0,0.0,0.0,0.33888369947155894,0.0,1.0,1.0
LightGBM,lightgbm_regressor,Boosting,6200,2,raw,1.4035353994623074,0.716301501544727,1.2673808818133743,2.8205078793907274,4.9433253929041605,0.03957438877717457,0.21652596606275193,1.0,0.40161290322580645,0.3408843434114106,0.0,1.0,1.0
LightGBM,lightgbm_regressor,Boosting,6200,2,projected,4.3892435590537556e-14,2.1942018379467458e-14,3.940468990915239e-14,8.793481913946403e-14,1.5379149806007704e-13,0.0,0.0,0.0,0.0,0.3408843434114106,0.0,1.0,1.0
LightGBM,lightgbm_regressor,Boosting,6200,3,raw,1.2768716998677687,0.6486766180170374,1.1322259047974592,2.527608344224441,4.4479127025171055,0.02345097619972995,0.12250641249985007,1.0,0.34919354838709676,0.30277468606297914,0.0,1.0,1.0
LightGBM,lightgbm_regressor,Boosting,6200,3,projected,4.15834609322267e-14,2.1315706639731693e-14,3.6426138603753334e-14,8.789018000210022e-14,1.2715538963571249e-13,0.0,0.0,0.0,0.0,0.30277468606297914,0.0,1.0,1.0
LightGBM,lightgbm_regressor,Boosting,6200,4,raw,1.3407408686400473,0.6971470520105385,1.1961761056776075,2.6610404966366055,5.044437325439684,0.022631573520391007,0.11219709250165966,1.0,0.38064516129032255,0.31225691971185415,0.0,1.0,1.0
LightGBM,lightgbm_regressor,Boosting,6200,4,projected,4.20799209752778e-14,2.0968109907258e-14,3.68098786669997e-14,8.673292211490233e-14,1.2400192242287198e-13,0.0,0.0,0.0,0.0,0.31225691971185415,0.0,1.0,1.0
LightGBM,lightgbm_regressor,Boosting,7150,0,raw,1.284547577485458,0.6654300659974137,1.1592980603109044,2.500361533062202,6.044242553342609,0.03296879301875968,0.1592223395133823,1.0,0.42097902097902096,0.3090269926807991,0.0,1.0,1.0
LightGBM,lightgbm_regressor,Boosting,7150,0,projected,4.3055093921810147e-14,2.1790256681670933e-14,3.851330689805342e-14,8.706571696987063e-14,1.5338509587737478e-13,0.0,0.0,0.0,0.0,0.3090269926807991,0.0,1.0,1.0
LightGBM,lightgbm_regressor,Boosting,7150,1,raw,1.3386012116513477,0.6956210553296276,1.2222411695072597,2.6530416077756924,5.080968934774884,0.020638377481845244,0.11162156361426769,1.0,0.3356643356643357,0.3182346259134801,0.0,1.0,1.0
LightGBM,lightgbm_regressor,Boosting,7150,1,projected,4.21907575423955e-14,1.9930109505724315e-14,3.780761775436894e-14,8.533911106286719e-14,1.2803297750513778e-13,0.0,0.0,0.0,0.0,0.3182346259134801,0.0,1.0,1.0
LightGBM,lightgbm_regressor,Boosting,7150,2,raw,1.3625998288893915,0.6895134430767066,1.2311085582960857,2.6822299767565663,4.877732222871404,0.04134439639117359,0.23386470008194496,1.0,0.4111888111888112,0.33123849532162747,0.0,1.0,1.0
LightGBM,lightgbm_regressor,Boosting,7150,2,projected,4.353768781699303e-14,2.164217100808439e-14,3.891802844472395e-14,8.805507341620959e-14,1.4441027280087337e-13,0.0,0.0,0.0,0.0,0.33123849532162747,0.0,1.0,1.0
LightGBM,lightgbm_regressor,Boosting,7150,3,raw,1.2589626316607239,0.6556008783574443,1.1364626592414377,2.549425727487296,5.044830626349692,0.02384537404342481,0.12480537806297753,1.0,0.34475524475524477,0.2987956520301125,0.0,1.0,1.0
LightGBM,lightgbm_regressor,Boosting,7150,3,projected,4.1666134342935994e-14,2.065874929981206e-14,3.6230712748823524e-14,8.565003786528398e-14,1.2143789761613917e-13,0.0,0.0,0.0,0.0,0.2987956520301125,0.0,1.0,1.0
LightGBM,lightgbm_regressor,Boosting,7150,4,raw,1.304858834022027,0.6791347315198405,1.1484003552576003,2.5757810844666396,5.858162928127406,0.02516763675229669,0.12330543359125706,1.0,0.3944055944055944,0.3052755237688653,0.0,1.0,1.0
LightGBM,lightgbm_regressor,Boosting,7150,4,projected,4.2321758646866045e-14,2.0841433543821337e-14,3.759838749409412e-14,8.334206805034613e-14,1.4692307446574813e-13,0.0,0.0,0.0,0.0,0.3052755237688653,0.0,1.0,1.0
LightGBM,lightgbm_regressor,Boosting,8100,0,raw,1.2816443391419277,0.6721581899813891,1.1454143525072666,2.5436244635481406,5.634262170140365,0.03282544304491548,0.1577561446268121,1.0,0.4154320987654321,0.306696705914019,0.0,1.0,1.0
LightGBM,lightgbm_regressor,Boosting,8100,0,projected,4.2465180870592434e-14,2.0751497859459585e-14,3.709141974507642e-14,8.688545515625921e-14,1.2234959966209091e-13,0.0,0.0,0.0,0.0,0.306696705914019,0.0,1.0,1.0
LightGBM,lightgbm_regressor,Boosting,8100,1,raw,1.3296755590046703,0.7240999749081748,1.1912759113405498,2.6794531440207203,5.962162174519178,0.02149226562701676,0.12098715464469016,1.0,0.34012345679012346,0.3128091490775097,0.0,1.0,1.0
LightGBM,lightgbm_regressor,Boosting,8100,1,projected,4.247272486297515e-14,2.0484336947618005e-14,3.891834515787283e-14,8.437320999161817e-14,1.299080495788968e-13,0.0,0.0,0.0,0.0,0.3128091490775097,0.0,1.0,1.0
LightGBM,lightgbm_regressor,Boosting,8100,2,raw,1.318247830332694,0.6757716463160724,1.1874116421603016,2.635559118672107,4.659628488323821,0.0422549144606005,0.22300939844158904,1.0,0.42098765432098767,0.3214535828967097,0.0,1.0,1.0
LightGBM,lightgbm_regressor,Boosting,8100,2,projected,4.277676556969467e-14,2.1604610347532243e-14,3.8428474007872526e-14,8.70967520703421e-14,1.4423536248953834e-13,0.0,0.0,0.0,0.0,0.3214535828967097,0.0,1.0,1.0
LightGBM,lightgbm_regressor,Boosting,8100,3,raw,1.2388647902391903,0.6732937140760505,1.0986609289040634,2.4724809102401792,5.166736788340184,0.024189907037600423,0.13186327765601122,1.0,0.35432098765432096,0.2957400856583948,0.0,1.0,1.0
LightGBM,lightgbm_regressor,Boosting,8100,3,projected,4.1516025759833574e-14,2.070170068203092e-14,3.634071679166386e-14,8.558279894178375e-14,1.4696673476038464e-13,0.0,0.0,0.0,0.0,0.2957400856583948,0.0,1.0,1.0
LightGBM,lightgbm_regressor,Boosting,8100,4,raw,1.268030674561071,0.6695190874093087,1.1379003134359058,2.4908768760456574,6.508529648417813,0.02563267997246738,0.13220269729245368,1.0,0.38765432098765434,0.2984673561080625,0.0,1.0,1.0
LightGBM,lightgbm_regressor,Boosting,8100,4,projected,4.191405741003213e-14,2.100441695835909e-14,3.6230712748823524e-14,8.609651699415444e-14,1.498891543130937e-13,0.0,0.0,0.0,0.0,0.2984673561080625,0.0,1.0,1.0
LightGBM,lightgbm_regressor,Boosting,9050,0,raw,1.2679898237070928,0.661885679812043,1.1599359541706828,2.487490611272203,5.748564666539581,0.03399190580050819,0.1742395715582117,1.0,0.425414364640884,0.30578213596268355,0.0,1.0,1.0
LightGBM,lightgbm_regressor,Boosting,9050,0,projected,4.2502470174924433e-14,2.094237239249153e-14,3.793260195561498e-14,8.584481711702263e-14,1.484188394961756e-13,0.0,0.0,0.0,0.0,0.30578213596268355,0.0,1.0,1.0
LightGBM,lightgbm_regressor,Boosting,9050,1,raw,1.2955276295205056,0.7031399225071,1.1583186442513598,2.5924862512568954,5.965379517582336,0.023111085862295582,0.12770410946432237,1.0,0.3475138121546961,0.30788293706895686,0.0,1.0,1.0
LightGBM,lightgbm_regressor,Boosting,9050,1,projected,4.209913440047248e-14,2.0549739339214775e-14,3.7561634391986526e-14,8.634056834484167e-14,1.4228607195221903e-13,0.0,0.0,0.0,0.0,0.30788293706895686,0.0,1.0,1.0
LightGBM,lightgbm_regressor,Boosting,9050,2,raw,1.283267679371451,0.6408452562402224,1.166924879457151,2.593381475727539,3.83063558635519,0.043298631793031374,0.23020680757171416,1.0,0.42044198895027624,0.31194680955908055,0.0,1.0,1.0
LightGBM,lightgbm_regressor,Boosting,9050,2,projected,4.3042735167423237e-14,2.125372456369326e-14,3.908489628360579e-14,8.714563618606152e-14,1.4042210362654595e-13,0.0,0.0,0.0,0.0,0.31194680955908055,0.0,1.0,1.0
LightGBM,lightgbm_regressor,Boosting,9050,3,raw,1.221963703719198,0.6365770287158303,1.1095584879621798,2.4319907793002926,5.039909127206854,0.025438223293924075,0.13376681353688608,1.0,0.36464088397790057,0.2942374505973666,0.0,1.0,1.0
LightGBM,lightgbm_regressor,Boosting,9050,3,projected,4.187391207005304e-14,2.1525216738617875e-14,3.609172574057777e-14,8.685548223781603e-14,2.0557109696627078e-13,0.0,0.0,0.0,0.0,0.2942374505973666,0.0,1.0,1.0
LightGBM,lightgbm_regressor,Boosting,9050,4,raw,1.2543660125047669,0.6566801093703877,1.122124980893021,2.5243423001900878,5.93448600354547,0.02689887452975379,0.13901580869052377,1.0,0.38729281767955803,0.296927539254542,0.0,1.0,1.0
LightGBM,lightgbm_regressor,Boosting,9050,4,projected,4.1926849065362954e-14,2.099439247505211e-14,3.6647441481597273e-14,8.695803515437182e-14,1.4528166567083884e-13,0.0,0.0,0.0,0.0,0.296927539254542,0.0,1.0,1.0
Multi-task Elastic Net,multitask_elastic_net_regressor,Interpretable models,10000,0,raw,0.08975409549295438,0.03729912502914109,0.08853376280736164,0.14880563473231861,0.1670571865347359,0.5400955407143109,2.100455674112386,1.0,0.7205,0.4960530384664683,0.0,1.0,1.0
Multi-task Elastic Net,multitask_elastic_net_regressor,Interpretable models,10000,0,projected,4.1771529498513193e-14,2.0980770658861714e-14,3.6539644971974393e-14,8.658805806596128e-14,1.548286316798547e-13,0.0,0.0,0.0,0.0,0.4960530384664683,0.0,1.0,1.0
Multi-task Elastic Net,multitask_elastic_net_regressor,Interpretable models,10000,1,raw,0.23506941646926435,0.09498890519907642,0.2318786155341179,0.3849629979200972,0.433113290263428,0.5281030896548942,2.064507510998029,1.0,0.719,0.4964148765954609,0.0,1.0,1.0
Multi-task Elastic Net,multitask_elastic_net_regressor,Interpretable models,10000,1,projected,4.179338990093067e-14,2.096920278444067e-14,3.6230712748823524e-14,8.654611922779907e-14,1.2798266565970195e-13,0.0,0.0,0.0,0.0,0.4964148765954609,0.0,1.0,1.0
Multi-task Elastic Net,multitask_elastic_net_regressor,Interpretable models,10000,2,raw,0.18799574011782544,0.07647920111711862,0.1852471642738182,0.31022463324478405,0.34202483580708226,0.5164254154687685,2.008968595196529,1.0,0.7015,0.48267241053781934,0.0,1.0,1.0
Multi-task Elastic Net,multitask_elastic_net_regressor,Interpretable models,10000,2,projected,4.1945975379057654e-14,2.1021316115033996e-14,3.7484126502765387e-14,8.556597677470506e-14,1.5631940186722204e-13,0.0,0.0,0.0,0.0,0.48267241053781934,0.0,1.0,1.0
Multi-task Elastic Net,multitask_elastic_net_regressor,Interpretable models,10000,3,raw,0.15224662190932015,0.06503061954547461,0.14451469685296206,0.25819474267587367,0.29028258622722874,0.4853874641104006,1.877416371702977,1.0,0.7025,0.4693946607762321,0.0,1.0,1.0
Multi-task Elastic Net,multitask_elastic_net_regressor,Interpretable models,10000,3,projected,4.169392345160476e-14,2.0784880390231954e-14,3.6404482152219934e-14,8.587357999993956e-14,1.4269575216370232e-13,0.0,0.0,0.0,0.0,0.4693946607762321,0.0,1.0,1.0
Multi-task Elastic Net,multitask_elastic_net_regressor,Interpretable models,10000,4,raw,0.15109667280813516,0.06123397777006646,0.14430895323391024,0.25388419978629684,0.28181686680966694,0.49985764859621223,1.9548720237566526,1.0,0.7095,0.4638541808901801,0.0,1.0,1.0
Multi-task Elastic Net,multitask_elastic_net_regressor,Interpretable models,10000,4,projected,4.1332896838040584e-14,2.041733875523745e-14,3.592459381734991e-14,8.377369483513977e-14,1.4583446096433614e-13,0.0,0.0,0.0,0.0,0.4638541808901801,0.0,1.0,1.0
Multi-task Elastic Net,multitask_elastic_net_regressor,Interpretable models,1450,0,raw,0.09133409445620636,0.0378422239925546,0.09232425755510859,0.1528512238040792,0.17499791576559953,0.5402092752664476,1.9348980709209134,1.0,0.7275862068965517,0.489775379193283,0.0,1.0,1.0
Multi-task Elastic Net,multitask_elastic_net_regressor,Interpretable models,1450,0,projected,4.036893620199251e-14,1.9354013026698263e-14,3.557151798805476e-14,7.619783890251128e-14,1.2789769243681803e-13,0.0,0.0,0.0,0.0,0.489775379193283,0.0,1.0,1.0
Multi-task Elastic Net,multitask_elastic_net_regressor,Interpretable models,1450,1,raw,0.23770065387729655,0.10091407931983874,0.22080756735125562,0.4059730349733008,0.5419622476916203,0.5594074437245401,2.0039406090697267,1.0,0.7275862068965517,0.5312890976978321,0.0,1.0,1.0
Multi-task Elastic Net,multitask_elastic_net_regressor,Interpretable models,1450,1,projected,3.9748270406769124e-14,2.1083825410225186e-14,3.4809342861069267e-14,8.675542767867065e-14,1.185244067699804e-13,0.0,0.0,0.0,0.0,0.5312890976978321,0.0,1.0,1.0
Multi-task Elastic Net,multitask_elastic_net_regressor,Interpretable models,1450,2,raw,0.18911972847141317,0.07910956147153018,0.17819166855572177,0.3179162891365156,0.4015695254368402,0.5724136170297092,2.163278874942126,1.0,0.7310344827586207,0.518464690708216,0.0,1.0,1.0
Multi-task Elastic Net,multitask_elastic_net_regressor,Interpretable models,1450,2,projected,4.367012437652959e-14,2.1787282665304103e-14,4.0835253059844246e-14,8.789175076443473e-14,1.4323167916492476e-13,0.0,0.0,0.0,0.0,0.518464690708216,0.0,1.0,1.0
Multi-task Elastic Net,multitask_elastic_net_regressor,Interpretable models,1450,3,raw,0.15798454042201646,0.06424109389088134,0.1533691847205903,0.26255469113636537,0.3046860440856321,0.4707522766790807,1.8422039981496934,1.0,0.6931034482758621,0.4480900899825166,0.0,1.0,1.0
Multi-task Elastic Net,multitask_elastic_net_regressor,Interpretable models,1450,3,projected,4.014372394539809e-14,2.0155698250164874e-14,3.499017183300205e-14,8.520005193839245e-14,1.2174201693455045e-13,0.0,0.0,0.0,0.0,0.4480900899825166,0.0,1.0,1.0
Multi-task Elastic Net,multitask_elastic_net_regressor,Interpretable models,1450,4,raw,0.1479411039838009,0.06349330771039284,0.14290383142726515,0.2543395139595945,0.31141396061761983,0.5640626926618231,2.0619468355989894,1.0,0.7689655172413793,0.5153614493767191,0.0,1.0,1.0
Multi-task Elastic Net,multitask_elastic_net_regressor,Interpretable models,1450,4,projected,4.057748317514366e-14,1.9165954340794062e-14,3.561573368870244e-14,8.099511693147691e-14,1.2126156552395182e-13,0.0,0.0,0.0,0.0,0.5153614493767191,0.0,1.0,1.0
Multi-task Elastic Net,multitask_elastic_net_regressor,Interpretable models,2400,0,raw,0.08883886601894424,0.03786419421496905,0.08732702826828771,0.14961387418946737,0.16837701791208118,0.49869423844092997,1.8451738806570692,1.0,0.7041666666666667,0.4651862968726216,0.0,1.0,1.0
Multi-task Elastic Net,multitask_elastic_net_regressor,Interpretable models,2400,0,projected,4.2244060692532955e-14,2.0664016076981326e-14,3.659898021096657e-14,8.667289993131623e-14,1.2289321393167433e-13,0.0,0.0,0.0,0.0,0.4651862968726216,0.0,1.0,1.0
Multi-task Elastic Net,multitask_elastic_net_regressor,Interpretable models,2400,1,raw,0.23201634647962802,0.09292191381922665,0.22054656718581603,0.3802776971821941,0.4372421170661713,0.5301836616150835,1.8796704990745032,1.0,0.7333333333333333,0.5156705327885767,0.0,1.0,1.0
Multi-task Elastic Net,multitask_elastic_net_regressor,Interpretable models,2400,1,projected,4.1430172168015787e-14,1.9820375091425214e-14,3.6974555034862565e-14,8.203618407657439e-14,1.1588601317882371e-13,0.0,0.0,0.0,0.0,0.5156705327885767,0.0,1.0,1.0
Multi-task Elastic Net,multitask_elastic_net_regressor,Interpretable models,2400,2,raw,0.18922442672434542,0.0761240367023273,0.18449279600352353,0.3153496183482719,0.34078935792305887,0.5502095410270116,2.0538701015139926,1.0,0.7208333333333333,0.5010790805322086,0.0,1.0,1.0
Multi-task Elastic Net,multitask_elastic_net_regressor,Interpretable models,2400,2,projected,4.1550227028856974e-14,2.0945026027510452e-14,3.657742603375525e-14,8.68064348027501e-14,1.277495769355511e-13,0.0,0.0,0.0,0.0,0.5010790805322086,0.0,1.0,1.0
Multi-task Elastic Net,multitask_elastic_net_regressor,Interpretable models,2400,3,raw,0.15568831304288228,0.06483855448958498,0.14721278308475066,0.2585082095843192,0.29717575035962734,0.5054986402377796,1.8667118371937341,1.0,0.6916666666666667,0.4734896704699543,0.0,1.0,1.0
Multi-task Elastic Net,multitask_elastic_net_regressor,Interpretable models,2400,3,projected,4.210961571813354e-14,2.230813932313015e-14,3.5814462203374885e-14,8.814309409326522e-14,1.4245247358228597e-13,0.0,0.0,0.0,0.0,0.4734896704699543,0.0,1.0,1.0
Multi-task Elastic Net,multitask_elastic_net_regressor,Interpretable models,2400,4,raw,0.15066888423702285,0.06343773965176447,0.145407912080684,0.25521813521708514,0.3145526997647939,0.55851838223429,2.200549368397921,1.0,0.75625,0.5166063676631928,0.0,1.0,1.0
Multi-task Elastic Net,multitask_elastic_net_regressor,Interpretable models,2400,4,projected,4.1572220865476166e-14,2.1428482354351474e-14,3.616527476359785e-14,8.680552612979835e-14,1.2889302022978012e-13,0.0,0.0,0.0,0.0,0.5166063676631928,0.0,1.0,1.0
Multi-task Elastic Net,multitask_elastic_net_regressor,Interpretable models,3350,0,raw,0.0897640879543254,0.03769746776529122,0.08789874725759117,0.14917081363270718,0.17331210460272403,0.49907459864035997,1.8527209809665734,1.0,0.7164179104477612,0.46985589587033844,0.0,1.0,1.0
Multi-task Elastic Net,multitask_elastic_net_regressor,Interpretable models,3350,0,projected,4.1167262347117716e-14,2.033119200534637e-14,3.5704330589399866e-14,8.587080022285177e-14,1.277495769355511e-13,0.0,0.0,0.0,0.0,0.46985589587033844,0.0,1.0,1.0
Multi-task Elastic Net,multitask_elastic_net_regressor,Interpretable models,3350,1,raw,0.23336560753963573,0.09455051478922485,0.22004810777547154,0.38659220670895933,0.43956749624218744,0.5413928731271749,2.061019759624172,1.0,0.7298507462686568,0.509484901579433,0.0,1.0,1.0
Multi-task Elastic Net,multitask_elastic_net_regressor,Interpretable models,3350,1,projected,4.1755391226739835e-14,2.088771696346537e-14,3.6539644971974393e-14,8.419111434901848e-14,1.2819648684136917e-13,0.0,0.0,0.0,0.0,0.509484901579433,0.0,1.0,1.0
Multi-task Elastic Net,multitask_elastic_net_regressor,Interpretable models,3350,2,raw,0.18715343710673554,0.07497868510370405,0.18553479594145791,0.3054882372745878,0.3477493440575657,0.5203111408012536,2.131268710232053,1.0,0.6850746268656717,0.4725745131769742,0.0,1.0,1.0
Multi-task Elastic Net,multitask_elastic_net_regressor,Interpretable models,3350,2,projected,4.3057397806598036e-14,2.2201203054686584e-14,3.75135199249786e-14,8.801097464586441e-14,1.5323072793339524e-13,0.0,0.0,0.0,0.0,0.4725745131769742,0.0,1.0,1.0
Multi-task Elastic Net,multitask_elastic_net_regressor,Interpretable models,3350,3,raw,0.154838993047208,0.06426706376150831,0.1463219598524124,0.25705978780332467,0.29408091655725815,0.5223165939473033,1.9922167517636589,1.0,0.6940298507462687,0.49401638778327217,0.0,1.0,1.0
Multi-task Elastic Net,multitask_elastic_net_regressor,Interpretable models,3350,3,projected,4.3100329036350235e-14,2.037302604141862e-14,3.877587486399479e-14,8.801237652245596e-14,1.174848894907428e-13,0.0,0.0,0.0,0.0,0.49401638778327217,0.0,1.0,1.0
Multi-task Elastic Net,multitask_elastic_net_regressor,Interpretable models,3350,4,raw,0.1519179091098504,0.06327042819151778,0.14880300583467035,0.2578587647506946,0.3039967948329587,0.5216436720365243,1.9596766173580098,1.0,0.7298507462686568,0.4865409219116863,0.0,1.0,1.0
Multi-task Elastic Net,multitask_elastic_net_regressor,Interpretable models,3350,4,projected,4.10503382066054e-14,2.0686615179997708e-14,3.5817726057719575e-14,8.537232072565596e-14,1.2110533410989397e-13,0.0,0.0,0.0,0.0,0.4865409219116863,0.0,1.0,1.0
Multi-task Elastic Net,multitask_elastic_net_regressor,Interpretable models,4300,0,raw,0.09056138987905689,0.03778114176014274,0.08907737393254515,0.14980825675916734,0.16792398468288788,0.5201527596872961,1.9281623525138298,1.0,0.7127906976744186,0.4819124705173127,0.0,1.0,1.0
Multi-task Elastic Net,multitask_elastic_net_regressor,Interpretable models,4300,0,projected,4.186325657865901e-14,2.097666646653656e-14,3.6293591357917154e-14,8.589814956557663e-14,1.45140420328115e-13,0.0,0.0,0.0,0.0,0.4819124705173127,0.0,1.0,1.0
Multi-task Elastic Net,multitask_elastic_net_regressor,Interpretable models,4300,1,raw,0.23559454565880186,0.09569041523850123,0.22766283050381025,0.38870816633355454,0.43664602956849813,0.5547648129986296,2.1489718469386236,1.0,0.7174418604651163,0.5096337875350161,0.0,1.0,1.0
Multi-task Elastic Net,multitask_elastic_net_regressor,Interpretable models,4300,1,projected,4.126313387275241e-14,1.9617640440279432e-14,3.6252472944505314e-14,8.615810403559753e-14,1.2080532582046504e-13,0.0,0.0,0.0,0.0,0.5096337875350161,0.0,1.0,1.0
Multi-task Elastic Net,multitask_elastic_net_regressor,Interpretable models,4300,2,raw,0.18763703036772708,0.07546705127813541,0.18359768798726794,0.30800034935522763,0.35607224011975264,0.5198805235986577,1.9070674556174252,1.0,0.6965116279069767,0.4717450741433566,0.0,1.0,1.0
Multi-task Elastic Net,multitask_elastic_net_regressor,Interpretable models,4300,2,projected,4.292212245221637e-14,2.1179441654522832e-14,3.78348134248861e-14,8.762230028725249e-14,1.428677160065029e-13,0.0,0.0,0.0,0.0,0.4717450741433566,0.0,1.0,1.0
Multi-task Elastic Net,multitask_elastic_net_regressor,Interpretable models,4300,3,raw,0.1545819035472636,0.06507962849559366,0.1481120373003162,0.2593845372587224,0.30887817757227165,0.49989309272084326,1.8640279192602278,1.0,0.6976744186046512,0.48032037659139204,0.0,1.0,1.0
Multi-task Elastic Net,multitask_elastic_net_regressor,Interpretable models,4300,3,projected,4.180710051597719e-14,2.1753707880221004e-14,3.586410527392219e-14,8.658714710175233e-14,1.450969325607484e-13,0.0,0.0,0.0,0.0,0.48032037659139204,0.0,1.0,1.0
Multi-task Elastic Net,multitask_elastic_net_regressor,Interpretable models,4300,4,raw,0.15158738459533252,0.06295256970603232,0.1486415286417599,0.2549198724521608,0.2865689899766382,0.4957628845996934,1.9424677688689531,1.0,0.7255813953488373,0.46786744386963314,0.0,1.0,1.0
Multi-task Elastic Net,multitask_elastic_net_regressor,Interpretable models,4300,4,projected,4.154163122626607e-14,2.112048018779878e-14,3.6280997308991315e-14,8.622195295168635e-14,1.4704114964967286e-13,0.0,0.0,0.0,0.0,0.46786744386963314,0.0,1.0,1.0
Multi-task Elastic Net,multitask_elastic_net_regressor,Interpretable models,500,0,raw,0.09672999107660524,0.03866609598438683,0.1047275542621644,0.15079081092093594,0.17601749536601494,0.4642449383738919,1.7888631162893665,1.0,0.66,0.43879063482867886,0.0,1.0,1.0
Multi-task Elastic Net,multitask_elastic_net_regressor,Interpretable models,500,0,projected,4.177576653950508e-14,1.9221840170031012e-14,3.657742603375525e-14,8.536280232169116e-14,9.133998540407931e-14,0.0,0.0,0.0,0.0,0.43879063482867886,0.0,1.0,1.0
Multi-task Elastic Net,multitask_elastic_net_regressor,Interpretable models,500,1,raw,0.23212513371787455,0.09805469973082481,0.2320307524746163,0.3897195047557444,0.4763749407627501,0.48729381493391655,1.53860215136214,1.0,0.74,0.479995919775748,0.0,1.0,1.0
Multi-task Elastic Net,multitask_elastic_net_regressor,Interpretable models,500,1,projected,3.858550353041299e-14,1.882410945100543e-14,3.361011755586983e-14,7.034126346489373e-14,1.1374580302819886e-13,0.0,0.0,0.0,0.0,0.479995919775748,0.0,1.0,1.0
Multi-task Elastic Net,multitask_elastic_net_regressor,Interpretable models,500,2,raw,0.20332345621034448,0.08751600973366447,0.18882234322219152,0.35760975015822904,0.3848577492898533,0.7527462612232292,2.9118057020716486,1.0,0.73,0.6508113984881024,0.0,1.0,1.0
Multi-task Elastic Net,multitask_elastic_net_regressor,Interpretable models,500,2,projected,4.486623600227468e-14,2.131652762021281e-14,3.9634549583140937e-14,8.621911427187958e-14,9.585745575600442e-14,0.0,0.0,0.0,0.0,0.6508113984881024,0.0,1.0,1.0
Multi-task Elastic Net,multitask_elastic_net_regressor,Interpretable models,500,3,raw,0.17154324890433625,0.0725109840655275,0.16414989939469687,0.29561460888587476,0.33944076052261546,0.5697489156752911,1.9897768677963135,1.0,0.75,0.5185913230913374,0.0,1.0,1.0
Multi-task Elastic Net,multitask_elastic_net_regressor,Interpretable models,500,3,projected,4.0574307520570787e-14,2.456357894749413e-14,3.407643250819148e-14,9.032575977018071e-14,1.4210854715202004e-13,0.0,0.0,0.0,0.0,0.5185913230913374,0.0,1.0,1.0
Multi-task Elastic Net,multitask_elastic_net_regressor,Interpretable models,500,4,raw,0.1655400677853468,0.06577120984272035,0.15812047589380757,0.2636699025769877,0.33859838085321786,0.602662072072521,1.8987576982470824,1.0,0.77,0.5624545341620728,0.0,1.0,1.0
Multi-task Elastic Net,multitask_elastic_net_regressor,Interpretable models,500,4,projected,4.008411836368543e-14,2.073104833228505e-14,3.716675894051185e-14,8.08171618980522e-14,1.037041017553214e-13,0.0,0.0,0.0,0.0,0.5624545341620728,0.0,1.0,1.0
Multi-task Elastic Net,multitask_elastic_net_regressor,Interpretable models,5250,0,raw,0.09000323835942654,0.037481105469878574,0.08887285793522406,0.14989147194317815,0.1669535123692934,0.517111920979867,1.9269992676385226,1.0,0.7095238095238096,0.48144702312707194,0.0,1.0,1.0
Multi-task Elastic Net,multitask_elastic_net_regressor,Interpretable models,5250,0,projected,4.196613460799379e-14,2.1114393142326296e-14,3.6404482152219934e-14,8.686389341515943e-14,1.2772796240790715e-13,0.0,0.0,0.0,0.0,0.48144702312707194,0.0,1.0,1.0
Multi-task Elastic Net,multitask_elastic_net_regressor,Interpretable models,5250,1,raw,0.2359511292598119,0.09603335106209264,0.22951428609455476,0.3846692490114993,0.43343581868508224,0.5371966522074639,2.051528118283169,1.0,0.719047619047619,0.4979831745549375,0.0,1.0,1.0
Multi-task Elastic Net,multitask_elastic_net_regressor,Interpretable models,5250,1,projected,4.1376489422390716e-14,2.0247261401233002e-14,3.6276925361212153e-14,8.553036790178596e-14,1.451947617206844e-13,0.0,0.0,0.0,0.0,0.4979831745549375,0.0,1.0,1.0
Multi-task Elastic Net,multitask_elastic_net_regressor,Interpretable models,5250,2,raw,0.18855158601372632,0.07672357464085358,0.1843839593941789,0.30915824327926605,0.35043537002702296,0.5130705581062801,1.9199218865193626,1.0,0.6952380952380952,0.47159852099656313,0.0,1.0,1.0
Multi-task Elastic Net,multitask_elastic_net_regressor,Interpretable models,5250,2,projected,4.182527297171471e-14,2.0400616761480253e-14,3.6472129545847807e-14,8.210599123895256e-14,1.4527080552014746e-13,0.0,0.0,0.0,0.0,0.47159852099656313,0.0,1.0,1.0
Multi-task Elastic Net,multitask_elastic_net_regressor,Interpretable models,5250,3,raw,0.15325135749596325,0.06521300964966552,0.14287728869692157,0.2587159574742928,0.2946910224181037,0.5108516446840405,1.9332556254531386,1.0,0.6971428571428572,0.4874940507376917,0.0,1.0,1.0
Multi-task Elastic Net,multitask_elastic_net_regressor,Interpretable models,5250,3,projected,4.1806486891273676e-14,2.0936120306410058e-14,3.588064934363216e-14,8.660969050226034e-14,1.1999965111495502e-13,0.0,0.0,0.0,0.0,0.4874940507376917,0.0,1.0,1.0
Multi-task Elastic Net,multitask_elastic_net_regressor,Interpretable models,5250,4,raw,0.15219259073551186,0.06199193624067869,0.14872993772906,0.25348739528032777,0.2898644449008837,0.49928884345821056,1.9346820115044654,1.0,0.7266666666666667,0.4708885878000442,0.0,1.0,1.0
Multi-task Elastic Net,multitask_elastic_net_regressor,Interpretable models,5250,4,projected,4.1461968932957867e-14,2.024097923988967e-14,3.6604371136070206e-14,8.307305814304991e-14,1.439177957289608e-13,0.0,0.0,0.0,0.0,0.4708885878000442,0.0,1.0,1.0
Multi-task Elastic Net,multitask_elastic_net_regressor,Interpretable models,6200,0,raw,0.08984161487763921,0.03735977144649021,0.08843678221058815,0.14922965999222282,0.16649582692029224,0.5299832144361082,2.0183203521108095,1.0,0.7201612903225807,0.4945751509589494,0.0,1.0,1.0
Multi-task Elastic Net,multitask_elastic_net_regressor,Interpretable models,6200,0,projected,4.206249075820032e-14,2.0673098999579426e-14,3.7108695389960054e-14,8.668093467608701e-14,1.4401642586896415e-13,0.0,0.0,0.0,0.0,0.4945751509589494,0.0,1.0,1.0
Multi-task Elastic Net,multitask_elastic_net_regressor,Interpretable models,6200,1,raw,0.2389295950475858,0.09570272844333753,0.2380036032509047,0.38656562758141255,0.44389906846002825,0.5306795046597234,2.0246876481692664,1.0,0.7120967741935483,0.49627415664269287,0.0,1.0,1.0
Multi-task Elastic Net,multitask_elastic_net_regressor,Interpretable models,6200,1,projected,4.1057156137682366e-14,2.0190029823480225e-14,3.6404482152219934e-14,8.235000983708098e-14,1.4404928757523758e-13,0.0,0.0,0.0,0.0,0.49627415664269287,0.0,1.0,1.0
Multi-task Elastic Net,multitask_elastic_net_regressor,Interpretable models,6200,2,raw,0.1885843626554574,0.07607335056989274,0.18512978521441747,0.31033502660469203,0.3450120609834036,0.5075764315476499,1.9660187008473131,1.0,0.7,0.47043618970513823,0.0,1.0,1.0
Multi-task Elastic Net,multitask_elastic_net_regressor,Interpretable models,6200,2,projected,4.283651798810613e-14,2.138614185429543e-14,3.8428474007872526e-14,8.702358377009775e-14,1.5523633642906473e-13,0.0,0.0,0.0,0.0,0.47043618970513823,0.0,1.0,1.0
Multi-task Elastic Net,multitask_elastic_net_regressor,Interpretable models,6200,3,raw,0.15198174142452242,0.06492143119555839,0.1424661867220994,0.258434751399046,0.2916782606328308,0.5112635680115001,1.9065235565764826,1.0,0.7016129032258065,0.49269138131900475,0.0,1.0,1.0
Multi-task Elastic Net,multitask_elastic_net_regressor,Interpretable models,6200,3,projected,4.159392984504466e-14,2.0783516691133284e-14,3.6404482152219934e-14,8.585520542392951e-14,1.437011200929569e-13,0.0,0.0,0.0,0.0,0.49269138131900475,0.0,1.0,1.0
Multi-task Elastic Net,multitask_elastic_net_regressor,Interpretable models,6200,4,raw,0.15072088774857437,0.061700672873596006,0.14528898910339366,0.25268580490054104,0.28692547504274185,0.5048537002914101,1.974259133775594,1.0,0.7233870967741935,0.4692051853789449,0.0,1.0,1.0
Multi-task Elastic Net,multitask_elastic_net_regressor,Interpretable models,6200,4,projected,4.101998725165546e-14,2.034548148804492e-14,3.582150959689527e-14,8.118941879350274e-14,1.423366536880516e-13,0.0,0.0,0.0,0.0,0.4692051853789449,0.0,1.0,1.0
Multi-task Elastic Net,multitask_elastic_net_regressor,Interpretable models,7150,0,raw,0.08993029234460571,0.037464417162177015,0.08792099907270348,0.14937153814821863,0.16732397894485726,0.5461866481207972,2.086328655071909,1.0,0.7230769230769231,0.5049017269554062,0.0,1.0,1.0
Multi-task Elastic Net,multitask_elastic_net_regressor,Interpretable models,7150,0,projected,4.130756811705117e-14,2.0205696861370174e-14,3.6697158300083867e-14,8.291324645697178e-14,1.2770016692521884e-13,0.0,0.0,0.0,0.0,0.5049017269554062,0.0,1.0,1.0
Multi-task Elastic Net,multitask_elastic_net_regressor,Interpretable models,7150,1,raw,0.23897796585791994,0.09608317620254885,0.23790668899681883,0.3894154305882788,0.4452388546500021,0.5220316030877105,1.9948528378951935,1.0,0.7097902097902098,0.48651922820625043,0.0,1.0,1.0
Multi-task Elastic Net,multitask_elastic_net_regressor,Interpretable models,7150,1,projected,4.131442102940241e-14,2.0279579333591013e-14,3.61993865950425e-14,8.560952265637901e-14,1.430380943588531e-13,0.0,0.0,0.0,0.0,0.48651922820625043,0.0,1.0,1.0
Multi-task Elastic Net,multitask_elastic_net_regressor,Interpretable models,7150,2,raw,0.18771844463867893,0.07632629123110403,0.18452855905059912,0.30933367486041113,0.34491550280251193,0.5184274246385012,2.0295640497619445,1.0,0.7020979020979021,0.47837736125680586,0.0,1.0,1.0
Multi-task Elastic Net,multitask_elastic_net_regressor,Interpretable models,7150,2,projected,4.1869449647305906e-14,2.0533246098413425e-14,3.6647441481597273e-14,8.547760683548108e-14,1.4527080552014746e-13,0.0,0.0,0.0,0.0,0.47837736125680586,0.0,1.0,1.0
Multi-task Elastic Net,multitask_elastic_net_regressor,Interpretable models,7150,3,raw,0.15137119162575122,0.06482454261806676,0.14270239240079619,0.25682628550923087,0.2937017719058027,0.4933049204858419,1.9094773939214211,1.0,0.7041958041958042,0.47764694609269504,0.0,1.0,1.0
Multi-task Elastic Net,multitask_elastic_net_regressor,Interpretable models,7150,3,projected,4.1310234214894506e-14,2.0904502109870062e-14,3.60834401799335e-14,8.553984486199456e-14,1.2839017670950633e-13,0.0,0.0,0.0,0.0,0.47764694609269504,0.0,1.0,1.0
Multi-task Elastic Net,multitask_elastic_net_regressor,Interpretable models,7150,4,raw,0.15099732701314475,0.061642051586654444,0.14555795585371706,0.25259770419693567,0.2836574994633571,0.5050987328038365,1.949575173856101,1.0,0.720979020979021,0.47224785198965974,0.0,1.0,1.0
Multi-task Elastic Net,multitask_elastic_net_regressor,Interpretable models,7150,4,projected,4.140146074002437e-14,2.068924408342288e-14,3.60834401799335e-14,8.680552612979835e-14,1.4299396722704293e-13,0.0,0.0,0.0,0.0,0.47224785198965974,0.0,1.0,1.0
Multi-task Elastic Net,multitask_elastic_net_regressor,Interpretable models,8100,0,raw,0.08967618788017634,0.03732765641491081,0.08855833319926834,0.14919723242194413,0.16639505408670463,0.5405076486398686,2.0969214046419724,1.0,0.7129629629629629,0.4981324633976552,0.0,1.0,1.0
Multi-task Elastic Net,multitask_elastic_net_regressor,Interpretable models,8100,0,projected,4.2191534868335716e-14,2.077331732356149e-14,3.677070898337116e-14,8.644490343571158e-14,1.6086576122615425e-13,0.0,0.0,0.0,0.0,0.4981324633976552,0.0,1.0,1.0
Multi-task Elastic Net,multitask_elastic_net_regressor,Interpretable models,8100,1,raw,0.23615559694196245,0.09559552395491587,0.23269888756910492,0.38622377037088396,0.4322269140335722,0.5179419576306178,2.0012109200305455,1.0,0.7080246913580247,0.4865254335486139,0.0,1.0,1.0
Multi-task Elastic Net,multitask_elastic_net_regressor,Interpretable models,8100,1,projected,4.143512934287844e-14,2.0166920025698315e-14,3.6297324778948404e-14,8.171337990970334e-14,1.5387803264635887e-13,0.0,0.0,0.0,0.0,0.4865254335486139,0.0,1.0,1.0
Multi-task Elastic Net,multitask_elastic_net_regressor,Interpretable models,8100,2,raw,0.18753680349164714,0.07598106205260279,0.18426381096423095,0.3093545401328202,0.34231848783637875,0.520001140015529,2.069275288659351,1.0,0.6981481481481482,0.47984380028441687,0.0,1.0,1.0
Multi-task Elastic Net,multitask_elastic_net_regressor,Interpretable models,8100,2,projected,4.197120184133882e-14,2.0033931778896213e-14,3.726117541341095e-14,8.556597677470506e-14,1.231177266675006e-13,0.0,0.0,0.0,0.0,0.47984380028441687,0.0,1.0,1.0
Multi-task Elastic Net,multitask_elastic_net_regressor,Interpretable models,8100,3,raw,0.1515159691741625,0.06448056388587224,0.14310148546923174,0.2561260289343187,0.29259949354564885,0.4907864602834742,1.914114721397104,1.0,0.6962962962962963,0.4740118046239031,0.0,1.0,1.0
Multi-task Elastic Net,multitask_elastic_net_regressor,Interpretable models,8100,3,projected,4.171009620733376e-14,2.2064025726077827e-14,3.588064934363216e-14,8.68087624095025e-14,1.5375494661201402e-13,0.0,0.0,0.0,0.0,0.4740118046239031,0.0,1.0,1.0
Multi-task Elastic Net,multitask_elastic_net_regressor,Interpretable models,8100,4,raw,0.15079924127640493,0.06140113950014754,0.14481172416969995,0.2531167182957292,0.2838748601189789,0.5061675290454234,2.0569611355907305,1.0,0.7104938271604938,0.47068923260122697,0.0,1.0,1.0
Multi-task Elastic Net,multitask_elastic_net_regressor,Interpretable models,8100,4,projected,4.154882379620496e-14,2.022526570245429e-14,3.726646744240753e-14,8.527034372752818e-14,1.2791002765336182e-13,0.0,0.0,0.0,0.0,0.47068923260122697,0.0,1.0,1.0
Multi-task Elastic Net,multitask_elastic_net_regressor,Interpretable models,9050,0,raw,0.08924023063232824,0.03722672480177963,0.08784176025710029,0.14858919325173103,0.1644038651139057,0.540103254434735,2.1126145338397975,1.0,0.7187845303867403,0.49710294208664524,0.0,1.0,1.0
Multi-task Elastic Net,multitask_elastic_net_regressor,Interpretable models,9050,0,projected,4.203853110430796e-14,2.0636507259901934e-14,3.776586443654626e-14,8.600576311656209e-14,1.290887205060483e-13,0.0,0.0,0.0,0.0,0.49710294208664524,0.0,1.0,1.0
Multi-task Elastic Net,multitask_elastic_net_regressor,Interpretable models,9050,1,raw,0.23521997475361248,0.09506504996354394,0.23246143337378808,0.3844140254212155,0.432173436326326,0.5212061356168407,2.0178718526443085,1.0,0.7099447513812155,0.48832793535365515,0.0,1.0,1.0
Multi-task Elastic Net,multitask_elastic_net_regressor,Interpretable models,9050,1,projected,4.1236677963161156e-14,2.021559286809662e-14,3.577743340106308e-14,8.570444274015768e-14,1.229156786451298e-13,0.0,0.0,0.0,0.0,0.48832793535365515,0.0,1.0,1.0
Multi-task Elastic Net,multitask_elastic_net_regressor,Interpretable models,9050,2,raw,0.18829559722757233,0.07592181948177022,0.1852561163581692,0.3098160206996902,0.3443440684177049,0.5202549912725404,2.0387625398323714,1.0,0.7049723756906078,0.4848829871735095,0.0,1.0,1.0
Multi-task Elastic Net,multitask_elastic_net_regressor,Interpretable models,9050,2,projected,4.316999595835219e-14,2.1264439637393624e-14,3.8263897345803626e-14,8.768411790272205e-14,1.4247444968536316e-13,0.0,0.0,0.0,0.0,0.4848829871735095,0.0,1.0,1.0
Multi-task Elastic Net,multitask_elastic_net_regressor,Interpretable models,9050,3,raw,0.15208280389307155,0.06507232571526277,0.144189349887433,0.25828472589011153,0.28759664701180737,0.48597025851080783,1.8554725892072033,1.0,0.6977900552486188,0.4719213847158684,0.0,1.0,1.0
Multi-task Elastic Net,multitask_elastic_net_regressor,Interpretable models,9050,3,projected,4.1171348977709245e-14,2.1149297795886413e-14,3.557151798805476e-14,8.564453505584832e-14,1.736473991776668e-13,0.0,0.0,0.0,0.0,0.4719213847158684,0.0,1.0,1.0
Multi-task Elastic Net,multitask_elastic_net_regressor,Interpretable models,9050,4,raw,0.15185004297644916,0.06108439510897399,0.1457305650786585,0.2530568414581463,0.2837840557026883,0.5025010606408176,1.9903605681591237,1.0,0.7093922651933702,0.46777761794119516,0.0,1.0,1.0
Multi-task Elastic Net,multitask_elastic_net_regressor,Interpretable models,9050,4,projected,4.1598700532005764e-14,2.0881465606921872e-14,3.6404482152219934e-14,8.604970666142504e-14,1.4691233565241171e-13,0.0,0.0,0.0,0.0,0.46777761794119516,0.0,1.0,1.0
Multi-task Lasso,multitask_lasso_regressor,Interpretable models,10000,0,raw,0.12845095192093026,0.05324499237481199,0.12677917559508312,0.2127643059559845,0.23874095444502003,0.5387297158838902,2.096817185020747,1.0,0.7195,0.49620593976787164,0.0,1.0,1.0
Multi-task Lasso,multitask_lasso_regressor,Interpretable models,10000,0,projected,4.1295466776832815e-14,2.0110262393719265e-14,3.6404482152219934e-14,8.094127388335634e-14,1.279501088942548e-13,0.0,0.0,0.0,0.0,0.49620593976787164,0.0,1.0,1.0
Multi-task Lasso,multitask_lasso_regressor,Interpretable models,10000,1,raw,0.22052268590788565,0.08888633485645499,0.21741967072106483,0.3610613933396209,0.4062882494729125,0.5285878770391298,2.066019696454218,1.0,0.719,0.49642854985651746,0.0,1.0,1.0
Multi-task Lasso,multitask_lasso_regressor,Interpretable models,10000,1,projected,4.073715981417219e-14,1.992180743515566e-14,3.6230712748823524e-14,8.188889333928873e-14,1.4363677449909654e-13,0.0,0.0,0.0,0.0,0.49642854985651746,0.0,1.0,1.0
Multi-task Lasso,multitask_lasso_regressor,Interpretable models,10000,2,raw,0.17442492813335314,0.070753302291193,0.17182015252481397,0.2874276022925437,0.31695310740382915,0.5168557006069913,2.009982862159345,1.0,0.702,0.48265731168946197,0.0,1.0,1.0
Multi-task Lasso,multitask_lasso_regressor,Interpretable models,10000,2,projected,4.137907381794223e-14,2.0873513035719936e-14,3.6474829482740133e-14,8.582504782083923e-14,1.4335760985318427e-13,0.0,0.0,0.0,0.0,0.48265731168946197,0.0,1.0,1.0
Multi-task Lasso,multitask_lasso_regressor,Interpretable models,10000,3,raw,0.15819757754012362,0.06726486371509525,0.1501330621065869,0.26785739873845915,0.30149075959917176,0.48517314755463836,1.8762197164164034,1.0,0.7025,0.469522236452215,0.0,1.0,1.0
Multi-task Lasso,multitask_lasso_regressor,Interpretable models,10000,3,projected,4.147852920065763e-14,2.109441908838413e-14,3.577743340106308e-14,8.647407852755717e-14,1.7156333552250142e-13,0.0,0.0,0.0,0.0,0.469522236452215,0.0,1.0,1.0
Multi-task Lasso,multitask_lasso_regressor,Interpretable models,10000,4,raw,0.15240285685299068,0.06159163150485649,0.14547960655981057,0.25585427240053266,0.28390817166358145,0.4998008218786902,1.9544730290140704,1.0,0.7095,0.46391196501781323,0.0,1.0,1.0
Multi-task Lasso,multitask_lasso_regressor,Interpretable models,10000,4,projected,4.149422337600364e-14,2.1013813872220003e-14,3.6458589558949337e-14,8.362086934972667e-14,1.5413414618972654e-13,0.0,0.0,0.0,0.0,0.46391196501781323,0.0,1.0,1.0
Multi-task Lasso,multitask_lasso_regressor,Interpretable models,1450,0,raw,0.13071692222112932,0.05397887982081184,0.13215734389136802,0.21851418794302205,0.2500063615616268,0.5388991250156606,1.9322307739792024,1.0,0.7241379310344828,0.4899480021943332,0.0,1.0,1.0
Multi-task Lasso,multitask_lasso_regressor,Interpretable models,1450,0,projected,3.970609621952651e-14,1.8842171038675647e-14,3.57760542686276e-14,7.458844107436431e-14,9.113247286322703e-14,0.0,0.0,0.0,0.0,0.4899480021943332,0.0,1.0,1.0
Multi-task Lasso,multitask_lasso_regressor,Interpretable models,1450,1,raw,0.2230767601482292,0.09440876415548055,0.20824531827618242,0.3804251068433778,0.5078479141033652,0.5599136916180569,2.0054586036112445,1.0,0.7275862068965517,0.5312932925878726,0.0,1.0,1.0
Multi-task Lasso,multitask_lasso_regressor,Interpretable models,1450,1,projected,3.9169109220197996e-14,2.1504150895067133e-14,3.499017183300205e-14,8.393307514564886e-14,1.4583446096433614e-13,0.0,0.0,0.0,0.0,0.5312932925878726,0.0,1.0,1.0
Multi-task Lasso,multitask_lasso_regressor,Interpretable models,1450,2,raw,0.1754263509187919,0.07320939461825743,0.16587345166446588,0.29471944563893293,0.3720639466048307,0.5728902276496584,2.16419318334331,1.0,0.7310344827586207,0.5185023272687616,0.0,1.0,1.0
Multi-task Lasso,multitask_lasso_regressor,Interpretable models,1450,2,projected,4.425119863103812e-14,2.1916854444695147e-14,4.0429119505688377e-14,8.779222673590695e-14,1.540112648418465e-13,0.0,0.0,0.0,0.0,0.5185023272687616,0.0,1.0,1.0
Multi-task Lasso,multitask_lasso_regressor,Interpretable models,1450,3,raw,0.16423459397419646,0.06640030650699846,0.15946681820740388,0.27219799643215836,0.31614165786682286,0.47053923499967104,1.8413460866581237,1.0,0.6931034482758621,0.4482227304670082,0.0,1.0,1.0
Multi-task Lasso,multitask_lasso_regressor,Interpretable models,1450,3,projected,4.0521989591887117e-14,2.1264046919110212e-14,3.6099836778372163e-14,8.2881474637464e-14,1.4251873767203598e-13,0.0,0.0,0.0,0.0,0.4482227304670082,0.0,1.0,1.0
Multi-task Lasso,multitask_lasso_regressor,Interpretable models,1450,4,raw,0.1492026777688531,0.06386083379455358,0.14401790100142012,0.2564993552502083,0.31361450491135756,0.5639976184638513,2.0620128977453973,1.0,0.7689655172413793,0.5154040106820371,0.0,1.0,1.0
Multi-task Lasso,multitask_lasso_regressor,Interpretable models,1450,4,projected,4.0378228393292825e-14,2.1115215210248145e-14,3.6230712748823524e-14,8.464759984044633e-14,1.53099392803603e-13,0.0,0.0,0.0,0.0,0.5154040106820371,0.0,1.0,1.0
Multi-task Lasso,multitask_lasso_regressor,Interpretable models,2400,0,raw,0.12719527444746195,0.0540172926398291,0.12528105360562786,0.21388740682325566,0.24073406176671286,0.497455431936629,1.8415526790772772,1.0,0.7041666666666667,0.4654870353583973,0.0,1.0,1.0
Multi-task Lasso,multitask_lasso_regressor,Interpretable models,2400,0,projected,4.1696663476460125e-14,2.0068821086906936e-14,3.736673199584219e-14,7.95930437153079e-14,1.537959862354893e-13,0.0,0.0,0.0,0.0,0.4654870353583973,0.0,1.0,1.0
Multi-task Lasso,multitask_lasso_regressor,Interpretable models,2400,1,raw,0.21774984524227659,0.08691453893472798,0.20767710034652442,0.3566495576365683,0.40953521057216274,0.5306727224665829,1.8808484934820004,1.0,0.7333333333333333,0.5156777976249801,0.0,1.0,1.0
Multi-task Lasso,multitask_lasso_regressor,Interpretable models,2400,1,projected,4.036337058631078e-14,2.00311901189454e-14,3.5527483729312137e-14,7.457782969893523e-14,1.4339062254443437e-13,0.0,0.0,0.0,0.0,0.5156777976249801,0.0,1.0,1.0
Multi-task Lasso,multitask_lasso_regressor,Interpretable models,2400,2,raw,0.17556193900968925,0.07042573163601289,0.1711706063622036,0.2921584522867733,0.31580521284551416,0.5506675116086673,2.055369363681718,1.0,0.7208333333333333,0.5011000522202154,0.0,1.0,1.0
Multi-task Lasso,multitask_lasso_regressor,Interpretable models,2400,2,projected,4.231382490922429e-14,2.1758191702851417e-14,3.650186391019353e-14,8.675456827423232e-14,1.452714843033512e-13,0.0,0.0,0.0,0.0,0.5011000522202154,0.0,1.0,1.0
Multi-task Lasso,multitask_lasso_regressor,Interpretable models,2400,3,raw,0.1617996236299278,0.06703666231522638,0.1531633910967578,0.2687677589833121,0.30817021637120834,0.5052782651154755,1.8658621627074914,1.0,0.6916666666666667,0.4736282181143687,0.0,1.0,1.0
Multi-task Lasso,multitask_lasso_regressor,Interpretable models,2400,3,projected,4.187059744587797e-14,2.192605128186845e-14,3.657742603375525e-14,8.713982037859826e-14,1.1910721805519867e-13,0.0,0.0,0.0,0.0,0.4736282181143687,0.0,1.0,1.0
Multi-task Lasso,multitask_lasso_regressor,Interpretable models,2400,4,raw,0.15196322796448195,0.06381924720236612,0.1467159522149489,0.2571938402434522,0.3166985602684759,0.5584573445915619,2.200553468295212,1.0,0.75625,0.5166574911574702,0.0,1.0,1.0
Multi-task Lasso,multitask_lasso_regressor,Interpretable models,2400,4,projected,4.006285897641706e-14,1.934474558569292e-14,3.546039803585479e-14,7.758321075238653e-14,1.1953178955977764e-13,0.0,0.0,0.0,0.0,0.5166574911574702,0.0,1.0,1.0
Multi-task Lasso,multitask_lasso_regressor,Interpretable models,3350,0,raw,0.12849926006627266,0.05378665726647095,0.12591626203395823,0.2132799750177142,0.24774831572972186,0.49782577349770035,1.8487541147004876,1.0,0.7119402985074627,0.4701027452928826,0.0,1.0,1.0
Multi-task Lasso,multitask_lasso_regressor,Interpretable models,3350,0,projected,4.265578677291554e-14,2.0671582993242508e-14,3.829609574358487e-14,8.588620948087229e-14,1.1979548233460496e-13,0.0,0.0,0.0,0.0,0.4701027452928826,0.0,1.0,1.0
Multi-task Lasso,multitask_lasso_regressor,Interpretable models,3350,1,raw,0.21895509683158793,0.08844907769254248,0.20650394447090473,0.36237674846779705,0.41214386428740685,0.5418867438920852,2.0625594288228917,1.0,0.7298507462686568,0.509511305727697,0.0,1.0,1.0
Multi-task Lasso,multitask_lasso_regressor,Interpretable models,3350,1,projected,4.0597643772518326e-14,2.044420724199258e-14,3.5704330589399866e-14,8.414620900981269e-14,1.43084964525281e-13,0.0,0.0,0.0,0.0,0.509511305727697,0.0,1.0,1.0
Multi-task Lasso,multitask_lasso_regressor,Interpretable models,3350,2,raw,0.17364092700872183,0.06935847098377479,0.17215986767443264,0.28307689285758303,0.3226651016589657,0.5207518412049325,2.132447359221864,1.0,0.6850746268656717,0.47257311614392694,0.0,1.0,1.0
Multi-task Lasso,multitask_lasso_regressor,Interpretable models,3350,2,projected,4.3501829143916883e-14,2.2252308142909083e-14,3.899901863453521e-14,8.768887535515541e-14,1.6588738293712929e-13,0.0,0.0,0.0,0.0,0.47257311614392694,0.0,1.0,1.0
Multi-task Lasso,multitask_lasso_regressor,Interpretable models,3350,3,raw,0.1608915627858594,0.06647087287532308,0.152026335357128,0.2666648896829391,0.30500322099817595,0.5221012313108941,1.9914704020239269,1.0,0.6940298507462687,0.49415118844047207,0.0,1.0,1.0
Multi-task Lasso,multitask_lasso_regressor,Interpretable models,3350,3,projected,4.217790570723624e-14,2.2599649856305145e-14,3.659898021096657e-14,8.821538296147727e-14,1.4662209038573627e-13,0.0,0.0,0.0,0.0,0.49415118844047207,0.0,1.0,1.0
Multi-task Lasso,multitask_lasso_regressor,Interpretable models,3350,4,raw,0.15320586721661594,0.06364691998906549,0.1501196274416497,0.25991504252832165,0.30607170469221223,0.5215870326745731,1.9595886599792345,1.0,0.7313432835820896,0.48659018458497044,0.0,1.0,1.0
Multi-task Lasso,multitask_lasso_regressor,Interpretable models,3350,4,projected,4.1059782678916666e-14,2.0437737389954828e-14,3.6192569378296076e-14,8.269731589486903e-14,1.1996657182253788e-13,0.0,0.0,0.0,0.0,0.48659018458497044,0.0,1.0,1.0
Multi-task Lasso,multitask_lasso_regressor,Interpretable models,4300,0,raw,0.12964218507837225,0.05391235542097504,0.12750634798367,0.21437501755156257,0.23998313883090197,0.518837084111692,1.9242194959955212,1.0,0.7127906976744186,0.4821673400964133,0.0,1.0,1.0
Multi-task Lasso,multitask_lasso_regressor,Interpretable models,4300,0,projected,4.168533820728805e-14,1.9947525524638048e-14,3.6481516148378966e-14,8.16435985527739e-14,1.2070080031889452e-13,0.0,0.0,0.0,0.0,0.4821673400964133,0.0,1.0,1.0
Multi-task Lasso,multitask_lasso_regressor,Interpretable models,4300,1,raw,0.22102253029213587,0.08952337923093168,0.21336251097404485,0.36423117155203893,0.40959528064605555,0.5552673610580673,2.1510204234219965,1.0,0.7174418604651163,0.5096587634125748,0.0,1.0,1.0
Multi-task Lasso,multitask_lasso_regressor,Interpretable models,4300,1,projected,4.13845245665971e-14,2.00661490728335e-14,3.7176297579243684e-14,8.149198787152107e-14,1.3035361099125945e-13,0.0,0.0,0.0,0.0,0.5096587634125748,0.0,1.0,1.0
Multi-task Lasso,multitask_lasso_regressor,Interpretable models,4300,2,raw,0.17409533431420707,0.06980458975040679,0.1701572617831691,0.28534233073692894,0.33015028735740626,0.5203202516602569,1.908716599452448,1.0,0.6965116279069767,0.4717547479460941,0.0,1.0,1.0
Multi-task Lasso,multitask_lasso_regressor,Interpretable models,4300,2,projected,4.227827055471001e-14,2.1249747528065398e-14,3.6351586291195517e-14,8.688545515625921e-14,1.4426817432597938e-13,0.0,0.0,0.0,0.0,0.4717547479460941,0.0,1.0,1.0
Multi-task Lasso,multitask_lasso_regressor,Interpretable models,4300,3,raw,0.16065321740248578,0.06730571503732508,0.15401901245241728,0.269188143472476,0.3203683368646754,0.499681744671019,1.863555778668357,1.0,0.6976744186046512,0.48046220313994453,0.0,1.0,1.0
Multi-task Lasso,multitask_lasso_regressor,Interpretable models,4300,3,projected,4.2490714103594926e-14,2.1245278349097547e-14,3.6963566737947484e-14,8.673279421411239e-14,1.45140420328115e-13,0.0,0.0,0.0,0.0,0.48046220313994453,0.0,1.0,1.0
Multi-task Lasso,multitask_lasso_regressor,Interpretable models,4300,4,raw,0.15290184639917298,0.06332166690595226,0.15008213394869863,0.2569201380352813,0.2889295663368513,0.4957061732904166,1.9422405084052747,1.0,0.7255813953488373,0.46792259398979646,0.0,1.0,1.0
Multi-task Lasso,multitask_lasso_regressor,Interpretable models,4300,4,projected,4.0731936753235176e-14,1.9404843070014892e-14,3.6647777570421404e-14,7.790153540559962e-14,1.2147686737931034e-13,0.0,0.0,0.0,0.0,0.46792259398979646,0.0,1.0,1.0
Multi-task Lasso,multitask_lasso_regressor,Interpretable models,500,0,raw,0.13833342270257792,0.05517584624891051,0.14962203176577682,0.21556173246318783,0.2517607572939324,0.46313167239176883,1.7853184971602287,1.0,0.66,0.4391033768238773,0.0,1.0,1.0
Multi-task Lasso,multitask_lasso_regressor,Interpretable models,500,0,projected,4.0528745661768595e-14,1.7475579381878485e-14,3.581066021004244e-14,6.765256774274857e-14,9.352480803022575e-14,0.0,0.0,0.0,0.0,0.4391033768238773,0.0,1.0,1.0
Multi-task Lasso,multitask_lasso_regressor,Interpretable models,500,1,raw,0.21788810271435455,0.09171392134066463,0.21729807473579127,0.3651093262672032,0.44670588295511493,0.48778415399663017,1.5397859564665919,1.0,0.74,0.47993024716917,0.0,1.0,1.0
Multi-task Lasso,multitask_lasso_regressor,Interpretable models,500,1,projected,4.133912480948705e-14,2.1505231987784317e-14,3.784672914098777e-14,9.020043795473156e-14,1.0296742478167742e-13,0.0,0.0,0.0,0.0,0.47993024716917,0.0,1.0,1.0
Multi-task Lasso,multitask_lasso_regressor,Interpretable models,500,2,raw,0.18851408685479995,0.0809981454410356,0.17515539380171447,0.3313821436590061,0.35651834242842784,0.7533334517732772,2.9137491926917054,1.0,0.73,0.6509343221289313,0.0,1.0,1.0
Multi-task Lasso,multitask_lasso_regressor,Interpretable models,500,2,projected,4.554223510558633e-14,2.1846864222999807e-14,4.176731406085882e-14,8.237034138713989e-14,1.2384914792245182e-13,0.0,0.0,0.0,0.0,0.6509343221289313,0.0,1.0,1.0
Multi-task Lasso,multitask_lasso_regressor,Interpretable models,500,3,raw,0.17813657251262274,0.07491824482183848,0.1703678416125773,0.30607712106049584,0.35207591866702737,0.569480671451251,1.9894500154821944,1.0,0.75,0.5186624777495445,0.0,1.0,1.0
Multi-task Lasso,multitask_lasso_regressor,Interpretable models,500,3,projected,4.0162642259857213e-14,2.3169608472821752e-14,3.444626831557731e-14,7.374030657414367e-14,1.4246337553745592e-13,0.0,0.0,0.0,0.0,0.5186624777495445,0.0,1.0,1.0
Multi-task Lasso,multitask_lasso_regressor,Interpretable models,500,4,raw,0.16686868542576772,0.06611621572672813,0.15926117814643256,0.26569537953819067,0.34084155261924914,0.6025877494842464,1.898728126412266,1.0,0.77,0.5625098108024293,0.0,1.0,1.0
Multi-task Lasso,multitask_lasso_regressor,Interpretable models,500,4,projected,4.206128167785588e-14,2.101334930195442e-14,3.5747861903224386e-14,8.585453917086382e-14,1.0522571770095998e-13,0.0,0.0,0.0,0.0,0.5625098108024293,0.0,1.0,1.0
Multi-task Lasso,multitask_lasso_regressor,Interpretable models,5250,0,raw,0.12884340597885774,0.053488497778838295,0.12747337574306106,0.21431264371500935,0.23911907961448284,0.5158026160065636,1.924048091549653,1.0,0.7085714285714285,0.48167816343802816,0.0,1.0,1.0
Multi-task Lasso,multitask_lasso_regressor,Interpretable models,5250,0,projected,4.1585133098092356e-14,2.085387402108989e-14,3.5995818699422374e-14,7.901162727817471e-14,1.45140420328115e-13,0.0,0.0,0.0,0.0,0.48167816343802816,0.0,1.0,1.0
Multi-task Lasso,multitask_lasso_regressor,Interpretable models,5250,1,raw,0.2213825639054926,0.08984176956690783,0.2152771086887672,0.36046487854259857,0.40667934739087014,0.537690275294668,2.053252549038051,1.0,0.72,0.49800224546074817,0.0,1.0,1.0
Multi-task Lasso,multitask_lasso_regressor,Interpretable models,5250,1,projected,4.1585022885152886e-14,2.1397311917076485e-14,3.6230712748823524e-14,8.652631220529237e-14,1.5587468005037624e-13,0.0,0.0,0.0,0.0,0.49800224546074817,0.0,1.0,1.0
Multi-task Lasso,multitask_lasso_regressor,Interpretable models,5250,2,raw,0.17494891627187129,0.07097599968231173,0.1712138574356712,0.28657166540776463,0.3251266446323872,0.5135058406231134,1.9210239848367836,1.0,0.6952380952380952,0.4716008807571366,0.0,1.0,1.0
Multi-task Lasso,multitask_lasso_regressor,Interpretable models,5250,2,projected,4.170728178969168e-14,2.0885817057452426e-14,3.6647441481597273e-14,8.614218435479184e-14,1.2820571680383445e-13,0.0,0.0,0.0,0.0,0.4716008807571366,0.0,1.0,1.0
Multi-task Lasso,multitask_lasso_regressor,Interpretable models,5250,3,raw,0.15926485862997564,0.06744736001089684,0.14856122615189007,0.26824822060791664,0.305696194597467,0.5106300192565697,1.9327317992001523,1.0,0.6971428571428572,0.4876234146571202,0.0,1.0,1.0
Multi-task Lasso,multitask_lasso_regressor,Interpretable models,5250,3,projected,4.136744508140305e-14,2.2183094740832533e-14,3.592459381734991e-14,8.62507334470221e-14,1.6587787186393757e-13,0.0,0.0,0.0,0.0,0.4876234146571202,0.0,1.0,1.0
Multi-task Lasso,multitask_lasso_regressor,Interpretable models,5250,4,raw,0.1535229388272455,0.06235609475062874,0.14991749713909377,0.25536043437767264,0.29208513073387543,0.49923188868539553,1.9346756695271292,1.0,0.7266666666666667,0.47095007889343693,0.0,1.0,1.0
Multi-task Lasso,multitask_lasso_regressor,Interpretable models,5250,4,projected,4.087347313910919e-14,2.023181264648562e-14,3.5711234139242525e-14,8.504860074310386e-14,1.2799634088375329e-13,0.0,0.0,0.0,0.0,0.47095007889343693,0.0,1.0,1.0
Multi-task Lasso,multitask_lasso_regressor,Interpretable models,6200,0,raw,0.12860636599643166,0.05331750186348368,0.12673275717312177,0.21344736403286746,0.23843838249878369,0.5286394224471348,2.0153233868778666,1.0,0.7193548387096774,0.4947791041519492,0.0,1.0,1.0
Multi-task Lasso,multitask_lasso_regressor,Interpretable models,6200,0,projected,4.173211916250966e-14,1.9774949127566513e-14,3.657742603375525e-14,8.171337990970334e-14,1.8088337376593428e-13,0.0,0.0,0.0,0.0,0.4947791041519492,0.0,1.0,1.0
Multi-task Lasso,multitask_lasso_regressor,Interpretable models,6200,1,raw,0.2241666782071959,0.08953975087441292,0.22309195084797467,0.3623694741381263,0.41587650882452104,0.5311633024872301,2.025945747723672,1.0,0.7120967741935483,0.49628395741165904,0.0,1.0,1.0
Multi-task Lasso,multitask_lasso_regressor,Interpretable models,6200,1,projected,4.143863124088391e-14,2.1017444707999376e-14,3.592459381734991e-14,8.191819201343292e-14,1.4583446096433614e-13,0.0,0.0,0.0,0.0,0.49628395741165904,0.0,1.0,1.0
Multi-task Lasso,multitask_lasso_regressor,Interpretable models,6200,2,raw,0.17497818683358163,0.07037382596541963,0.17203303096897288,0.2875065029912608,0.31978565831963907,0.5080078723994788,1.9673080032093413,1.0,0.7,0.47042993063017957,0.0,1.0,1.0
Multi-task Lasso,multitask_lasso_regressor,Interpretable models,6200,2,projected,4.199529697675681e-14,2.107801876957457e-14,3.66205343881779e-14,8.588092276545745e-14,1.243957214570315e-13,0.0,0.0,0.0,0.0,0.47042993063017957,0.0,1.0,1.0
Multi-task Lasso,multitask_lasso_regressor,Interpretable models,6200,3,raw,0.15794949888304793,0.06714877443361143,0.14825116379777836,0.26793723915405604,0.3025641419915795,0.5110462880283576,1.904741868180083,1.0,0.7016129032258065,0.49282017393984207,0.0,1.0,1.0
Multi-task Lasso,multitask_lasso_regressor,Interpretable models,6200,3,projected,4.101935661260288e-14,2.1031938096571432e-14,3.557151798805476e-14,8.573290973212053e-14,1.4567209187227736e-13,0.0,0.0,0.0,0.0,0.49282017393984207,0.0,1.0,1.0
Multi-task Lasso,multitask_lasso_regressor,Interpretable models,6200,4,raw,0.1520426484213226,0.06205818372781654,0.14665596701228978,0.25456730976713554,0.28912735077785373,0.5047949885141982,1.9744086160667655,1.0,0.7233870967741935,0.46926138496805925,0.0,1.0,1.0
Multi-task Lasso,multitask_lasso_regressor,Interpretable models,6200,4,projected,4.2106321219033e-14,2.009283809497711e-14,3.692088357856443e-14,8.207238323246427e-14,1.2736614799453144e-13,0.0,0.0,0.0,0.0,0.46926138496805925,0.0,1.0,1.0
Multi-task Lasso,multitask_lasso_regressor,Interpretable models,7150,0,raw,0.12871934771927718,0.05346985258383214,0.12614910982121136,0.2136073415535548,0.2395691770714329,0.5448229292728497,2.082604366283848,1.0,0.7216783216783217,0.5050638552987132,0.0,1.0,1.0
Multi-task Lasso,multitask_lasso_regressor,Interpretable models,7150,0,projected,4.1990802040552714e-14,2.091969625793073e-14,3.7314041725951323e-14,8.560583328326732e-14,1.4527080552014746e-13,0.0,0.0,0.0,0.0,0.5050638552987132,0.0,1.0,1.0
Multi-task Lasso,multitask_lasso_regressor,Interpretable models,7150,1,raw,0.22420122504737447,0.08990168349868849,0.22300008362877666,0.3649669681887114,0.41712651789095234,0.5225119215899601,1.9961806507247624,1.0,0.7104895104895105,0.4865165774787007,0.0,1.0,1.0
Multi-task Lasso,multitask_lasso_regressor,Interpretable models,7150,1,projected,4.1142173371636205e-14,2.0371480932573333e-14,3.5704330589399866e-14,8.323014691315145e-14,1.4510780572443112e-13,0.0,0.0,0.0,0.0,0.4865165774787007,0.0,1.0,1.0
Multi-task Lasso,multitask_lasso_regressor,Interpretable models,7150,2,raw,0.17417383837172273,0.07060993292471092,0.17119343820556326,0.2866538930469305,0.3196976419535717,0.5188609284011938,2.0307433245393693,1.0,0.7020979020979021,0.4783741898262776,0.0,1.0,1.0
Multi-task Lasso,multitask_lasso_regressor,Interpretable models,7150,2,projected,4.11613540062655e-14,2.0612468679157074e-14,3.552713678800501e-14,8.570732276265292e-14,1.666281657925365e-13,0.0,0.0,0.0,0.0,0.4783741898262776,0.0,1.0,1.0
Multi-task Lasso,multitask_lasso_regressor,Interpretable models,7150,3,raw,0.15729718480509947,0.06704906767823816,0.1482851721533658,0.2665249554816049,0.3044139498703154,0.4930895943644255,1.908892629515119,1.0,0.7041958041958042,0.47777339721656015,0.0,1.0,1.0
Multi-task Lasso,multitask_lasso_regressor,Interpretable models,7150,3,projected,4.1827347985669434e-14,2.1318955321499435e-14,3.6366521232743984e-14,8.696520229253203e-14,1.4773694028798265e-13,0.0,0.0,0.0,0.0,0.47777339721656015,0.0,1.0,1.0
Multi-task Lasso,multitask_lasso_regressor,Interpretable models,7150,4,raw,0.1523144312007712,0.06200127931791225,0.14688950539486098,0.25428830107983497,0.285701123463135,0.5050411554411994,1.9494838197216204,1.0,0.720979020979021,0.4723039030608836,0.0,1.0,1.0
Multi-task Lasso,multitask_lasso_regressor,Interpretable models,7150,4,projected,4.14721016524998e-14,2.05956050797674e-14,3.6404482152219934e-14,8.223701658268734e-14,1.4247444968536316e-13,0.0,0.0,0.0,0.0,0.4723039030608836,0.0,1.0,1.0
Multi-task Lasso,multitask_lasso_regressor,Interpretable models,8100,0,raw,0.12835147235224814,0.05327821439076803,0.1267629868175733,0.21326789685942432,0.2382393080675001,0.5391545693658061,2.094476037014339,1.0,0.7129629629629629,0.498315232256748,0.0,1.0,1.0
Multi-task Lasso,multitask_lasso_regressor,Interpretable models,8100,0,projected,4.1613562356002856e-14,2.0155432484567314e-14,3.698625290188094e-14,8.286661651412791e-14,1.4441027280087337e-13,0.0,0.0,0.0,0.0,0.498315232256748,0.0,1.0,1.0
Multi-task Lasso,multitask_lasso_regressor,Interpretable models,8100,1,raw,0.2215605424533335,0.0894513378755292,0.21827951782445693,0.3623099714895318,0.405504681944677,0.5184191105097583,2.00278544935091,1.0,0.7080246913580247,0.48652493825001025,0.0,1.0,1.0
Multi-task Lasso,multitask_lasso_regressor,Interpretable models,8100,1,projected,4.198162725673295e-14,2.0601709919311138e-14,3.6474829482740133e-14,8.348945498290023e-14,1.4514313788094537e-13,0.0,0.0,0.0,0.0,0.48652493825001025,0.0,1.0,1.0
Multi-task Lasso,multitask_lasso_regressor,Interpretable models,8100,2,raw,0.17400987678781768,0.07029075589224582,0.1707357196338951,0.2865928368803729,0.3174489501054658,0.5204306957168758,2.0709342229374124,1.0,0.6981481481481482,0.4798331213459364,0.0,1.0,1.0
Multi-task Lasso,multitask_lasso_regressor,Interpretable models,8100,2,projected,4.210955068248643e-14,2.1341007408782066e-14,3.659898021096657e-14,8.585887916039237e-14,1.4579118022114694e-13,0.0,0.0,0.0,0.0,0.4798331213459364,0.0,1.0,1.0
Multi-task Lasso,multitask_lasso_regressor,Interpretable models,8100,3,raw,0.15745538114981572,0.06669156598914704,0.1485443307643899,0.26578255138254514,0.30390178382024946,0.4905718424292376,1.9138109374307772,1.0,0.695679012345679,0.474141337493409,0.0,1.0,1.0
Multi-task Lasso,multitask_lasso_regressor,Interpretable models,8100,3,projected,4.068839244329618e-14,2.077842428203727e-14,3.5704330589399866e-14,8.498708093483417e-14,1.4300500028652673e-13,0.0,0.0,0.0,0.0,0.474141337493409,0.0,1.0,1.0
Multi-task Lasso,multitask_lasso_regressor,Interpretable models,8100,4,raw,0.1521115563329775,0.06176054878677045,0.1460715235021503,0.2552280828535082,0.2859470465984892,0.5061129010524396,2.056581051083721,1.0,0.7104938271604938,0.47074785702136307,0.0,1.0,1.0
Multi-task Lasso,multitask_lasso_regressor,Interpretable models,8100,4,projected,4.1545923172330444e-14,2.016670001034619e-14,3.6230712748823524e-14,8.61891803958235e-14,1.274311646889195e-13,0.0,0.0,0.0,0.0,0.47074785702136307,0.0,1.0,1.0
Multi-task Lasso,multitask_lasso_regressor,Interpretable models,9050,0,raw,0.12771506104057692,0.05314048147028113,0.1255975722671161,0.2125927121272284,0.2352187855972506,0.5387370643110283,2.108073125154346,1.0,0.7187845303867403,0.4972507892435094,0.0,1.0,1.0
Multi-task Lasso,multitask_lasso_regressor,Interpretable models,9050,0,projected,4.189917390265293e-14,1.9852376170757807e-14,3.714587713521473e-14,8.207363147154651e-14,1.46309704135021e-13,0.0,0.0,0.0,0.0,0.4972507892435094,0.0,1.0,1.0
Multi-task Lasso,multitask_lasso_regressor,Interpretable models,9050,1,raw,0.22066671164593152,0.08895823636788504,0.21806196656153326,0.36050162124566804,0.4054064490402479,0.5216860452315023,2.0193684103756766,1.0,0.7099447513812155,0.48833168002041294,0.0,1.0,1.0
Multi-task Lasso,multitask_lasso_regressor,Interpretable models,9050,1,projected,4.1203545388617655e-14,2.041380980786503e-14,3.592459381734991e-14,8.337805845739148e-14,1.2907649793152806e-13,0.0,0.0,0.0,0.0,0.48833168002041294,0.0,1.0,1.0
Multi-task Lasso,multitask_lasso_regressor,Interpretable models,9050,2,raw,0.17469003791206786,0.07024047199145365,0.171678519140198,0.28720365058591407,0.3191064991273091,0.5206871723334713,2.039596245954676,1.0,0.7049723756906078,0.4848740812567379,0.0,1.0,1.0
Multi-task Lasso,multitask_lasso_regressor,Interpretable models,9050,2,projected,4.2399028750084264e-14,2.1194294640976978e-14,3.8366790904859514e-14,8.644125458514252e-14,1.4561792860887974e-13,0.0,0.0,0.0,0.0,0.4848740812567379,0.0,1.0,1.0
Multi-task Lasso,multitask_lasso_regressor,Interpretable models,9050,3,raw,0.15801482976909625,0.06731279597280582,0.14977517555461228,0.26804534130252794,0.2986753022564609,0.48575354940728305,1.854863795013226,1.0,0.6977900552486188,0.4720447587634797,0.0,1.0,1.0
Multi-task Lasso,multitask_lasso_regressor,Interpretable models,9050,3,projected,4.1154854706886977e-14,2.1136814456485317e-14,3.564489826239508e-14,8.66044170931302e-14,1.4665436822660847e-13,0.0,0.0,0.0,0.0,0.4720447587634797,0.0,1.0,1.0
Multi-task Lasso,multitask_lasso_regressor,Interpretable models,9050,4,raw,0.15315230972255153,0.061445538592382,0.1470595967749031,0.25505454039450637,0.2860510013460884,0.502446096239999,1.9901885794713197,1.0,0.7093922651933702,0.46783354506787395,0.0,1.0,1.0
Multi-task Lasso,multitask_lasso_regressor,Interpretable models,9050,4,projected,4.1988123336639673e-14,2.1206054892479346e-14,3.6404482152219934e-14,8.678330377755996e-14,1.430380943588531e-13,0.0,0.0,0.0,0.0,0.46783354506787395,0.0,1.0,1.0
PLS,pls_regressor,Interpretable models,10000,0,raw,23.056080644493495,14.608557058864548,19.403139267563603,50.95504348716271,87.21433193198413,0.3634543872931624,1.7413946003241836,1.0,0.5455,1.7893949524570645,0.0075,0.9966161619482098,0.013975488744315616
PLS,pls_regressor,Interpretable models,10000,0,projected,4.2352514335427455e-14,2.162764091533958e-14,3.6230712748823524e-14,8.718637326273912e-14,1.4516487647213044e-13,0.0,0.0,0.0,0.0,1.7893949524570645,0.0075,0.9966161619482098,0.013975488744315616
PLS,pls_regressor,Interpretable models,10000,1,raw,21.671693276919957,12.558525445797809,18.718855518995596,45.68521057914707,73.13459600138495,0.3551849123776466,1.7339335417358872,1.0,0.55,1.8581595120955803,0.013,0.9947459350223665,3.4149203473221613e-06
PLS,pls_regressor,Interpretable models,10000,1,projected,4.16648144523394e-14,2.074303858280498e-14,3.6230712748823524e-14,8.57154239241979e-14,1.451947617206844e-13,0.0,0.0,0.0,0.0,1.8581595120955803,0.013,0.9947459350223665,3.4149203473221613e-06
PLS,pls_regressor,Interpretable models,10000,2,raw,16.638001843652447,8.692740571850946,14.637640450438575,33.42885732687022,52.57388812469882,0.35245745112170745,1.713442385647089,1.0,0.5305,1.8036661261807276,0.0075,0.9966926665813867,0.0400964050538873
PLS,pls_regressor,Interpretable models,10000,2,projected,4.238998980714546e-14,2.1088895779015642e-14,3.828224995685716e-14,8.661224935786955e-14,1.456287628731415e-13,0.0,0.0,0.0,0.0,1.8036661261807276,0.0075,0.9966926665813867,0.0400964050538873
PLS,pls_regressor,Interpretable models,10000,3,raw,22.929575892500687,14.264593103324513,19.49955394146739,50.052613969227316,90.77702829073948,0.3212390812218536,1.542265340534829,1.0,0.5395,1.7709072933146797,0.0085,0.9958988220748106,1.07802141454056e-06
PLS,pls_regressor,Interpretable models,10000,3,projected,4.173215755083847e-14,2.160115079604264e-14,3.625553669349753e-14,8.68064348027501e-14,1.4665436822660847e-13,0.0,0.0,0.0,0.0,1.7709072933146797,0.0085,0.9958988220748106,1.07802141454056e-06
PLS,pls_regressor,Interpretable models,10000,4,raw,22.39026125827063,13.080954147816902,19.291147085047697,47.54085453575879,74.63319830306745,0.34471545207343146,1.664348242857798,1.0,0.55,1.8163084245083427,0.01,0.9943954169007685,1.7345389561942788e-06
PLS,pls_regressor,Interpretable models,10000,4,projected,4.1558032299098943e-14,2.0448795762681186e-14,3.66205343881779e-14,8.563559756381515e-14,1.4561792860887974e-13,0.0,0.0,0.0,0.0,1.8163084245083427,0.01,0.9943954169007685,1.7345389561942788e-06
PLS,pls_regressor,Interpretable models,1450,0,raw,30.325485493386203,18.70339256191537,26.372435760969175,67.07877794851508,88.45070055176164,0.37430921646327125,1.6040287174828727,1.0,0.593103448275862,1.733416455707622,0.0,1.0,1.0
PLS,pls_regressor,Interpretable models,1450,0,projected,3.980718182804652e-14,2.027242350512404e-14,3.592459381734991e-14,7.697251680926008e-14,1.2827030794456932e-13,0.0,0.0,0.0,0.0,1.733416455707622,0.0,1.0,1.0
PLS,pls_regressor,Interpretable models,1450,1,raw,31.031948048458773,19.112759072341685,26.958720602629757,70.33198257699028,101.15610971602689,0.3340498885399103,1.736742899858734,1.0,0.5137931034482759,1.9668529342426628,0.02413793103448276,0.9946811939606558,0.3601324942938869
PLS,pls_regressor,Interpretable models,1450,1,projected,4.0893687611981246e-14,2.0058618294801042e-14,3.6404482152219934e-14,8.056993873403418e-14,1.5404199436857482e-13,0.0,0.0,0.0,0.0,1.9668529342426628,0.02413793103448276,0.9946811939606558,0.3601324942938869
PLS,pls_regressor,Interpretable models,1450,2,raw,29.66322953864778,17.14779589866712,26.250618132546045,61.79929137053459,87.20324177094771,0.3898327519002441,1.7480674980394262,1.0,0.5586206896551724,1.8768441503389697,0.010344827586206896,0.9933027959487396,8.541252700385076e-07
PLS,pls_regressor,Interpretable models,1450,2,projected,4.4151804874554124e-14,2.254308527147047e-14,3.7027505563452505e-14,8.958285368592554e-14,1.4253257484574086e-13,0.0,0.0,0.0,0.0,1.8768441503389697,0.010344827586206896,0.9933027959487396,8.541252700385076e-07
PLS,pls_regressor,Interpretable models,1450,3,raw,28.458097032585815,18.42870073450435,23.44273758562356,64.7575507247513,88.2645820707065,0.30176183626176867,1.3181086420617159,1.0,0.5724137931034483,1.763357293872484,0.010344827586206896,0.9963496636505754,0.41214724006447595
PLS,pls_regressor,Interpretable models,1450,3,projected,4.1441911202503114e-14,2.1308056494660433e-14,3.552852451257992e-14,8.405890421332425e-14,1.4247444968536316e-13,0.0,0.0,0.0,0.0,1.763357293872484,0.010344827586206896,0.9963496636505754,0.41214724006447595
PLS,pls_regressor,Interpretable models,1450,4,raw,27.249453757115333,16.376825186174436,23.93193079933189,52.9926854728472,110.93555157484062,0.40770276302480674,1.7288772938171084,1.0,0.6172413793103448,1.6635927363481555,0.006896551724137931,0.9992256236656313,0.7799041238282592
PLS,pls_regressor,Interpretable models,1450,4,projected,4.036834019634745e-14,2.0149014065495226e-14,3.555487763606222e-14,8.293078075634016e-14,1.1827122038509192e-13,0.0,0.0,0.0,0.0,1.6635927363481555,0.006896551724137931,0.9992256236656313,0.7799041238282592
PLS,pls_regressor,Interpretable models,2400,0,raw,28.64295021997419,16.938814714559218,25.173957194968203,61.145222197032304,86.90360893340961,0.33846636215338727,1.5586738580496788,1.0,0.55625,1.7294811620115633,0.0020833333333333333,0.999137065936894,0.5857916497091429
PLS,pls_regressor,Interpretable models,2400,0,projected,4.134551643596337e-14,2.053140746516512e-14,3.517567765381963e-14,8.681641768094208e-14,1.2005284650358854e-13,0.0,0.0,0.0,0.0,1.7294811620115633,0.0020833333333333333,0.999137065936894,0.5857916497091429
PLS,pls_regressor,Interpretable models,2400,1,raw,31.93630753121828,16.852561364273953,28.12313200579489,65.02249912600759,88.45168041135567,0.3290251240866739,1.5411616761637636,1.0,0.5458333333333333,1.8965860804091406,0.0125,0.9956710645270217,0.3393593473394022
PLS,pls_regressor,Interpretable models,2400,1,projected,4.241877477016299e-14,2.0546128151052684e-14,3.7974171942835164e-14,8.23607404653256e-14,1.22427751814797e-13,0.0,0.0,0.0,0.0,1.8965860804091406,0.0125,0.9956710645270217,0.3393593473394022
PLS,pls_regressor,Interpretable models,2400,2,raw,23.534906639227998,13.993690649426325,20.01171032970421,51.06283460567058,81.35010209489292,0.3697497165619206,1.8840669258954155,1.0,0.55625,1.9216835229846259,0.010416666666666666,0.9945129822454023,0.036692154029679826
PLS,pls_regressor,Interpretable models,2400,2,projected,4.3870984334005095e-14,2.3256534901985338e-14,3.704298273300795e-14,9.279988828706857e-14,1.2758351434866757e-13,0.0,0.0,0.0,0.0,1.9216835229846259,0.010416666666666666,0.9945129822454023,0.036692154029679826
PLS,pls_regressor,Interpretable models,2400,3,raw,35.248012978793646,22.838067230634515,30.14621514251113,76.59725726325583,119.59079572670689,0.3356787891011911,1.4341535583878122,1.0,0.5416666666666666,1.7758445719643154,0.010416666666666666,0.9963318590909718,0.08429930085833086
PLS,pls_regressor,Interpretable models,2400,3,projected,4.2958978036244456e-14,2.182652525046398e-14,3.7645372863212594e-14,8.689136826507899e-14,1.4238583238573986e-13,0.0,0.0,0.0,0.0,1.7758445719643154,0.010416666666666666,0.9963318590909718,0.08429930085833086
PLS,pls_regressor,Interpretable models,2400,4,raw,27.82660133706298,15.21236511109561,25.10972755041324,56.159353800383045,106.16598536239057,0.3828657079989782,1.8969418084311378,1.0,0.5770833333333333,1.8949236420366697,0.010416666666666666,0.994433395047217,0.12833771793482962
PLS,pls_regressor,Interpretable models,2400,4,projected,4.132855614129694e-14,2.002186284538631e-14,3.5704330589399866e-14,8.597250475356054e-14,1.17723015519153e-13,0.0,0.0,0.0,0.0,1.8949236420366697,0.010416666666666666,0.994433395047217,0.12833771793482962
PLS,pls_regressor,Interpretable models,3350,0,raw,25.319681872528665,13.641764136940061,22.601718839318014,52.86259347515833,77.05217910141073,0.3558482713931183,1.5175357001785266,1.0,0.5671641791044776,1.6904378098013244,0.004477611940298508,0.9984453560107954,0.4365972141053799
PLS,pls_regressor,Interpretable models,3350,0,projected,4.1258494470203e-14,2.1171997276267583e-14,3.553823728406967e-14,8.579508655429204e-14,1.2730729475472207e-13,0.0,0.0,0.0,0.0,1.6904378098013244,0.004477611940298508,0.9984453560107954,0.4365972141053799
PLS,pls_regressor,Interpretable models,3350,1,raw,36.71907518110985,19.725737502790036,33.87087136164879,74.47143687859506,104.66860594953032,0.3500000527954578,1.5677280509160432,1.0,0.5701492537313433,1.9381530883317388,0.010447761194029851,0.9968182881129033,0.3483701401655526
PLS,pls_regressor,Interpretable models,3350,1,projected,4.135755291522816e-14,1.9090547021908665e-14,3.657742603375525e-14,7.62021826355451e-14,1.2068772826597062e-13,0.0,0.0,0.0,0.0,1.9381530883317388,0.010447761194029851,0.9968182881129033,0.3483701401655526
PLS,pls_regressor,Interpretable models,3350,2,raw,23.987937655762547,13.032458118092283,21.830749270489704,47.46387629418234,83.42107859184468,0.3589032869184757,1.7714132919653092,1.0,0.5358208955223881,1.994631218391134,0.011940298507462687,0.9910814434049545,8.509813577073845e-07
PLS,pls_regressor,Interpretable models,3350,2,projected,4.2670852959848943e-14,2.0454263000271497e-14,3.787001818969071e-14,8.66744435898248e-14,1.200191656750524e-13,0.0,0.0,0.0,0.0,1.994631218391134,0.011940298507462687,0.9910814434049545,8.509813577073845e-07
PLS,pls_regressor,Interpretable models,3350,3,raw,30.762007832791387,16.982533154487697,27.5285339006455,63.80724533911711,98.8515850173422,0.34388175601414456,1.5503959479068121,1.0,0.5328358208955224,1.9906480031128793,0.013432835820895522,0.9922422078418736,0.08142057947635677
PLS,pls_regressor,Interpretable models,3350,3,projected,4.0999023759967904e-14,2.1544768038595527e-14,3.5569633730191064e-14,8.689540955929887e-14,1.4287962149854866e-13,0.0,0.0,0.0,0.0,1.9906480031128793,0.013432835820895522,0.9922422078418736,0.08142057947635677
PLS,pls_regressor,Interpretable models,3350,4,raw,23.16062657417008,13.645446984772024,19.95718196718954,49.06224956444187,74.4427567077811,0.35264899163338864,1.7213777150136917,1.0,0.5492537313432836,1.7159259193079603,0.008955223880597015,0.9943405714625638,0.1006963541094441
PLS,pls_regressor,Interpretable models,3350,4,projected,4.126155904206134e-14,2.1073261639970274e-14,3.6426138603753334e-14,8.654487732290054e-14,1.4500991790071218e-13,0.0,0.0,0.0,0.0,1.7159259193079603,0.008955223880597015,0.9943405714625638,0.1006963541094441
PLS,pls_regressor,Interpretable models,4300,0,raw,21.08719102867547,9.885456426904668,19.88572967963123,38.69051852780645,53.620403378378846,0.3558015091109606,1.5966162203558687,1.0,0.55,1.8226173594655286,0.0069767441860465115,0.995597651300248,0.06674155812628688
PLS,pls_regressor,Interpretable models,4300,0,projected,4.249158409901317e-14,2.0666453726997054e-14,3.804156658958114e-14,8.563900649345822e-14,1.5519504231194994e-13,0.0,0.0,0.0,0.0,1.8226173594655286,0.0069767441860465115,0.995597651300248,0.06674155812628688
PLS,pls_regressor,Interpretable models,4300,1,raw,24.431401377417096,12.47193849840073,22.106708603965302,48.17444388144687,67.89403487640433,0.3819022694876013,1.7895656224240928,1.0,0.5988372093023255,1.8412200300757917,0.009302325581395349,0.9957357420304024,1.271816249959018e-06
PLS,pls_regressor,Interpretable models,4300,1,projected,4.1192638106471475e-14,1.867650796856316e-14,3.640989867996253e-14,8.112320841737852e-14,1.0705405751792344e-13,0.0,0.0,0.0,0.0,1.8412200300757917,0.009302325581395349,0.9957357420304024,1.271816249959018e-06
PLS,pls_regressor,Interpretable models,4300,2,raw,22.0443232809956,11.06421211195565,20.219795990799533,41.96591738101902,69.85995668080089,0.3626741664957842,1.744736435091075,1.0,0.5337209302325582,1.9505383023372744,0.011627906976744186,0.9937937598785138,1.3811656582550208e-06
PLS,pls_regressor,Interpretable models,4300,2,projected,4.223247284976034e-14,2.189730211072007e-14,3.722814896136326e-14,8.673279421411239e-14,1.456856295417339e-13,0.0,0.0,0.0,0.0,1.9505383023372744,0.011627906976744186,0.9937937598785138,1.3811656582550208e-06
PLS,pls_regressor,Interpretable models,4300,3,raw,31.933521491542635,18.07461092976843,28.067521560704026,66.99125990500264,107.85994061195402,0.328608272985894,1.48803556359957,1.0,0.5279069767441861,1.9842151563466215,0.015116279069767442,0.9921246510255685,0.07495167137608665
PLS,pls_regressor,Interpretable models,4300,3,projected,4.154189171205691e-14,2.2067271328412037e-14,3.539899897801105e-14,8.697257727624905e-14,1.499733380626753e-13,0.0,0.0,0.0,0.0,1.9842151563466215,0.015116279069767442,0.9921246510255685,0.07495167137608665
PLS,pls_regressor,Interpretable models,4300,4,raw,25.84162874184348,13.054325460015416,23.83439244028113,49.65409462046367,78.51246041337559,0.34160825880497875,1.6944465614077617,1.0,0.5488372093023256,1.8318776511135866,0.009302325581395349,0.9941598273725311,7.893842144815029e-07
PLS,pls_regressor,Interpretable models,4300,4,projected,4.101097567331305e-14,1.9717820574069506e-14,3.6366521232743984e-14,8.230084193416833e-14,1.1937329429948876e-13,0.0,0.0,0.0,0.0,1.8318776511135866,0.009302325581395349,0.9941598273725311,7.893842144815029e-07
PLS,pls_regressor,Interpretable models,500,0,raw,25.415457856927965,12.63580398076652,24.690556954269326,50.01065308296137,57.82960318750331,0.2776678241372957,1.5686476590149594,1.0,0.5,1.5473067866569616,0.0,1.0,1.0
PLS,pls_regressor,Interpretable models,500,0,projected,4.1898196701053555e-14,2.0785796594150554e-14,3.666885672308673e-14,8.35567598870823e-14,9.433107129092202e-14,0.0,0.0,0.0,0.0,1.5473067866569616,0.0,1.0,1.0
PLS,pls_regressor,Interpretable models,500,1,raw,26.033025150583768,14.750658341321804,22.111046845790867,54.456916829305335,69.91549243258451,0.3172610019604174,1.2966409528979872,1.0,0.55,1.7371282275975652,0.01,0.9942435312485576,0.42435312485576054
PLS,pls_regressor,Interpretable models,500,1,projected,4.2289423933826774e-14,2.2681229150603222e-14,3.6776375068632614e-14,9.034212013836289e-14,1.1812772982011666e-13,0.0,0.0,0.0,0.0,1.7371282275975652,0.01,0.9942435312485576,0.42435312485576054
PLS,pls_regressor,Interpretable models,500,2,raw,29.842277072969324,14.99899040145374,26.51195169727366,59.12955255918802,76.51395246508632,0.4158328998538638,2.0743842277097984,1.0,0.46,1.797095657967696,0.0,1.0,1.0
PLS,pls_regressor,Interpretable models,500,2,projected,4.718700486378493e-14,2.395894392078172e-14,4.1701831730397445e-14,9.049557428812399e-14,1.2914447132343272e-13,0.0,0.0,0.0,0.0,1.797095657967696,0.0,1.0,1.0
PLS,pls_regressor,Interpretable models,500,3,raw,32.74475179365453,18.27907177554325,29.928537059325162,67.41286064063868,90.20381240188064,0.27480392270529913,1.0854463696523002,1.0,0.56,1.7161533559947393,0.01,0.99706301756182,0.7063017561819962
PLS,pls_regressor,Interpretable models,500,3,projected,4.122318781464747e-14,2.2446933019049888e-14,3.442497494119687e-14,8.766401628547724e-14,1.2100106776761097e-13,0.0,0.0,0.0,0.0,1.7161533559947393,0.01,0.99706301756182,0.7063017561819962
PLS,pls_regressor,Interpretable models,500,4,raw,25.07110533098436,12.421468973601138,22.586213280131062,47.91213348177947,64.75099885482511,0.4141539331333485,1.8770863931011146,1.0,0.62,1.7904401833854766,0.01,0.9944847843310773,0.4484784331077451
PLS,pls_regressor,Interpretable models,500,4,projected,4.015028752863312e-14,1.9079641431411653e-14,3.722010650578145e-14,7.212083766071431e-14,1.0376113739958892e-13,0.0,0.0,0.0,0.0,1.7904401833854766,0.01,0.9944847843310773,0.4484784331077451
PLS,pls_regressor,Interpretable models,5250,0,raw,21.771333443748688,11.258164397275388,19.707199418677007,43.91084664319825,61.58763293112056,0.3574461718197316,1.5934632289696302,1.0,0.5523809523809524,1.8224649455507798,0.006666666666666667,0.9955657638454033,4.400889764652419e-07
PLS,pls_regressor,Interpretable models,5250,0,projected,4.163625979423174e-14,2.1058351448598367e-14,3.592459381734991e-14,8.686417136608127e-14,1.4246337553745592e-13,0.0,0.0,0.0,0.0,1.8224649455507798,0.006666666666666667,0.9955657638454033,4.400889764652419e-07
PLS,pls_regressor,Interpretable models,5250,1,raw,26.087628661607052,15.360443963318847,23.100733388996296,56.743691157526165,81.81042334528098,0.34490805053648554,1.7251230873295198,1.0,0.5580952380952381,1.847381659862106,0.011428571428571429,0.9959202319413227,1.4634319077213983e-06
PLS,pls_regressor,Interpretable models,5250,1,projected,4.284172199729058e-14,2.075751115973431e-14,3.7308749696954746e-14,8.648139194140223e-14,1.533130768459275e-13,0.0,0.0,0.0,0.0,1.847381659862106,0.011428571428571429,0.9959202319413227,1.4634319077213983e-06
PLS,pls_regressor,Interpretable models,5250,2,raw,22.291126680988686,11.984567507687858,20.031284340723087,45.0709553519285,74.24853601649126,0.33798598175435696,1.6154188890711179,1.0,0.52,1.853749063121836,0.009523809523809525,0.9957885939733538,0.04533793610169463
PLS,pls_regressor,Interpretable models,5250,2,projected,4.331906162966442e-14,2.138124109966763e-14,3.8315381363766596e-14,8.795044650369066e-14,1.2888077909577372e-13,0.0,0.0,0.0,0.0,1.853749063121836,0.009523809523809525,0.9957885939733538,0.04533793610169463
PLS,pls_regressor,Interpretable models,5250,3,raw,29.189498185542842,17.63671609051919,25.400696093569902,63.82980242108835,93.89520905252895,0.3326277148735382,1.5384143097467555,1.0,0.5314285714285715,1.854156636584942,0.011428571428571429,0.9948777606431144,0.052216215031965274
PLS,pls_regressor,Interpretable models,5250,3,projected,4.2605685021327165e-14,2.1954019429600112e-14,3.657742603375525e-14,8.63409189436285e-14,1.468263968701807e-13,0.0,0.0,0.0,0.0,1.854156636584942,0.011428571428571429,0.9948777606431144,0.052216215031965274
PLS,pls_regressor,Interpretable models,5250,4,raw,25.21911468053737,13.253781522845811,23.59156629930282,49.80139653925394,82.22185167103501,0.33960440668369607,1.6593338627744394,1.0,0.5485714285714286,1.807700589237608,0.008571428571428572,0.9935936742338131,9.619626002782973e-07
PLS,pls_regressor,Interpretable models,5250,4,projected,4.1103995128679606e-14,2.0511005562986124e-14,3.557151798805476e-14,8.475699983825182e-14,1.4596422619330084e-13,0.0,0.0,0.0,0.0,1.807700589237608,0.008571428571428572,0.9935936742338131,9.619626002782973e-07
PLS,pls_regressor,Interpretable models,6200,0,raw,25.98914223196905,15.421383778979019,21.971584891389963,56.73067137787021,85.0834094253786,0.3578977818747531,1.6235520858810266,1.0,0.5516129032258065,1.8094818728047586,0.0064516129032258064,0.9960353834811561,3.981371790534701e-07
PLS,pls_regressor,Interpretable models,6200,0,projected,4.2258608825863795e-14,2.0709938498226615e-14,3.776586443654626e-14,8.592868015318674e-14,1.4652521420047492e-13,0.0,0.0,0.0,0.0,1.8094818728047586,0.0064516129032258064,0.9960353834811561,3.981371790534701e-07
PLS,pls_regressor,Interpretable models,6200,1,raw,24.88970960178791,13.805338744193381,21.808535754163334,52.62310693286449,76.36612160732098,0.34575409485342834,1.6944503946444347,1.0,0.5516129032258065,1.8612900478061134,0.010483870967741936,0.9965314945329908,0.22415634938577125
PLS,pls_regressor,Interpretable models,6200,1,projected,4.143962831215044e-14,2.057365928382274e-14,3.5704330589399866e-14,8.379054449776193e-14,1.4281732235759946e-13,0.0,0.0,0.0,0.0,1.8612900478061134,0.010483870967741936,0.9965314945329908,0.22415634938577125
PLS,pls_regressor,Interpretable models,6200,2,raw,24.869004701901048,14.810417574821523,21.185604205244736,53.9884511401269,90.13626375017597,0.34205874480577325,1.6219455060666867,1.0,0.5282258064516129,1.8653930478680825,0.00967741935483871,0.9957356578946667,0.06027821166178294
PLS,pls_regressor,Interpretable models,6200,2,projected,4.247205234431359e-14,2.035109125996909e-14,3.776586443654626e-14,8.306805683340908e-14,1.4404928757523758e-13,0.0,0.0,0.0,0.0,1.8653930478680825,0.00967741935483871,0.9957356578946667,0.06027821166178294
PLS,pls_regressor,Interpretable models,6200,3,raw,26.02927290550235,15.749458316769235,22.579428741469954,58.381226564069586,86.6907704749154,0.33786438627887966,1.579387384109475,1.0,0.5370967741935484,1.8052553672438094,0.01129032258064516,0.9947809707625883,0.04782273420033613
PLS,pls_regressor,Interpretable models,6200,3,projected,4.1515260147642416e-14,2.0871392780208996e-14,3.6447795055286734e-14,8.68064348027501e-14,1.2736614799453144e-13,0.0,0.0,0.0,0.0,1.8052553672438094,0.01129032258064516,0.9947809707625883,0.04782273420033613
PLS,pls_regressor,Interpretable models,6200,4,raw,23.398415370795778,11.402645202998205,21.494844478383392,44.48538443530213,72.0907670190806,0.3481159732946375,1.6466364893988599,1.0,0.5733870967741935,1.9017815556721083,0.013709677419354839,0.9907767064550177,9.400271305396456e-07
PLS,pls_regressor,Interpretable models,6200,4,projected,4.18796772751692e-14,2.1105823671885126e-14,3.673340564993182e-14,8.566201958395282e-14,1.295936092001041e-13,0.0,0.0,0.0,0.0,1.9017815556721083,0.013709677419354839,0.9907767064550177,9.400271305396456e-07
PLS,pls_regressor,Interpretable models,7150,0,raw,24.388793487287376,14.741191994785117,20.55716378347598,54.372205028571734,82.48061652151371,0.3645485275412764,1.7111610000775694,1.0,0.5566433566433566,1.7863206117645014,0.006293706293706294,0.9970337607682725,0.020951886662687262
PLS,pls_regressor,Interpretable models,7150,0,projected,4.269132179243651e-14,2.058539004682885e-14,3.709141974507642e-14,8.560952265637901e-14,1.555409382013118e-13,0.0,0.0,0.0,0.0,1.7863206117645014,0.006293706293706294,0.9970337607682725,0.020951886662687262
PLS,pls_regressor,Interpretable models,7150,1,raw,25.730042956898394,14.06989747223994,22.83123280079365,53.46105433786021,94.99287405655498,0.3466271786927314,1.6945497897591806,1.0,0.5552447552447553,1.8303658902634579,0.009790209790209791,0.997327697337416,0.21333349802405346
PLS,pls_regressor,Interpretable models,7150,1,projected,4.1844956701652117e-14,2.1233746897461965e-14,3.659898021096657e-14,8.524931462988832e-14,1.499733380626753e-13,0.0,0.0,0.0,0.0,1.8303658902634579,0.009790209790209791,0.997327697337416,0.21333349802405346
PLS,pls_regressor,Interpretable models,7150,2,raw,24.310112094863495,15.060187680053733,20.46274819968874,54.478115892830836,89.61159953939962,0.3535470094083251,1.6759013957869917,1.0,0.5391608391608391,1.8949015425531583,0.00909090909090909,0.995777811829098,0.05104392275292141
PLS,pls_regressor,Interpretable models,7150,2,projected,4.241980757523173e-14,2.0820286046339235e-14,3.671861163841704e-14,8.663444103619753e-14,1.4339062254443437e-13,0.0,0.0,0.0,0.0,1.8949015425531583,0.00909090909090909,0.995777811829098,0.05104392275292141
PLS,pls_regressor,Interpretable models,7150,3,raw,19.423927285350466,11.426714889833665,16.292238570886617,41.912345474250614,67.36789270663924,0.3221792438391191,1.5635161594751574,1.0,0.5230769230769231,1.795174340969025,0.013986013986013986,0.9939836805216562,6.73319141299341e-07
PLS,pls_regressor,Interpretable models,7150,3,projected,4.1427174943095876e-14,2.0758172794709213e-14,3.6230712748823524e-14,8.125535236265418e-14,1.6606798983105254e-13,0.0,0.0,0.0,0.0,1.795174340969025,0.013986013986013986,0.9939836805216562,6.73319141299341e-07
PLS,pls_regressor,Interpretable models,7150,4,raw,21.727329023323,11.854999073122295,19.241860488755357,43.58321110870039,72.08260019314783,0.3459445400961508,1.6611589949732597,1.0,0.5608391608391609,1.862752015350698,0.013286713286713287,0.9914543929271035,8.575115155803362e-07
PLS,pls_regressor,Interpretable models,7150,4,projected,4.09775307408957e-14,2.0730382831962733e-14,3.588064934363216e-14,8.346515821868643e-14,1.5408295753759263e-13,0.0,0.0,0.0,0.0,1.862752015350698,0.013286713286713287,0.9914543929271035,8.575115155803362e-07
PLS,pls_regressor,Interpretable models,8100,0,raw,23.38310969478797,14.67841627721105,19.625567239937233,52.062777590129514,85.59185091775055,0.366071715743907,1.7431670181225813,1.0,0.5469135802469136,1.8080364453283941,0.008024691358024692,0.9962926193209437,0.012619512169119908
PLS,pls_regressor,Interpretable models,8100,0,projected,4.1761710424026265e-14,2.0727464646477223e-14,3.6404482152219934e-14,8.36420747424947e-14,1.6776994460722697e-13,0.0,0.0,0.0,0.0,1.8080364453283941,0.008024691358024692,0.9962926193209437,0.012619512169119908
PLS,pls_regressor,Interpretable models,8100,1,raw,23.047915719243672,12.505318650773946,20.566397433826495,46.89171176797382,83.81581357329567,0.35493588663086356,1.6948492368404497,1.0,0.5691358024691358,1.892879334250799,0.012962962962962963,0.9944976566063288,1.1748122100305563e-06
PLS,pls_regressor,Interpretable models,8100,1,projected,4.229036744132455e-14,2.1022563591417705e-14,3.6404482152219934e-14,8.622561107508327e-14,1.2791002765336182e-13,0.0,0.0,0.0,0.0,1.892879334250799,0.012962962962962963,0.9944976566063288,1.1748122100305563e-06
PLS,pls_regressor,Interpretable models,8100,2,raw,21.041771110700804,11.471550542271876,19.024071294103393,43.374178317004045,67.25140222675664,0.36206298004777093,1.7410474944598144,1.0,0.5333333333333333,1.889332127288171,0.008641975308641974,0.9959509911300212,9.911950456369364e-07
PLS,pls_regressor,Interpretable models,8100,2,projected,4.181812375666226e-14,2.1028482044534696e-14,3.6404482152219934e-14,8.615604770346571e-14,1.2275854013568085e-13,0.0,0.0,0.0,0.0,1.889332127288171,0.008641975308641974,0.9959509911300212,9.911950456369364e-07
PLS,pls_regressor,Interpretable models,8100,3,raw,14.0805571348653,6.023257160633062,13.0167946428339,25.185025729248316,37.62243297565392,0.3184940223560428,1.540320305967285,1.0,0.5234567901234568,1.8078894297640065,0.010493827160493827,0.9947524419488836,0.060130315512476856
PLS,pls_regressor,Interpretable models,8100,3,projected,4.0858611499983626e-14,2.0845925591124042e-14,3.5549327388029886e-14,8.533911106286719e-14,1.5347764211734363e-13,0.0,0.0,0.0,0.0,1.8078894297640065,0.010493827160493827,0.9947524419488836,0.060130315512476856
PLS,pls_regressor,Interpretable models,8100,4,raw,22.905591243766345,13.14043073510811,19.74550926116909,48.349667062172735,86.19292489523671,0.35564150817767676,1.6746797797178703,1.0,0.5592592592592592,1.8596285181434993,0.011728395061728396,0.9931843398341734,8.764789714433109e-07
PLS,pls_regressor,Interpretable models,8100,4,projected,4.200923289577907e-14,2.0698375159641398e-14,3.7054163295021255e-14,8.557746890645337e-14,1.293207299340885e-13,0.0,0.0,0.0,0.0,1.8596285181434993,0.011728395061728396,0.9931843398341734,8.764789714433109e-07
PLS,pls_regressor,Interpretable models,9050,0,raw,21.910434049346552,13.692680828247555,18.228958208663375,48.443917196883625,82.2721270216192,0.3656479615605166,1.7543336589436649,1.0,0.5414364640883977,1.7940342780780694,0.008287292817679558,0.9961438695471077,0.012419778085371874
PLS,pls_regressor,Interpretable models,9050,0,projected,4.18604110803381e-14,2.1401457442770185e-14,3.6746256662156534e-14,8.642280973422262e-14,1.533130768459275e-13,0.0,0.0,0.0,0.0,1.7940342780780694,0.008287292817679558,0.9961438695471077,0.012419778085371874
PLS,pls_regressor,Interpretable models,9050,1,raw,21.890509966029036,12.313829016226547,19.034362613290646,45.377587212564414,77.85088719545129,0.3521590820226285,1.6844186986854404,1.0,0.5613259668508287,1.8663110570934824,0.01270718232044199,0.9944466577058642,1.1733243321237223e-06
PLS,pls_regressor,Interpretable models,9050,1,projected,4.096639817574198e-14,2.0119878418872418e-14,3.657742603375525e-14,8.546667599801083e-14,1.3034150702995462e-13,0.0,0.0,0.0,0.0,1.8663110570934824,0.01270718232044199,0.9944466577058642,1.1733243321237223e-06
PLS,pls_regressor,Interpretable models,9050,2,raw,19.319470424288436,10.544713211994106,17.312663692385634,39.889459049253915,65.8504981015631,0.35962367210183843,1.7585598024757474,1.0,0.5348066298342542,1.8329512691473182,0.0071823204419889505,0.996734021797242,0.0454656041291594
PLS,pls_regressor,Interpretable models,9050,2,projected,4.179132605374531e-14,2.1125863766534785e-14,3.6404482152219934e-14,8.631978479220284e-14,1.610617956167376e-13,0.0,0.0,0.0,0.0,1.8329512691473182,0.0071823204419889505,0.996734021797242,0.0454656041291594
PLS,pls_regressor,Interpretable models,9050,3,raw,18.628940944535543,11.232227765396162,15.804600893149082,40.194955643498,64.69644864887916,0.31347254442124867,1.4761045018106185,1.0,0.525414364640884,1.7713473504719945,0.011049723756906077,0.9958636952280276,0.08158820825094425
PLS,pls_regressor,Interpretable models,9050,3,projected,4.0563919712330764e-14,2.025228638475136e-14,3.552713678800501e-14,8.198877919074775e-14,1.3411200035432723e-13,0.0,0.0,0.0,0.0,1.7713473504719945,0.011049723756906077,0.9958636952280276,0.08158820825094425
PLS,pls_regressor,Interpretable models,9050,4,raw,23.860600873007222,13.935189728413038,20.65293398125263,49.825094449887175,83.24647137420531,0.3496932960464173,1.6806442688271384,1.0,0.5596685082872929,1.8079747463496585,0.010497237569060774,0.9943940949896342,7.503157434244789e-07
PLS,pls_regressor,Interpretable models,9050,4,projected,4.185712358813135e-14,2.0873315958200362e-14,3.657742603375525e-14,8.680552612979835e-14,1.2809799252721436e-13,0.0,0.0,0.0,0.0,1.8079747463496585,0.010497237569060774,0.9943940949896342,7.503157434244789e-07
Random Forest,random_forest_regressor,Randomized tree ensembles,10000,0,raw,15.415232179253149,5.464030072861612,14.861999453433498,25.118981980886414,39.11037768411705,0.0,0.0,1.0,0.0,2.0018633041662595,0.0135,0.9940053982851867,0.031049877981859302
Random Forest,random_forest_regressor,Randomized tree ensembles,10000,0,projected,4.223605115884443e-14,2.2185672415694177e-14,3.6230712748823524e-14,8.876095876974005e-14,1.4827060707343672e-13,0.0,0.0,0.0,0.0,2.0018633041662595,0.0135,0.9940053982851867,0.031049877981859302
Random Forest,random_forest_regressor,Randomized tree ensembles,10000,1,raw,15.887299293080426,6.009179445306936,15.124310892552327,26.999868687760326,46.05017566564356,0.0,0.0,1.0,0.0,2.0161604894597405,0.0155,0.9947955224409388,0.15235153797621254
Random Forest,random_forest_regressor,Randomized tree ensembles,10000,1,projected,4.2466546942418775e-14,2.136320002224943e-14,3.709141974507642e-14,8.673279421411239e-14,1.5413414618972654e-13,0.0,0.0,0.0,0.0,2.0161604894597405,0.0155,0.9947955224409388,0.15235153797621254
Random Forest,random_forest_regressor,Randomized tree ensembles,10000,2,raw,15.875720673256906,6.048510700684634,15.058360031357331,27.000301698812436,48.5329593650039,0.0,0.0,1.0,0.0,2.0514752237390526,0.0145,0.9937092303298247,0.04229648415427017
Random Forest,random_forest_regressor,Randomized tree ensembles,10000,2,projected,4.307334831605472e-14,2.1502012868675325e-14,3.8269050732745005e-14,8.792810371257461e-14,1.4500991790071218e-13,0.0,0.0,0.0,0.0,2.0514752237390526,0.0145,0.9937092303298247,0.04229648415427017
Random Forest,random_forest_regressor,Randomized tree ensembles,10000,3,raw,15.56259395178323,5.6455432562665235,14.992570975105924,26.038431791728367,37.62809306829658,0.0,0.0,1.0,0.0,1.985065714637452,0.0155,0.9941526048621044,0.06117890154182424
Random Forest,random_forest_regressor,Randomized tree ensembles,10000,3,projected,4.2307385003351e-14,2.050158177707566e-14,3.6984920639579564e-14,8.65348016692751e-14,1.4291671196183614e-13,0.0,0.0,0.0,0.0,1.985065714637452,0.0155,0.9941526048621044,0.06117890154182424
Random Forest,random_forest_regressor,Randomized tree ensembles,10000,4,raw,15.37998057275214,5.736286426518666,14.562844847773466,26.075489447579557,43.40312651520164,0.0,0.0,1.0,0.0,1.9577036572733106,0.012,0.9950112958275283,0.022205544222297428
Random Forest,random_forest_regressor,Randomized tree ensembles,10000,4,projected,4.214771620344093e-14,2.0998030264773063e-14,3.719363065079743e-14,8.611120034289256e-14,1.7303758123184896e-13,0.0,0.0,0.0,0.0,1.9577036572733106,0.012,0.9950112958275283,0.022205544222297428
Random Forest,random_forest_regressor,Randomized tree ensembles,1450,0,raw,18.05592010013693,8.279821173668228,16.851895696051066,34.864352504163556,46.11588478526093,0.0,0.0,1.0,0.0,2.075999542835819,0.017241379310344827,0.9917609823693319,0.030557509136422495
Random Forest,random_forest_regressor,Randomized tree ensembles,1450,0,projected,4.271641709846375e-14,2.0658563139345293e-14,3.901919871603826e-14,8.630233884309226e-14,1.2215601861210384e-13,0.0,0.0,0.0,0.0,2.075999542835819,0.017241379310344827,0.9917609823693319,0.030557509136422495
Random Forest,random_forest_regressor,Randomized tree ensembles,1450,1,raw,18.19150303502763,7.810168082006021,16.878542692908148,32.05098154726183,51.297526255468284,0.0,0.0,1.0,0.0,2.197259891380182,0.027586206896551724,0.9878574388823942,0.3752387297592788
Random Forest,random_forest_regressor,Randomized tree ensembles,1450,1,projected,4.100567688766025e-14,2.0037310541371656e-14,3.8346185676838076e-14,8.155996817359132e-14,1.2830412842208967e-13,0.0,0.0,0.0,0.0,2.197259891380182,0.027586206896551724,0.9878574388823942,0.3752387297592788
Random Forest,random_forest_regressor,Randomized tree ensembles,1450,2,raw,18.852646825711766,7.870378261167985,18.19032271803254,32.628458926280175,54.278388363453715,0.0,0.0,1.0,0.0,2.2403304023347212,0.017241379310344827,0.9924868028690564,0.043613628704669255
Random Forest,random_forest_regressor,Randomized tree ensembles,1450,2,projected,4.142586885120085e-14,1.9903552982353608e-14,3.8428474007872526e-14,7.412282914004795e-14,1.2174201693455045e-13,0.0,0.0,0.0,0.0,2.2403304023347212,0.017241379310344827,0.9924868028690564,0.043613628704669255
Random Forest,random_forest_regressor,Randomized tree ensembles,1450,3,raw,17.777951877709054,7.8530519446146405,16.649566346983654,32.1351182546056,44.52026651339747,0.0,0.0,1.0,0.0,2.0671550284557676,0.017241379310344827,0.9940798560025549,0.20053212351191357
Random Forest,random_forest_regressor,Randomized tree ensembles,1450,3,projected,4.1320477018599684e-14,2.1212027156316654e-14,3.592459381734991e-14,8.65543351243995e-14,1.1932372135637592e-13,0.0,0.0,0.0,0.0,2.0671550284557676,0.017241379310344827,0.9940798560025549,0.20053212351191357
Random Forest,random_forest_regressor,Randomized tree ensembles,1450,4,raw,17.780155436549272,7.929137904461295,16.177697870028954,31.869462351447662,47.730806203105516,0.0,0.0,1.0,0.0,1.991160638513323,0.013793103448275862,0.9928405861650357,0.11750917496542856
Random Forest,random_forest_regressor,Randomized tree ensembles,1450,4,projected,4.0736944688161106e-14,1.914776254912971e-14,3.6055681046227843e-14,7.410342033307626e-14,1.1761910429373658e-13,0.0,0.0,0.0,0.0,1.991160638513323,0.013793103448275862,0.9928405861650357,0.11750917496542856
Random Forest,random_forest_regressor,Randomized tree ensembles,2400,0,raw,16.51890644926042,6.768215327052307,15.463885077920704,29.282285660805535,40.45931215054053,0.0,0.0,1.0,0.0,1.9885714839878763,0.0125,0.9945485653958472,0.02765009044897186
Random Forest,random_forest_regressor,Randomized tree ensembles,2400,0,projected,4.221466907120397e-14,1.9935583305736456e-14,3.743502603294427e-14,8.343961718103298e-14,1.2792544500141437e-13,0.0,0.0,0.0,0.0,1.9885714839878763,0.0125,0.9945485653958472,0.02765009044897186
Random Forest,random_forest_regressor,Randomized tree ensembles,2400,1,raw,16.985770135887506,6.905144418892139,15.799053398358952,29.899634154615956,49.10602507649624,0.0,0.0,1.0,0.0,2.1805475606025415,0.027083333333333334,0.9901796584745555,0.2081641080168046
Random Forest,random_forest_regressor,Randomized tree ensembles,2400,1,projected,4.057992229880806e-14,2.0777720726762372e-14,3.5012702538946375e-14,8.083020861795029e-14,1.6758116906701666e-13,0.0,0.0,0.0,0.0,2.1805475606025415,0.027083333333333334,0.9901796584745555,0.2081641080168046
Random Forest,random_forest_regressor,Randomized tree ensembles,2400,2,raw,17.773872292246605,7.138229263862545,16.705438917248433,31.073411381227018,44.17382639246609,0.0,0.0,1.0,0.0,2.2751512698758756,0.022916666666666665,0.9880828101615564,0.04197590246333951
Random Forest,random_forest_regressor,Randomized tree ensembles,2400,2,projected,4.276004062437542e-14,2.0869042801206997e-14,3.8740221171650654e-14,8.377839840809524e-14,1.456287628731415e-13,0.0,0.0,0.0,0.0,2.2751512698758756,0.022916666666666665,0.9880828101615564,0.04197590246333951
Random Forest,random_forest_regressor,Randomized tree ensembles,2400,3,raw,17.188732351360667,7.2262035576110835,16.01859104619767,30.78168897543048,46.2014272338767,0.0,0.0,1.0,0.0,2.0418319158152793,0.01875,0.9924385817577012,0.05796311106579313
Random Forest,random_forest_regressor,Randomized tree ensembles,2400,3,projected,4.2202251936239735e-14,2.300925922064224e-14,3.6293559323804536e-14,8.818134686147165e-14,1.5458387542352175e-13,0.0,0.0,0.0,0.0,2.0418319158152793,0.01875,0.9924385817577012,0.05796311106579313
Random Forest,random_forest_regressor,Randomized tree ensembles,2400,4,raw,17.080837621676896,7.112836771106314,16.013791926313477,30.411622904728507,43.77223974057224,0.0,0.0,1.0,0.0,2.0291795687104277,0.016666666666666666,0.9938451626380201,0.13229681296251625
Random Forest,random_forest_regressor,Randomized tree ensembles,2400,4,projected,4.1601046730481306e-14,2.0243754877482193e-14,3.6339357646203516e-14,8.232594149866139e-14,1.212363542890671e-13,0.0,0.0,0.0,0.0,2.0291795687104277,0.016666666666666666,0.9938451626380201,0.13229681296251625
Random Forest,random_forest_regressor,Randomized tree ensembles,3350,0,raw,16.27064175683359,6.513733514942504,15.502148679966353,28.56603007463932,38.09313096320367,0.0,0.0,1.0,0.0,1.996239914303782,0.013432835820895522,0.994183324441304,0.03110017142016948
Random Forest,random_forest_regressor,Randomized tree ensembles,3350,0,projected,4.2658056952221264e-14,2.1116030105536817e-14,3.728233452040811e-14,8.642531508345791e-14,1.2120951076064997e-13,0.0,0.0,0.0,0.0,1.996239914303782,0.013432835820895522,0.994183324441304,0.03110017142016948
Random Forest,random_forest_regressor,Randomized tree ensembles,3350,1,raw,16.57495065378978,6.682017130079027,15.655383904199255,27.6994091208034,47.77842110170828,0.0,0.0,1.0,0.0,2.087755210895153,0.020895522388059702,0.9925441032260587,0.2375106540174307
Random Forest,random_forest_regressor,Randomized tree ensembles,3350,1,projected,4.119495519392726e-14,2.052373973971898e-14,3.6760187191790297e-14,8.318997328788624e-14,1.2761365337369888e-13,0.0,0.0,0.0,0.0,2.087755210895153,0.020895522388059702,0.9925441032260587,0.2375106540174307
Random Forest,random_forest_regressor,Randomized tree ensembles,3350,2,raw,16.933848014729893,6.879513524710465,15.773115764008807,29.015158870774982,45.5036659203974,0.0,0.0,1.0,0.0,2.1420471723078043,0.01791044776119403,0.9911702006293933,0.043539565463562774
Random Forest,random_forest_regressor,Randomized tree ensembles,3350,2,projected,4.2262837983647944e-14,2.0744994120737407e-14,3.840054842250755e-14,8.681369712364467e-14,1.27316589180206e-13,0.0,0.0,0.0,0.0,2.1420471723078043,0.01791044776119403,0.9911702006293933,0.043539565463562774
Random Forest,random_forest_regressor,Randomized tree ensembles,3350,3,raw,16.542085760017823,6.652357192200999,15.499316129935547,29.210073357172504,42.69297227070243,0.0,0.0,1.0,0.0,2.0707948119634616,0.01791044776119403,0.9919799853510974,0.05716594492890309
Random Forest,random_forest_regressor,Randomized tree ensembles,3350,3,projected,4.2289782465713777e-14,2.19787242263889e-14,3.7350936451972865e-14,8.760430594350304e-14,1.6109118019975646e-13,0.0,0.0,0.0,0.0,2.0707948119634616,0.01791044776119403,0.9919799853510974,0.05716594492890309
Random Forest,random_forest_regressor,Randomized tree ensembles,3350,4,raw,16.282590872252353,6.5253469958944414,15.292683869221541,28.786960644154817,41.32884107745992,0.0,0.0,1.0,0.0,2.0566181800818772,0.014925373134328358,0.9926315736705168,0.12381495584471575
Random Forest,random_forest_regressor,Randomized tree ensembles,3350,4,projected,4.104950653612937e-14,2.0451145074231836e-14,3.57760542686276e-14,8.161045045161513e-14,1.2256862191861728e-13,0.0,0.0,0.0,0.0,2.0566181800818772,0.014925373134328358,0.9926315736705168,0.12381495584471575
Random Forest,random_forest_regressor,Randomized tree ensembles,4300,0,raw,16.08618528740969,6.318029479191141,15.270944831704753,27.82384807201903,39.0505801118116,0.0,0.0,1.0,0.0,1.9947629268281553,0.013953488372093023,0.9948097792624857,0.029371279517823992
Random Forest,random_forest_regressor,Randomized tree ensembles,4300,0,projected,4.2799079057707125e-14,2.084511581296666e-14,3.6968895211765263e-14,8.818050557217956e-14,1.280487169596741e-13,0.0,0.0,0.0,0.0,1.9947629268281553,0.013953488372093023,0.9948097792624857,0.029371279517823992
Random Forest,random_forest_regressor,Randomized tree ensembles,4300,1,raw,16.463405955624985,6.5592379868634065,15.415117993350329,28.033646284436266,46.27264226858281,0.0,0.0,1.0,0.0,2.0652815049482993,0.01744186046511628,0.993716500263143,0.25264620157148265
Random Forest,random_forest_regressor,Randomized tree ensembles,4300,1,projected,4.259608932186401e-14,2.052421534647938e-14,3.657742603375525e-14,8.645950461270471e-14,1.28095683158424e-13,0.0,0.0,0.0,0.0,2.0652815049482993,0.01744186046511628,0.993716500263143,0.25264620157148265
Random Forest,random_forest_regressor,Randomized tree ensembles,4300,2,raw,16.803035567282286,6.672455785021587,15.73976187615808,29.122862094026644,47.63464970149912,0.0,0.0,1.0,0.0,2.0850015647709883,0.01627906976744186,0.9924374672301958,0.046926703744356535
Random Forest,random_forest_regressor,Randomized tree ensembles,4300,2,projected,4.3879295866957534e-14,2.1623468896440843e-14,4.023360010629817e-14,8.766171299812008e-14,1.2745592422957945e-13,0.0,0.0,0.0,0.0,2.0850015647709883,0.01627906976744186,0.9924374672301958,0.046926703744356535
Random Forest,random_forest_regressor,Randomized tree ensembles,4300,3,raw,16.25171443614167,6.4096563308303445,15.37184272019361,28.12822268473457,43.62058988692662,0.0,0.0,1.0,0.0,2.0559317271817164,0.018604651162790697,0.9916242150732038,0.06131640030231202
Random Forest,random_forest_regressor,Randomized tree ensembles,4300,3,projected,4.2324427007342106e-14,2.195120505439413e-14,3.5704330589399866e-14,8.86011644376363e-14,1.4317039415068597e-13,0.0,0.0,0.0,0.0,2.0559317271817164,0.018604651162790697,0.9916242150732038,0.06131640030231202
Random Forest,random_forest_regressor,Randomized tree ensembles,4300,4,raw,15.875346055314962,6.215428985979423,14.870883294874481,27.455217981852815,41.69007040058777,0.0,0.0,1.0,0.0,1.9976240028644683,0.013953488372093023,0.99402080997697,0.12349341752980457
Random Forest,random_forest_regressor,Randomized tree ensembles,4300,4,projected,4.1460718889076025e-14,2.0563082929264253e-14,3.6429185598905014e-14,8.453034999367346e-14,1.2172905669424818e-13,0.0,0.0,0.0,0.0,1.9976240028644683,0.013953488372093023,0.99402080997697,0.12349341752980457
Random Forest,random_forest_regressor,Randomized tree ensembles,500,0,raw,19.0340286863929,8.698175870134623,17.84646921123781,33.2230770245271,42.29667940359876,0.0,0.0,1.0,0.0,1.966512778600376,0.02,0.9902770881905266,0.03569220319771488
Random Forest,random_forest_regressor,Randomized tree ensembles,500,0,projected,4.34634530055036e-14,2.0094820771364945e-14,4.0912087230190485e-14,8.329419803586007e-14,9.128815149160799e-14,0.0,0.0,0.0,0.0,1.966512778600376,0.02,0.9902770881905266,0.03569220319771488
Random Forest,random_forest_regressor,Randomized tree ensembles,500,1,raw,18.899681277669803,7.857925677793316,16.86932334547579,32.99026507190928,37.677395675084234,0.0,0.0,1.0,0.0,2.275417535233751,0.03,0.9859518225931939,0.4128194963559688
Random Forest,random_forest_regressor,Randomized tree ensembles,500,1,projected,4.041310709201764e-14,2.198374821612576e-14,3.409466803110947e-14,9.039564107730554e-14,1.216285680077244e-13,0.0,0.0,0.0,0.0,2.275417535233751,0.03,0.9859518225931939,0.4128194963559688
Random Forest,random_forest_regressor,Randomized tree ensembles,500,2,raw,22.847758437235488,8.12988972540341,23.91078334496172,35.70961633560215,44.90428800116395,0.0,0.0,1.0,0.0,2.4177473082499796,0.03,0.989603227650686,0.17292390830166765
Random Forest,random_forest_regressor,Randomized tree ensembles,500,2,projected,4.4111333905589304e-14,2.3699479038997634e-14,3.66841556459929e-14,9.037310013475597e-14,1.047899985717935e-13,0.0,0.0,0.0,0.0,2.4177473082499796,0.03,0.989603227650686,0.17292390830166765
Random Forest,random_forest_regressor,Randomized tree ensembles,500,3,raw,20.888887648073077,9.159839875006934,21.007461874730787,34.34780817159564,40.45653292463321,0.0,0.0,1.0,0.0,2.082773728988587,0.03,0.9957028870433937,0.7465089354372155
Random Forest,random_forest_regressor,Randomized tree ensembles,500,3,projected,4.489592523621034e-14,2.5529693280932788e-14,3.666412785360757e-14,9.198454265702708e-14,1.4282836906236577e-13,0.0,0.0,0.0,0.0,2.082773728988587,0.03,0.9957028870433937,0.7465089354372155
Random Forest,random_forest_regressor,Randomized tree ensembles,500,4,raw,19.06422114871988,9.181952386856015,18.42087376117304,33.61452758756541,52.861457529608586,0.0,0.0,1.0,0.0,2.5800537908070997,0.04,0.979262212548348,0.1317310067775209
Random Forest,random_forest_regressor,Randomized tree ensembles,500,4,projected,4.263918328755083e-14,2.0359721191152e-14,3.709141974507642e-14,8.769894822258874e-14,1.1379780586684493e-13,0.0,0.0,0.0,0.0,2.5800537908070997,0.04,0.979262212548348,0.1317310067775209
Random Forest,random_forest_regressor,Randomized tree ensembles,5250,0,raw,15.899377922134962,5.999419286129744,15.27822348460052,26.55209336278667,40.973191043089706,0.0,0.0,1.0,0.0,1.9655471467536214,0.011428571428571429,0.9955849221774341,0.038289236397473975
Random Forest,random_forest_regressor,Randomized tree ensembles,5250,0,projected,4.305715011424302e-14,2.126055528816283e-14,3.8428474007872526e-14,8.689260383032081e-14,1.4530406216813578e-13,0.0,0.0,0.0,0.0,1.9655471467536214,0.011428571428571429,0.9955849221774341,0.038289236397473975
Random Forest,random_forest_regressor,Randomized tree ensembles,5250,1,raw,16.39668584333024,6.491168341012339,15.257040000164874,28.086014375059122,47.344608250813806,0.0,0.0,1.0,0.0,2.038360522646123,0.015238095238095238,0.9944661956756728,0.22717404430628768
Random Forest,random_forest_regressor,Randomized tree ensembles,5250,1,projected,4.2615573366307316e-14,2.0414039859229112e-14,3.719755341415434e-14,8.622195295168635e-14,1.2312088025484128e-13,0.0,0.0,0.0,0.0,2.038360522646123,0.015238095238095238,0.9944661956756728,0.22717404430628768
Random Forest,random_forest_regressor,Randomized tree ensembles,5250,2,raw,16.347518422309893,6.500234044451348,15.245007997567889,29.000579597817964,43.89265248919502,0.0,0.0,1.0,0.0,2.105190922154656,0.01619047619047619,0.9924744020775915,0.0432799713237263
Random Forest,random_forest_regressor,Randomized tree ensembles,5250,2,projected,4.243152944782103e-14,2.1421594171869916e-14,3.714452744466689e-14,8.779222673590693e-14,1.430037935871055e-13,0.0,0.0,0.0,0.0,2.105190922154656,0.01619047619047619,0.9924744020775915,0.0432799713237263
Random Forest,random_forest_regressor,Randomized tree ensembles,5250,3,raw,15.947188607466481,6.189055488026237,15.273627315696885,27.269235503426568,43.9406750987067,0.0,0.0,1.0,0.0,2.0357956602975738,0.02,0.9926743376475845,0.05723930127981263
Random Forest,random_forest_regressor,Randomized tree ensembles,5250,3,projected,4.151213572996825e-14,2.0872498803419464e-14,3.6404482152219934e-14,8.652426064656207e-14,1.4374228615667952e-13,0.0,0.0,0.0,0.0,2.0357956602975738,0.02,0.9926743376475845,0.05723930127981263
Random Forest,random_forest_regressor,Randomized tree ensembles,5250,4,raw,15.779456683355418,6.292189652611738,14.938508494530268,27.06302361333406,42.51595797775711,0.0,0.0,1.0,0.0,1.9675268186877497,0.012380952380952381,0.9943790545591912,0.028843213675081573
Random Forest,random_forest_regressor,Randomized tree ensembles,5250,4,projected,4.218362043530162e-14,2.0733660366816283e-14,3.768212596532019e-14,8.657717619965842e-14,1.2126156552395182e-13,0.0,0.0,0.0,0.0,1.9675268186877497,0.012380952380952381,0.9943790545591912,0.028843213675081573
Random Forest,random_forest_regressor,Randomized tree ensembles,6200,0,raw,15.913468865812408,5.8879183580230805,15.232860627224742,26.64827976015408,41.611345047313314,0.0,0.0,1.0,0.0,2.0270952314306494,0.012903225806451613,0.9946418152941001,0.035339625033027976
Random Forest,random_forest_regressor,Randomized tree ensembles,6200,0,projected,4.26472772563657e-14,2.148970659717042e-14,3.709141974507642e-14,8.769224954448862e-14,1.3182868791444902e-13,0.0,0.0,0.0,0.0,2.0270952314306494,0.012903225806451613,0.9946418152941001,0.035339625033027976
Random Forest,random_forest_regressor,Randomized tree ensembles,6200,1,raw,16.24110513595129,6.361684788727831,15.192465032037692,27.612453729667052,47.85758887970007,0.0,0.0,1.0,0.0,2.0551874648609605,0.018548387096774192,0.9939806539840953,0.23323522344502168
Random Forest,random_forest_regressor,Randomized tree ensembles,6200,1,projected,4.2286547974074344e-14,2.1191127466614957e-14,3.768212596532019e-14,8.676796952746292e-14,1.2126156552395182e-13,0.0,0.0,0.0,0.0,2.0551874648609605,0.018548387096774192,0.9939806539840953,0.23323522344502168
Random Forest,random_forest_regressor,Randomized tree ensembles,6200,2,raw,16.36839189824039,6.266279773667971,15.39504249316359,27.903313974794045,49.08654266969647,0.0,0.0,1.0,0.0,2.094332188728636,0.01935483870967742,0.9924566684883258,0.04665075878786257
Random Forest,random_forest_regressor,Randomized tree ensembles,6200,2,projected,4.3172182401116035e-14,2.15298938660828e-14,3.901919871603826e-14,8.696236871915685e-14,1.4247462271209443e-13,0.0,0.0,0.0,0.0,2.094332188728636,0.01935483870967742,0.9924566684883258,0.04665075878786257
Random Forest,random_forest_regressor,Randomized tree ensembles,6200,3,raw,15.86840427474102,6.149831142394475,15.15645170577313,27.627023033272078,42.173195634921186,0.0,0.0,1.0,0.0,1.9970832342832423,0.01532258064516129,0.9932214430017388,0.05796770348853029
Random Forest,random_forest_regressor,Randomized tree ensembles,6200,3,projected,4.123679754475002e-14,2.1752405997032868e-14,3.556181300912284e-14,8.81760346231236e-14,1.8216540605992874e-13,0.0,0.0,0.0,0.0,1.9970832342832423,0.01532258064516129,0.9932214430017388,0.05796770348853029
Random Forest,random_forest_regressor,Randomized tree ensembles,6200,4,raw,15.721718888185364,6.041045912326761,14.909197234163482,26.987967651424746,42.707734680108835,0.0,0.0,1.0,0.0,2.0036952437100233,0.016129032258064516,0.9933724578854294,0.023506636844108263
Random Forest,random_forest_regressor,Randomized tree ensembles,6200,4,projected,4.1250793531958585e-14,2.0118118176518572e-14,3.6068396857276075e-14,8.559016059955321e-14,1.3579548048608381e-13,0.0,0.0,0.0,0.0,2.0036952437100233,0.016129032258064516,0.9933724578854294,0.023506636844108263
Random Forest,random_forest_regressor,Randomized tree ensembles,7150,0,raw,15.848538523365427,5.675286333214888,15.352626550838576,26.288698635701376,39.572765603192,0.0,0.0,1.0,0.0,2.0152092595413285,0.012587412587412588,0.9946995157371243,0.049936943237857856
Random Forest,random_forest_regressor,Randomized tree ensembles,7150,0,projected,4.2621336743719045e-14,2.0886558584489535e-14,3.7703095513107594e-14,8.717752310237949e-14,1.466604195309096e-13,0.0,0.0,0.0,0.0,2.0152092595413285,0.012587412587412588,0.9946995157371243,0.049936943237857856
Random Forest,random_forest_regressor,Randomized tree ensembles,7150,1,raw,16.12262053405571,6.271915636883904,15.104513936748134,27.833648296869963,45.75446904247185,0.0,0.0,1.0,0.0,2.0452507402486875,0.01818181818181818,0.9943497456487862,0.23525706613467265
Random Forest,random_forest_regressor,Randomized tree ensembles,7150,1,projected,4.2808707708982007e-14,2.1174899774563553e-14,3.728233452040811e-14,8.674279799671534e-14,1.4229715989861826e-13,0.0,0.0,0.0,0.0,2.0452507402486875,0.01818181818181818,0.9943497456487862,0.23525706613467265
Random Forest,random_forest_regressor,Randomized tree ensembles,7150,2,raw,16.239437749240153,6.2937321847318515,15.363234045453783,27.82752088336055,49.701641908132245,0.0,0.0,1.0,0.0,2.1137314737150965,0.019580419580419582,0.9920113495596928,0.049437002929596637
Random Forest,random_forest_regressor,Randomized tree ensembles,7150,2,projected,4.2886724403531204e-14,2.0992524377243556e-14,3.820194807790669e-14,8.731295315161353e-14,1.3501480584679274e-13,0.0,0.0,0.0,0.0,2.1137314737150965,0.019580419580419582,0.9920113495596928,0.049437002929596637
Random Forest,random_forest_regressor,Randomized tree ensembles,7150,3,raw,15.856066906470646,6.010464187947429,15.158763794109799,27.23664241571456,39.61727822622921,0.0,0.0,1.0,0.0,1.9934162343308657,0.015384615384615385,0.9937931360574931,0.055875461011208556
Random Forest,random_forest_regressor,Randomized tree ensembles,7150,3,projected,4.1502440754382574e-14,2.067396813403599e-14,3.64129447688267e-14,8.323801827476702e-14,1.6709977771358128e-13,0.0,0.0,0.0,0.0,1.9934162343308657,0.015384615384615385,0.9937931360574931,0.055875461011208556
Random Forest,random_forest_regressor,Randomized tree ensembles,7150,4,raw,15.613294718855895,6.070834621213199,14.772151056007292,26.786185487632178,41.2533278264985,0.0,0.0,1.0,0.0,1.989865554516609,0.013286713286713287,0.99401867869772,0.025851568059972487
Random Forest,random_forest_regressor,Randomized tree ensembles,7150,4,projected,4.087862159544199e-14,1.994542567062683e-14,3.5775031237491894e-14,8.23311445844141e-14,1.2347916251785851e-13,0.0,0.0,0.0,0.0,1.989865554516609,0.013286713286713287,0.99401867869772,0.025851568059972487
Random Forest,random_forest_regressor,Randomized tree ensembles,8100,0,raw,15.661712202198451,5.647050270015951,15.197718931738862,25.86160056174504,38.80933819757062,0.0,0.0,1.0,0.0,2.020517360978364,0.015432098765432098,0.9941037619713814,0.04335380700797102
Random Forest,random_forest_regressor,Randomized tree ensembles,8100,0,projected,4.2992336269932176e-14,2.1319005880455233e-14,3.795338694922507e-14,8.673371785730001e-14,1.5668232628627226e-13,0.0,0.0,0.0,0.0,2.020517360978364,0.015432098765432098,0.9941037619713814,0.04335380700797102
Random Forest,random_forest_regressor,Randomized tree ensembles,8100,1,raw,15.98541539481829,6.1449278743082445,14.918465402969524,27.315788986459456,43.893893256170735,0.0,0.0,1.0,0.0,2.0417516493620957,0.016666666666666666,0.9946417031894961,0.21596448303113977
Random Forest,random_forest_regressor,Randomized tree ensembles,8100,1,projected,4.1745390277209107e-14,2.092723251215659e-14,3.6539644971974393e-14,8.645288393566424e-14,1.4426817432597938e-13,0.0,0.0,0.0,0.0,2.0417516493620957,0.016666666666666666,0.9946417031894961,0.21596448303113977
Random Forest,random_forest_regressor,Randomized tree ensembles,8100,2,raw,16.064546593325467,6.114679783639112,15.086429910697897,27.767443025891904,49.44859208007485,0.0,0.0,1.0,0.0,2.103201366911953,0.018518518518518517,0.9925722034899424,0.04453226497982585
Random Forest,random_forest_regressor,Randomized tree ensembles,8100,2,projected,4.222030715074694e-14,2.0729789326875482e-14,3.8428474007872526e-14,8.678630334185011e-14,1.545430450278218e-13,0.0,0.0,0.0,0.0,2.103201366911953,0.018518518518518517,0.9925722034899424,0.04453226497982585
Random Forest,random_forest_regressor,Randomized tree ensembles,8100,3,raw,15.667333332867365,5.771101035309023,14.959686264201634,26.387592673612417,38.98468439361724,0.0,0.0,1.0,0.0,1.9797154085446436,0.014814814814814815,0.9942587799399873,0.05428916093218574
Random Forest,random_forest_regressor,Randomized tree ensembles,8100,3,projected,4.2019141625276256e-14,2.1804859161516814e-14,3.588064934363216e-14,8.687679586800507e-14,1.4649290790216572e-13,0.0,0.0,0.0,0.0,1.9797154085446436,0.014814814814814815,0.9942587799399873,0.05428916093218574
Random Forest,random_forest_regressor,Randomized tree ensembles,8100,4,raw,15.515682424647546,5.856188596814963,14.67734139504063,26.216055221493303,44.66413792351837,0.0,0.0,1.0,0.0,1.9645653656252673,0.012962962962962963,0.994761302482358,0.024792022892903325
Random Forest,random_forest_regressor,Randomized tree ensembles,8100,4,projected,4.2438570980552716e-14,2.1410170808622753e-14,3.709673598708687e-14,8.680552612979835e-14,1.290061956552773e-13,0.0,0.0,0.0,0.0,1.9645653656252673,0.012962962962962963,0.994761302482358,0.024792022892903325
Random Forest,random_forest_regressor,Randomized tree ensembles,9050,0,raw,15.51152198086481,5.51921683361259,14.973281910286914,25.23633368308671,38.260385787800374,0.0,0.0,1.0,0.0,2.023750281255858,0.013259668508287293,0.9938207438554718,0.03176262115756555
Random Forest,random_forest_regressor,Randomized tree ensembles,9050,0,projected,4.27649659772579e-14,2.0536329323742938e-14,3.885712371247525e-14,8.586673242592793e-14,1.453142412530721e-13,0.0,0.0,0.0,0.0,2.023750281255858,0.013259668508287293,0.9938207438554718,0.03176262115756555
Random Forest,random_forest_regressor,Randomized tree ensembles,9050,1,raw,15.93076734632115,6.033362717040503,15.088486634321164,27.043101483412467,46.93285060260189,0.0,0.0,1.0,0.0,2.022034349695475,0.014917127071823204,0.9950940777718389,0.16873718396571874
Random Forest,random_forest_regressor,Randomized tree ensembles,9050,1,projected,4.210484096220328e-14,2.1464535047226797e-14,3.661009725389999e-14,8.645129210030173e-14,1.8610252331127405e-13,0.0,0.0,0.0,0.0,2.022034349695475,0.014917127071823204,0.9950940777718389,0.16873718396571874
Random Forest,random_forest_regressor,Randomized tree ensembles,9050,2,raw,15.982171160321633,6.0697207163798454,15.132422234673943,27.087018427199993,54.283890142513314,0.0,0.0,1.0,0.0,2.059853314497294,0.014917127071823204,0.9939120761408389,0.04340177819986351
Random Forest,random_forest_regressor,Randomized tree ensembles,9050,2,projected,4.322865506115717e-14,2.167195001631284e-14,3.759838749409412e-14,8.801035870703463e-14,1.4605067229279076e-13,0.0,0.0,0.0,0.0,2.059853314497294,0.014917127071823204,0.9939120761408389,0.04340177819986351
Random Forest,random_forest_regressor,Randomized tree ensembles,9050,3,raw,15.702002018306352,5.770866411227777,15.037087985713331,26.301288793949865,38.17568921168802,0.0,0.0,1.0,0.0,1.9851903832255025,0.013812154696132596,0.9945844892653484,0.06078469381730393
Random Forest,random_forest_regressor,Randomized tree ensembles,9050,3,projected,4.243983919355738e-14,2.143660515380901e-14,3.7729274637314565e-14,8.734428038900752e-14,1.428421762419681e-13,0.0,0.0,0.0,0.0,1.9851903832255025,0.013812154696132596,0.9945844892653484,0.06078469381730393
Random Forest,random_forest_regressor,Randomized tree ensembles,9050,4,raw,15.48034767088364,5.786262478475888,14.821956987440377,26.3050651346954,43.047469332466804,0.0,0.0,1.0,0.0,1.966924976471366,0.01270718232044199,0.9948800314418009,0.024241905901976352
Random Forest,random_forest_regressor,Randomized tree ensembles,9050,4,projected,4.195841315592715e-14,2.0506451912970827e-14,3.7133931414897734e-14,8.585520542392951e-14,1.4665436822660847e-13,0.0,0.0,0.0,0.0,1.966924976471366,0.01270718232044199,0.9948800314418009,0.024241905901976352
SVR,svr_regressor,Kernel,10000,0,raw,3.2017961217883495,2.6511992474743065,2.4132488142767503,8.350545641748717,20.190836674607393,0.21118681982321802,0.6994385076156803,1.0,0.77,0.3513447066275568,0.0,1.0,1.0
SVR,svr_regressor,Kernel,10000,0,projected,4.172839637649813e-14,2.0965613264837995e-14,3.6404482152219934e-14,8.535342943138857e-14,1.430380943588531e-13,0.0,0.0,0.0,0.0,0.3513447066275568,0.0,1.0,1.0
SVR,svr_regressor,Kernel,10000,1,raw,3.3358215470886226,2.662689855558707,2.557731218370643,8.982960223279179,26.68191572915815,0.23549646230381807,0.7922899371210403,1.0,0.7805,0.37230387568812423,0.0,1.0,1.0
SVR,svr_regressor,Kernel,10000,1,projected,4.252570625030276e-14,2.127725245599773e-14,3.82135788853882e-14,8.661173777734025e-14,1.4260727238327532e-13,0.0,0.0,0.0,0.0,0.37230387568812423,0.0,1.0,1.0
SVR,svr_regressor,Kernel,10000,2,raw,3.3749226720141743,2.8505415551285944,2.515227149407224,9.053934799693874,22.98868896404891,0.23178271704729642,0.777673492784838,1.0,0.7585,0.3757481310643335,0.0005,0.9999160055887446,0.83201117748928
SVR,svr_regressor,Kernel,10000,2,projected,4.2741887639457614e-14,2.140596916995791e-14,3.776586443654626e-14,8.709788386143978e-14,1.5837528934771387e-13,0.0,0.0,0.0,0.0,0.3757481310643335,0.0005,0.9999160055887446,0.83201117748928
SVR,svr_regressor,Kernel,10000,3,raw,3.208376122305951,2.5655214714651846,2.4444991268371554,8.693397613614938,22.96271659567345,0.22416247526483374,0.7428440884840328,1.0,0.7815,0.3647260505471619,0.0,1.0,1.0
SVR,svr_regressor,Kernel,10000,3,projected,4.157629226400705e-14,2.0378642284835483e-14,3.6404482152219934e-14,8.288470259586398e-14,1.4541192421374527e-13,0.0,0.0,0.0,0.0,0.3647260505471619,0.0,1.0,1.0
SVR,svr_regressor,Kernel,10000,4,raw,3.258090458167873,2.553201841690426,2.539193415322153,8.315320472376278,20.921747586961956,0.20831493617370428,0.6891711759428867,1.0,0.7485,0.3522472395193996,0.0,1.0,1.0
SVR,svr_regressor,Kernel,10000,4,projected,4.2138282319338655e-14,2.0166484081613712e-14,3.709141974507642e-14,8.529998516416545e-14,1.4583446096433614e-13,0.0,0.0,0.0,0.0,0.3522472395193996,0.0,1.0,1.0
SVR,svr_regressor,Kernel,1450,0,raw,8.153648897344985,5.867187307970747,6.2094932044127376,20.53935378903295,32.97546241795414,0.2625265845051723,0.9254681277422385,1.0,0.7241379310344828,0.5662260730423934,0.0,1.0,1.0
SVR,svr_regressor,Kernel,1450,0,projected,4.178793703747016e-14,2.1983785415800197e-14,3.552713678800501e-14,8.757297336062744e-14,1.2716779685529957e-13,0.0,0.0,0.0,0.0,0.5662260730423934,0.0,1.0,1.0
SVR,svr_regressor,Kernel,1450,1,raw,8.310865726276667,6.655173703980943,6.1346305108908465,22.207913021236358,32.077284795606694,0.30166079512002164,1.2193911903356804,1.0,0.6862068965517242,0.5901087762780362,0.0,1.0,1.0
SVR,svr_regressor,Kernel,1450,1,projected,4.223213488380643e-14,2.0377981549639143e-14,3.633196550945156e-14,8.108342113130113e-14,1.1468168559907336e-13,0.0,0.0,0.0,0.0,0.5901087762780362,0.0,1.0,1.0
SVR,svr_regressor,Kernel,1450,2,raw,9.28544752003162,6.889065443411625,7.2175665490231955,23.291062655614752,43.790525724574884,0.28666655575800176,0.9688348116721678,1.0,0.7206896551724138,0.6661090441340649,0.0034482758620689655,0.9976281236912663,0.3121558704672446
SVR,svr_regressor,Kernel,1450,2,projected,4.484169294015001e-14,2.1250277520943378e-14,4.150742629677891e-14,8.965235504223041e-14,1.1827122038509192e-13,0.0,0.0,0.0,0.0,0.6661090441340649,0.0034482758620689655,0.9976281236912663,0.3121558704672446
SVR,svr_regressor,Kernel,1450,3,raw,8.194227448979948,5.9830542092187,6.670676697643133,21.588274820145134,30.618587749573397,0.2568724275586603,0.9891378620256782,1.0,0.6896551724137931,0.5408376434974029,0.0,1.0,1.0
SVR,svr_regressor,Kernel,1450,3,projected,4.1191827818777904e-14,2.3325087904075414e-14,3.4837655120033554e-14,8.858809503951568e-14,1.4527080552014746e-13,0.0,0.0,0.0,0.0,0.5408376434974029,0.0,1.0,1.0
SVR,svr_regressor,Kernel,1450,4,raw,7.568003291727279,5.412037000082661,6.305458696164012,19.065371896221123,29.230721282007813,0.3144742497631979,1.2131799492164856,1.0,0.7793103448275862,0.5766059655770254,0.0034482758620689655,0.9965518545663564,3.7824243381049996e-05
SVR,svr_regressor,Kernel,1450,4,projected,4.097194451239894e-14,1.9790412522459966e-14,3.552713678800501e-14,8.076491940737023e-14,1.4678609574582156e-13,0.0,0.0,0.0,0.0,0.5766059655770254,0.0034482758620689655,0.9965518545663564,3.7824243381049996e-05
SVR,svr_regressor,Kernel,2400,0,raw,6.708275736084008,4.871423304511075,5.217595633119213,16.972608389814134,31.13993636303662,0.2750893001903196,0.9695219831881886,1.0,0.75,0.5114810898885804,0.0,1.0,1.0
SVR,svr_regressor,Kernel,2400,0,projected,4.1152301058787167e-14,1.960269532900421e-14,3.6647441481597273e-14,8.556436192117458e-14,1.2146956150103533e-13,0.0,0.0,0.0,0.0,0.5114810898885804,0.0,1.0,1.0
SVR,svr_regressor,Kernel,2400,1,raw,7.3945557599668295,5.544127852878655,5.806587390544739,17.98167748471666,33.72816129776414,0.25234953314190384,0.9564812999710539,1.0,0.7083333333333334,0.5209716744196136,0.0,1.0,1.0
SVR,svr_regressor,Kernel,2400,1,projected,4.08147879621733e-14,1.9574379223827486e-14,3.616527476359785e-14,7.452658264822133e-14,1.176459288802747e-13,0.0,0.0,0.0,0.0,0.5209716744196136,0.0,1.0,1.0
SVR,svr_regressor,Kernel,2400,2,raw,7.663728856462607,5.7225985780394675,5.766218974061047,18.820259222515357,35.0317612021063,0.29185615773443,1.0437645013078567,1.0,0.7125,0.6061904891651557,0.004166666666666667,0.99837438053613,0.2205823434091443
SVR,svr_regressor,Kernel,2400,2,projected,4.318253569171735e-14,2.2109518296434824e-14,3.8428474007872526e-14,8.917947719033778e-14,1.4717253097862156e-13,0.0,0.0,0.0,0.0,0.6061904891651557,0.004166666666666667,0.99837438053613,0.2205823434091443
SVR,svr_regressor,Kernel,2400,3,raw,7.372835219307884,5.623745660851249,5.792970289323091,19.036991268375562,35.314701135397236,0.2757269821681011,1.0261939167593908,1.0,0.73125,0.53833860865712,0.0,1.0,1.0
SVR,svr_regressor,Kernel,2400,3,projected,4.116652729434681e-14,2.0453526166085914e-14,3.5722363280495444e-14,8.480388661423711e-14,1.2720501125306894e-13,0.0,0.0,0.0,0.0,0.53833860865712,0.0,1.0,1.0
SVR,svr_regressor,Kernel,2400,4,raw,6.710261446824357,4.993574785943363,5.0385276730281605,17.43001921070735,29.570326032760295,0.2762214699372358,1.015024944869684,1.0,0.7375,0.5192988695854971,0.0020833333333333333,0.9979167410917001,3.57240160878959e-05
SVR,svr_regressor,Kernel,2400,4,projected,4.1186553872627585e-14,1.9053021421572566e-14,3.6431886774147965e-14,7.99656926322887e-14,1.2080532582046504e-13,0.0,0.0,0.0,0.0,0.5192988695854971,0.0020833333333333333,0.9979167410917001,3.57240160878959e-05
SVR,svr_regressor,Kernel,3350,0,raw,6.412154408814883,4.6583401316154935,5.235999490645112,14.968196782747619,32.51127761168789,0.25651713317852476,0.8721733378465538,1.0,0.7507462686567165,0.5307531057093137,0.0014925373134328358,0.9985074704232486,5.183576617695852e-06
SVR,svr_regressor,Kernel,3350,0,projected,4.2451432076789114e-14,2.1810797337245044e-14,3.6404482152219934e-14,8.71476740454619e-14,1.2967404927621828e-13,0.0,0.0,0.0,0.0,0.5307531057093137,0.0014925373134328358,0.9985074704232486,5.183576617695852e-06
SVR,svr_regressor,Kernel,3350,1,raw,6.403783995027766,4.99286829214619,4.905865738228076,16.49953898125425,35.587257581316095,0.26578762416029517,0.9505144924124769,1.0,0.7194029850746269,0.4911508480713707,0.0,1.0,1.0
SVR,svr_regressor,Kernel,3350,1,projected,4.240886692158787e-14,1.991702668693228e-14,3.867902782523525e-14,8.266399648900503e-14,1.430380943588531e-13,0.0,0.0,0.0,0.0,0.4911508480713707,0.0,1.0,1.0
SVR,svr_regressor,Kernel,3350,2,raw,6.851288707390075,5.068090784181256,5.468651244801057,16.983388100199242,33.41892446617108,0.2684042649978976,0.9491905532016018,1.0,0.7253731343283583,0.5472638435016501,0.0014925373134328358,0.9987391566239273,0.15523493803123906
SVR,svr_regressor,Kernel,3350,2,projected,4.2238939507997885e-14,2.082474349884139e-14,3.728185416167492e-14,8.666725301355035e-14,1.293207299340885e-13,0.0,0.0,0.0,0.0,0.5472638435016501,0.0014925373134328358,0.9987391566239273,0.15523493803123906
SVR,svr_regressor,Kernel,3350,3,raw,6.561444730647648,4.7606847589241434,5.1540091260403305,15.962973759545966,31.65155805117281,0.26599905738220153,0.9255956626054922,1.0,0.7746268656716417,0.4948137365817236,0.0,1.0,1.0
SVR,svr_regressor,Kernel,3350,3,projected,4.191414796706094e-14,2.3014630174962423e-14,3.5549327388029886e-14,8.77292982726266e-14,2.049845753138445e-13,0.0,0.0,0.0,0.0,0.4948137365817236,0.0,1.0,1.0
SVR,svr_regressor,Kernel,3350,4,raw,6.102785058911784,4.497284085710657,4.780533146199856,15.189801678308866,32.44013048966683,0.244111185029002,0.8610946358216677,1.0,0.7313432835820896,0.484002312918061,0.0014925373134328358,0.9985075156896419,3.551206014411693e-05
SVR,svr_regressor,Kernel,3350,4,projected,4.18611772693746e-14,2.0078453310446912e-14,3.726117541341095e-14,8.276246912732372e-14,1.4317039415068597e-13,0.0,0.0,0.0,0.0,0.484002312918061,0.0014925373134328358,0.9985075156896419,3.551206014411693e-05
SVR,svr_regressor,Kernel,4300,0,raw,5.707923402082153,4.26468447176976,4.583161096384885,13.660318986300474,28.416513745561524,0.24370114402800913,0.7697681405411709,1.0,0.7604651162790698,0.45504179127984856,0.0,1.0,1.0
SVR,svr_regressor,Kernel,4300,0,projected,4.18270066943749e-14,2.0407627277147314e-14,3.6230712748823524e-14,8.673643080989669e-14,1.229156786451298e-13,0.0,0.0,0.0,0.0,0.45504179127984856,0.0,1.0,1.0
SVR,svr_regressor,Kernel,4300,1,raw,5.674146070979475,4.420502333078742,4.432006702753903,14.760224074072935,28.300455828260908,0.2564239064995164,0.9629862011844602,1.0,0.7325581395348837,0.45891323426497255,0.0,1.0,1.0
SVR,svr_regressor,Kernel,4300,1,projected,4.225212264847045e-14,2.0313585210330663e-14,3.83051078018465e-14,8.328423296061471e-14,1.2146956150103533e-13,0.0,0.0,0.0,0.0,0.45891323426497255,0.0,1.0,1.0
SVR,svr_regressor,Kernel,4300,2,raw,6.009138619972435,4.475034495765136,4.794324976088255,15.381376576266586,29.79822211403748,0.26185873651639174,0.8803072685152302,1.0,0.7255813953488373,0.5144196668494152,0.002325581395348837,0.9987808901251779,0.16664345029900746
SVR,svr_regressor,Kernel,4300,2,projected,4.25667777963094e-14,2.1612138760791466e-14,3.8510411424383375e-14,8.788928253162695e-14,1.2761365337369888e-13,0.0,0.0,0.0,0.0,0.5144196668494152,0.002325581395348837,0.9987808901251779,0.16664345029900746
SVR,svr_regressor,Kernel,4300,3,raw,5.819966952249497,4.286772425216735,4.598670000655769,14.276716271031763,28.779645569471025,0.25158620493742107,0.8049188922676581,1.0,0.7662790697674419,0.46757455336551923,0.0,1.0,1.0
SVR,svr_regressor,Kernel,4300,3,projected,4.197737447588522e-14,2.1594407291769206e-14,3.546039803585479e-14,8.677445199980865e-14,1.6588024968336076e-13,0.0,0.0,0.0,0.0,0.46757455336551923,0.0,1.0,1.0
SVR,svr_regressor,Kernel,4300,4,raw,5.535010959546454,4.200135158959912,4.352651708593256,13.487317862239841,31.400718498311708,0.24122111443975638,0.8452131092592823,1.0,0.7662790697674419,0.4540334928133649,0.0011627906976744186,0.9988372557602924,3.9953851459883294e-05
SVR,svr_regressor,Kernel,4300,4,projected,4.100782943480251e-14,2.0046153020039694e-14,3.592459381734991e-14,8.23334687590061e-14,1.4840820891638929e-13,0.0,0.0,0.0,0.0,0.4540334928133649,0.0011627906976744186,0.9988372557602924,3.9953851459883294e-05
SVR,svr_regressor,Kernel,500,0,raw,10.12007179606604,7.169583857257256,9.151494813076626,21.208009963409715,34.912475247205684,0.2415519870138388,0.9164128610125972,1.0,0.61,0.6224696777884801,0.0,1.0,1.0
SVR,svr_regressor,Kernel,500,0,projected,4.008968050277461e-14,1.7861523761540017e-14,3.607744124190963e-14,7.258622561762633e-14,9.133998540407931e-14,0.0,0.0,0.0,0.0,0.6224696777884801,0.0,1.0,1.0
SVR,svr_regressor,Kernel,500,1,raw,9.889699285537601,7.270831223928587,8.19091769502641,26.163777413666526,31.608911735743668,0.2802733248264712,1.2145491464553488,1.0,0.73,0.6467718002466099,0.0,1.0,1.0
SVR,svr_regressor,Kernel,500,1,projected,4.310504239532091e-14,2.1377936059212122e-14,3.6579970355496506e-14,8.71519907893942e-14,9.4598298657149e-14,0.0,0.0,0.0,0.0,0.6467718002466099,0.0,1.0,1.0
SVR,svr_regressor,Kernel,500,2,raw,10.593723194285955,8.578493862061272,7.232202849424176,29.794857550625046,41.22605782181282,0.2954285931822277,1.0950384390190824,1.0,0.68,0.6752475885315385,0.0,1.0,1.0
SVR,svr_regressor,Kernel,500,2,projected,4.3984076046720007e-14,2.5160765252131792e-14,3.631761871346323e-14,9.23369339633842e-14,1.2888077909577372e-13,0.0,0.0,0.0,0.0,0.6752475885315385,0.0,1.0,1.0
SVR,svr_regressor,Kernel,500,3,raw,10.47517195379689,7.640825779969859,8.801857157533789,24.46068078416435,41.779620035177906,0.24205247296605797,0.9053038254691267,1.0,0.69,0.6233812498045048,0.0,1.0,1.0
SVR,svr_regressor,Kernel,500,3,projected,3.8147506015486477e-14,1.81033307628144e-14,3.4233374481068516e-14,6.889117431113697e-14,9.271153338872217e-14,0.0,0.0,0.0,0.0,0.6233812498045048,0.0,1.0,1.0
SVR,svr_regressor,Kernel,500,4,raw,9.256130498165545,6.735776371480979,6.767139743486341,22.520062087129755,32.38138581538127,0.29788116748667826,1.0064328015906927,1.0,0.71,0.6109666353939611,0.0,1.0,1.0
SVR,svr_regressor,Kernel,500,4,projected,4.32868900170827e-14,1.9535504854495505e-14,3.933616837965084e-14,7.331930636717368e-14,1.1848446594095416e-13,0.0,0.0,0.0,0.0,0.6109666353939611,0.0,1.0,1.0
SVR,svr_regressor,Kernel,5250,0,raw,4.972323060696827,3.8854705047913205,3.795038024851625,12.05947181426283,27.845941345636895,0.23560777941950486,0.77478179742849,1.0,0.7514285714285714,0.42193356618797984,0.0,1.0,1.0
SVR,svr_regressor,Kernel,5250,0,projected,4.2550508660783155e-14,2.0753993781121688e-14,3.844899108473112e-14,8.557911336343625e-14,1.301749634340358e-13,0.0,0.0,0.0,0.0,0.42193356618797984,0.0,1.0,1.0
SVR,svr_regressor,Kernel,5250,1,raw,5.085977994615628,3.884748911620636,3.959387611493335,13.288998263658574,28.605972387792402,0.24393164767140238,0.8798434572666619,1.0,0.7333333333333333,0.43316397377513377,0.0,1.0,1.0
SVR,svr_regressor,Kernel,5250,1,projected,4.218713198679729e-14,2.0219149471174375e-14,3.7186905850250716e-14,8.589561652502099e-14,1.2927192044756633e-13,0.0,0.0,0.0,0.0,0.43316397377513377,0.0,1.0,1.0
SVR,svr_regressor,Kernel,5250,2,raw,5.391576298648509,4.122576594462396,4.185931252050123,14.053400551368384,29.169387461189086,0.2529583672459091,0.8556092182288709,1.0,0.7361904761904762,0.44878345549295284,0.0009523809523809524,0.9999557659454662,0.9535542427395555
SVR,svr_regressor,Kernel,5250,2,projected,4.2964233965372416e-14,2.137187757702365e-14,3.859234884089423e-14,8.593120469975965e-14,1.45498698456416e-13,0.0,0.0,0.0,0.0,0.44878345549295284,0.0009523809523809524,0.9999557659454662,0.9535542427395555
SVR,svr_regressor,Kernel,5250,3,raw,5.1351431811584485,3.924207364027999,3.9334527028414668,12.992746216700347,25.91865598640184,0.24452391318047537,0.8084624164517507,1.0,0.7714285714285715,0.44366660989927087,0.0,1.0,1.0
SVR,svr_regressor,Kernel,5250,3,projected,4.113156032206487e-14,2.1165935556833057e-14,3.5995818699422374e-14,8.552245619108716e-14,1.615313074951422e-13,0.0,0.0,0.0,0.0,0.44366660989927087,0.0,1.0,1.0
SVR,svr_regressor,Kernel,5250,4,raw,4.999512855657856,3.732225444937246,3.927340679979188,12.025537940330866,29.612802804701087,0.22774180108354342,0.7701506197303444,1.0,0.7542857142857143,0.41696205109219314,0.0,1.0,1.0
SVR,svr_regressor,Kernel,5250,4,projected,4.1396163491776004e-14,2.0118676865177378e-14,3.6404482152219934e-14,8.579980259266392e-14,1.4527080552014746e-13,0.0,0.0,0.0,0.0,0.41696205109219314,0.0,1.0,1.0
SVR,svr_regressor,Kernel,6200,0,raw,4.427753886989403,3.488748060963131,3.459339344343297,10.949439167726721,24.453639551602162,0.23398116126930313,0.7986810050200704,1.0,0.7524193548387097,0.3996739711263382,0.0,1.0,1.0
SVR,svr_regressor,Kernel,6200,0,projected,4.227428401241162e-14,2.086684787935373e-14,3.7596092530556665e-14,8.599354571730277e-14,1.4545230948823332e-13,0.0,0.0,0.0,0.0,0.3996739711263382,0.0,1.0,1.0
SVR,svr_regressor,Kernel,6200,1,raw,4.64148234409056,3.582933983931093,3.5360710397014286,12.155049410272648,26.646729875858735,0.2360021145062651,0.8130571403267031,1.0,0.7362903225806452,0.41431848432914675,0.0,1.0,1.0
SVR,svr_regressor,Kernel,6200,1,projected,4.1540782916751745e-14,2.0874915598556614e-14,3.6230712748823524e-14,8.61633546617416e-14,1.5330535851446812e-13,0.0,0.0,0.0,0.0,0.41431848432914675,0.0,1.0,1.0
SVR,svr_regressor,Kernel,6200,2,raw,4.8740074319016635,3.873501332099438,3.775610258650485,12.82646538812993,29.771636174676676,0.2456987231851445,0.868812653305281,1.0,0.7411290322580645,0.43334136156804104,0.0008064516129032258,0.9998544483381622,0.8195159393210912
SVR,svr_regressor,Kernel,6200,2,projected,4.263854374070639e-14,2.17175523413464e-14,3.776586443654626e-14,8.760356156628165e-14,1.4619103818034691e-13,0.0,0.0,0.0,0.0,0.43334136156804104,0.0008064516129032258,0.9998544483381622,0.8195159393210912
SVR,svr_regressor,Kernel,6200,3,raw,4.442731539122772,3.423762253368731,3.442968119488377,12.121889158365475,22.83413804466498,0.2496167532728242,0.7831726128186908,1.0,0.7733870967741936,0.4263823210719009,0.0,1.0,1.0
SVR,svr_regressor,Kernel,6200,3,projected,4.1535880603922055e-14,2.0968545809460756e-14,3.574987093919621e-14,8.605705999721116e-14,1.446177040310745e-13,0.0,0.0,0.0,0.0,0.4263823210719009,0.0,1.0,1.0
SVR,svr_regressor,Kernel,6200,4,raw,4.481665605852712,3.403282129667605,3.4530430881758303,10.92900855604708,27.832299692017557,0.2230848433587514,0.7651632085561699,1.0,0.7532258064516129,0.40263748178641673,0.0008064516129032258,0.9991935868177069,4.76539564845193e-05
SVR,svr_regressor,Kernel,6200,4,projected,4.184966895217107e-14,2.0622758208422223e-14,3.6426138603753334e-14,8.556090604059106e-14,1.4285615465171304e-13,0.0,0.0,0.0,0.0,0.40263748178641673,0.0008064516129032258,0.9991935868177069,4.76539564845193e-05
SVR,svr_regressor,Kernel,7150,0,raw,4.067251143902874,3.247450148170636,3.1267779114505077,10.593395490655892,22.517695450929377,0.22708322842674342,0.777359436540875,1.0,0.7517482517482518,0.38809138484615485,0.0,1.0,1.0
SVR,svr_regressor,Kernel,7150,0,projected,4.178692253528011e-14,2.055129273874813e-14,3.657742603375525e-14,8.606526904775653e-14,1.4665705772601224e-13,0.0,0.0,0.0,0.0,0.38809138484615485,0.0,1.0,1.0
SVR,svr_regressor,Kernel,7150,1,raw,4.21765829549005,3.238356364257704,3.2396478005307046,10.99372126218085,23.51733677531145,0.23603854167337243,0.8120906902766454,1.0,0.7545454545454545,0.40381250985080214,0.0,1.0,1.0
SVR,svr_regressor,Kernel,7150,1,projected,4.1027801310914595e-14,2.025425704552159e-14,3.6252472944505314e-14,8.324682614533681e-14,1.281572520848031e-13,0.0,0.0,0.0,0.0,0.40381250985080214,0.0,1.0,1.0
SVR,svr_regressor,Kernel,7150,2,raw,4.4085558224613735,3.6654761494268033,3.3065144333475764,11.981179955786118,26.269681031736823,0.24140946259237872,0.8042031600113958,1.0,0.7454545454545455,0.41015384708538416,0.0,1.0,1.0
SVR,svr_regressor,Kernel,7150,2,projected,4.277851806054521e-14,2.1732842418675227e-14,3.680035477473053e-14,8.906972049484238e-14,1.4570728719667076e-13,0.0,0.0,0.0,0.0,0.41015384708538416,0.0,1.0,1.0
SVR,svr_regressor,Kernel,7150,3,raw,3.9564441420812817,3.0820185569136287,3.027826379410281,10.51029702928719,19.828760233112863,0.23339726193408541,0.7357360651936382,1.0,0.7545454545454545,0.39978007658726766,0.0,1.0,1.0
SVR,svr_regressor,Kernel,7150,3,projected,4.130422894502831e-14,2.0625455453625553e-14,3.6404482152219934e-14,8.642385573411537e-14,1.4467224176504589e-13,0.0,0.0,0.0,0.0,0.39978007658726766,0.0,1.0,1.0
SVR,svr_regressor,Kernel,7150,4,raw,4.06718087044478,3.137158160877706,3.2406662821745256,10.349900549957809,24.333001929607835,0.22096892925377334,0.7498159022558187,1.0,0.7496503496503496,0.3835190023475216,0.0,1.0,1.0
SVR,svr_regressor,Kernel,7150,4,projected,4.11695931322436e-14,2.0751193008886035e-14,3.6099836778372163e-14,8.606574395849553e-14,1.4575059285195592e-13,0.0,0.0,0.0,0.0,0.3835190023475216,0.0,1.0,1.0
SVR,svr_regressor,Kernel,8100,0,raw,3.7069265502623416,2.9934087512389067,2.7776299327885123,9.8082429528264,21.556017578544424,0.22186822972856135,0.7482655760244777,1.0,0.7555555555555555,0.3754879780449253,0.0,1.0,1.0
SVR,svr_regressor,Kernel,8100,0,projected,4.186694436672052e-14,1.964395734174319e-14,3.759838749409412e-14,8.171241461241152e-14,1.4540348977643842e-13,0.0,0.0,0.0,0.0,0.3754879780449253,0.0,1.0,1.0
SVR,svr_regressor,Kernel,8100,1,raw,3.7989410412790163,2.9994988392031523,2.933842284149411,10.14409792876841,28.704330898939574,0.2369756723760704,0.7994354668207363,1.0,0.7604938271604939,0.39050015840799085,0.0,1.0,1.0
SVR,svr_regressor,Kernel,8100,1,projected,4.2157628102148385e-14,2.1644484781758087e-14,3.6539644971974393e-14,8.563463327983676e-14,1.719399641853593e-13,0.0,0.0,0.0,0.0,0.39050015840799085,0.0,1.0,1.0
SVR,svr_regressor,Kernel,8100,2,raw,4.008676045769302,3.3892676868788127,2.931360660239843,11.085751411931302,24.69761702598256,0.23779490149371496,0.777114989395974,1.0,0.7512345679012346,0.39276916441350745,0.0,1.0,1.0
SVR,svr_regressor,Kernel,8100,2,projected,4.2913930441472004e-14,2.1052968862343303e-14,3.829609574358487e-14,8.675461874370808e-14,1.4583446096433614e-13,0.0,0.0,0.0,0.0,0.39276916441350745,0.0,1.0,1.0
SVR,svr_regressor,Kernel,8100,3,raw,3.629628296986942,2.8808004643210134,2.7452735322815034,9.794914080148041,21.293326048458404,0.22789711763528445,0.7349603878874142,1.0,0.7635802469135803,0.3840226640007795,0.0,1.0,1.0
SVR,svr_regressor,Kernel,8100,3,projected,4.2224166653724296e-14,2.1409680999189068e-14,3.674955604818067e-14,8.709584642567778e-14,1.53099392803603e-13,0.0,0.0,0.0,0.0,0.3840226640007795,0.0,1.0,1.0
SVR,svr_regressor,Kernel,8100,4,raw,3.7298501014103054,2.8832509039289786,2.8845735065830453,9.503873223618555,23.05373985595741,0.2142211712719993,0.7374007776286519,1.0,0.762962962962963,0.36601183842929497,0.0,1.0,1.0
SVR,svr_regressor,Kernel,8100,4,projected,4.1709102190001734e-14,2.0479417519758485e-14,3.692088357856443e-14,8.580648918914624e-14,1.2799634088375329e-13,0.0,0.0,0.0,0.0,0.36601183842929497,0.0,1.0,1.0
SVR,svr_regressor,Kernel,9050,0,raw,3.3909373293931946,2.765940531628601,2.555851902338712,8.947864796300102,20.884723009119035,0.21468302309149426,0.7286485243240907,1.0,0.7535911602209945,0.36292252595837193,0.0005524861878453039,0.9999612450394577,0.9298535214185089
SVR,svr_regressor,Kernel,9050,0,projected,4.2358331048746094e-14,2.082072298618778e-14,3.759838749409412e-14,8.54771195754502e-14,1.4439934711348865e-13,0.0,0.0,0.0,0.0,0.36292252595837193,0.0005524861878453039,0.9999612450394577,0.9298535214185089
SVR,svr_regressor,Kernel,9050,1,raw,3.567122237520403,2.8092345791035087,2.6770171851862625,9.268758719935931,27.81312275179306,0.23206460609226492,0.7953832881388776,1.0,0.7646408839779005,0.3808456995131729,0.0,1.0,1.0
SVR,svr_regressor,Kernel,9050,1,projected,4.1561821098131907e-14,2.0568489943054922e-14,3.657742603375525e-14,8.573380316585046e-14,1.7564387914579696e-13,0.0,0.0,0.0,0.0,0.3808456995131729,0.0,1.0,1.0
SVR,svr_regressor,Kernel,9050,2,raw,3.7016626013505505,3.1199989015058343,2.750674789470384,9.787071250994407,23.614968417008722,0.2343470525106542,0.7955320460942951,1.0,0.7569060773480663,0.38961847615871015,0.0005524861878453039,0.9997987298434003,0.6357010165545371
SVR,svr_regressor,Kernel,9050,2,projected,4.2102761007065543e-14,2.0691675694714032e-14,3.685271511305958e-14,8.675170585004376e-14,1.4666512592830837e-13,0.0,0.0,0.0,0.0,0.38961847615871015,0.0005524861878453039,0.9997987298434003,0.6357010165545371
SVR,svr_regressor,Kernel,9050,3,raw,3.4371420018319547,2.7840626552535226,2.5914987168241868,9.278381834902024,24.447365883808825,0.22587809386542176,0.7241429256858981,1.0,0.7756906077348066,0.37557038043077795,0.0,1.0,1.0
SVR,svr_regressor,Kernel,9050,3,projected,4.258456640927162e-14,2.191422610517879e-14,3.657742603375525e-14,8.82445682930332e-14,1.4233041855511978e-13,0.0,0.0,0.0,0.0,0.37557038043077795,0.0,1.0,1.0
SVR,svr_regressor,Kernel,9050,4,raw,3.455949547156446,2.648702572994608,2.710551674564491,8.789921995047514,21.449441082321236,0.21288895016776962,0.7206632704952667,1.0,0.7569060773480663,0.360240203639633,0.0,1.0,1.0
SVR,svr_regressor,Kernel,9050,4,projected,4.2789142483056107e-14,2.174454438991265e-14,3.77867410954576e-14,8.786504092521875e-14,1.2829874848792538e-13,0.0,0.0,0.0,0.0,0.360240203639633,0.0,1.0,1.0
TabNet,tabnet_regressor,Neural networks,10000,0,raw,7.179199514475907,7.840467290595953,5.760759453607151,13.521793364955458,97.1096342180553,0.07201265415067042,0.3108477316085885,1.0,0.613,0.5153211701888198,0.001,0.9993254631755034,3.845571061530531e-06
TabNet,tabnet_regressor,Neural networks,10000,0,projected,4.2096194319078796e-14,2.088699500606011e-14,3.726117541341095e-14,8.796800468367401e-14,1.3048668046314274e-13,0.0,0.0,0.0,0.0,0.5153211701888198,0.001,0.9993254631755034,3.845571061530531e-06
TabNet,tabnet_regressor,Neural networks,10000,1,raw,5.728433890414912,4.590399297486396,4.97734390168759,10.669948835689762,82.38171380087473,0.04840703586506683,0.23251597738676133,1.0,0.5495,0.5244245990100938,0.0,1.0,1.0
TabNet,tabnet_regressor,Neural networks,10000,1,projected,4.2085850327818744e-14,2.0023239711576644e-14,3.741430627938598e-14,8.334413493336735e-14,1.282457056316229e-13,0.0,0.0,0.0,0.0,0.5244245990100938,0.0,1.0,1.0
TabNet,tabnet_regressor,Neural networks,10000,2,raw,7.003588120387308,5.415176390690631,5.797410930598298,15.387953982402363,84.65227656573173,0.11794519941761682,0.43587925034576436,1.0,0.7415,0.498601258739679,0.0005,0.9995000004655873,9.311745362855521e-07
TabNet,tabnet_regressor,Neural networks,10000,2,projected,4.2903029820421914e-14,2.128171730475225e-14,3.7958585332487774e-14,8.645583156659101e-14,1.4374228615667952e-13,0.0,0.0,0.0,0.0,0.498601258739679,0.0005,0.9995000004655873,9.311745362855521e-07
TabNet,tabnet_regressor,Neural networks,10000,3,raw,8.750953857990371,5.108447118101992,8.319511742675356,14.829468386318032,89.53217217487735,0.06545615223550001,0.33452909956657756,1.0,0.4375,0.6133704343892107,0.0005,0.9998734344624631,0.7468689249261571
TabNet,tabnet_regressor,Neural networks,10000,3,projected,4.2279250917051553e-14,2.118838110333092e-14,3.744060263518874e-14,8.675461874370808e-14,1.44759459401764e-13,0.0,0.0,0.0,0.0,0.6133704343892107,0.0005,0.9998734344624631,0.7468689249261571
TabNet,tabnet_regressor,Neural networks,10000,4,raw,7.534328946458394,7.418581977102124,6.1566713726098605,14.425613143825776,108.07018749659238,0.10977972504522782,0.4179842689731885,1.0,0.6825,0.5712481019990655,0.0,1.0,1.0
TabNet,tabnet_regressor,Neural networks,10000,4,projected,4.2523352748822214e-14,2.1147944371236902e-14,3.709141974507642e-14,8.651423159652382e-14,1.4566126083082054e-13,0.0,0.0,0.0,0.0,0.5712481019990655,0.0,1.0,1.0
TabNet,tabnet_regressor,Neural networks,1450,0,raw,31.894304352912577,22.498412822987547,25.227406380975985,74.65973418457622,114.7498401750812,0.30392372338450047,0.8669662033803233,1.0,0.8137931034482758,1.5465904198687737,0.0034482758620689655,0.997189496476378,0.18495397814960432
TabNet,tabnet_regressor,Neural networks,1450,0,projected,4.162126294622438e-14,1.9553042642903876e-14,3.5893000260304486e-14,7.325889119747433e-14,1.2064850360919572e-13,0.0,0.0,0.0,0.0,1.5465904198687737,0.0034482758620689655,0.997189496476378,0.18495397814960432
TabNet,tabnet_regressor,Neural networks,1450,1,raw,19.83140100796528,13.01270569976959,16.98894865224055,42.29350814635506,111.15208718566859,0.18310588707885558,0.7816510792926934,1.0,0.6172413793103448,1.4381941546013732,0.0034482758620689655,0.9965517346893595,3.059914266275223e-06
TabNet,tabnet_regressor,Neural networks,1450,1,projected,4.1013457584445925e-14,1.909935494325895e-14,3.61993865950425e-14,7.459271151012762e-14,1.1719917270061362e-13,0.0,0.0,0.0,0.0,1.4381941546013732,0.0034482758620689655,0.9965517346893595,3.059914266275223e-06
TabNet,tabnet_regressor,Neural networks,1450,2,raw,27.055724873710318,17.437788496760948,23.69794388467454,58.8196651115099,110.98360818241821,0.32149644908388586,1.0820682510991708,1.0,0.7448275862068966,1.64486161946803,0.010344827586206896,0.9928915443290715,4.742967734171511e-07
TabNet,tabnet_regressor,Neural networks,1450,2,projected,4.323718294610198e-14,2.331269720831974e-14,3.6517924797941515e-14,9.066919397444708e-14,1.2971054462361084e-13,0.0,0.0,0.0,0.0,1.64486161946803,0.010344827586206896,0.9928915443290715,4.742967734171511e-07
TabNet,tabnet_regressor,Neural networks,1450,3,raw,20.010154418556134,13.929739460789344,17.31605619907301,46.90261196032918,98.31413924228349,0.36618628810480575,1.4837215552312333,1.0,0.7241379310344828,1.3137702724016307,0.006896551724137931,0.9951158785792136,1.7814271587670358e-06
TabNet,tabnet_regressor,Neural networks,1450,3,projected,4.187467671796742e-14,2.1505846956324802e-14,3.640989867996253e-14,8.882048912436532e-14,1.2079226507921703e-13,0.0,0.0,0.0,0.0,1.3137702724016307,0.006896551724137931,0.9951158785792136,1.7814271587670358e-06
TabNet,tabnet_regressor,Neural networks,1450,4,raw,42.963631386851205,22.001793966509428,40.89316785230023,82.58189891971855,115.83905245544284,0.1899534404077306,0.735576490813417,1.0,0.6655172413793103,2.2198358503566142,0.02413793103448276,0.987825729872848,9.465650983701178e-07
TabNet,tabnet_regressor,Neural networks,1450,4,projected,4.291982793292596e-14,2.107036292826571e-14,3.6301112962853527e-14,8.665612533333117e-14,1.4413688216379792e-13,0.0,0.0,0.0,0.0,2.2198358503566142,0.02413793103448276,0.987825729872848,9.465650983701178e-07
TabNet,tabnet_regressor,Neural networks,2400,0,raw,15.418859185709293,9.728525462167077,13.439754786320748,30.526496497582176,80.96835346796553,0.20730755689636646,0.7352964267684854,1.0,0.7354166666666667,1.0262187983350075,0.0,1.0,1.0
TabNet,tabnet_regressor,Neural networks,2400,0,projected,4.206187357618528e-14,2.0503980518200543e-14,3.7006151661820426e-14,8.585612415273001e-14,1.2746520781739603e-13,0.0,0.0,0.0,0.0,1.0262187983350075,0.0,1.0,1.0
TabNet,tabnet_regressor,Neural networks,2400,1,raw,10.009202486122366,7.056869178837426,8.065232828241236,21.57979770966523,62.4471783211135,0.34524693091794223,1.0591242083710282,1.0,0.8166666666666667,1.0173646559729934,0.0,1.0,1.0
TabNet,tabnet_regressor,Neural networks,2400,1,projected,4.2706714300992397e-14,2.0820910746354546e-14,3.8428474007872526e-14,8.65722001659767e-14,1.2991715794347092e-13,0.0,0.0,0.0,0.0,1.0173646559729934,0.0,1.0,1.0
TabNet,tabnet_regressor,Neural networks,2400,2,raw,18.203846907052473,15.944640477286852,13.699056989848724,48.045862961897456,136.24851187068435,0.35432038538915606,1.1231491263174394,1.0,0.8333333333333334,1.115111365071653,0.004166666666666667,0.9960968156554021,3.888317131906622e-08
TabNet,tabnet_regressor,Neural networks,2400,2,projected,4.2957006102862297e-14,2.083661882075824e-14,3.907985046680551e-14,8.321592928908208e-14,1.439897202103155e-13,0.0,0.0,0.0,0.0,1.115111365071653,0.004166666666666667,0.9960968156554021,3.888317131906622e-08
TabNet,tabnet_regressor,Neural networks,2400,3,raw,14.033496922358813,11.282392547466493,10.910973551981975,33.24584105125974,92.8855542405703,0.33829084221317063,1.0170602679710814,1.0,0.8020833333333334,1.0189765840020952,0.0020833333333333333,0.9989888983091467,0.514671188390414
TabNet,tabnet_regressor,Neural networks,2400,3,projected,4.246269209516926e-14,2.1614511020653752e-14,3.6252472944505314e-14,8.594474369980758e-14,1.456856295417339e-13,0.0,0.0,0.0,0.0,1.0189765840020952,0.0020833333333333333,0.9989888983091467,0.514671188390414
TabNet,tabnet_regressor,Neural networks,2400,4,raw,24.835822289185568,16.67132506379142,19.662086652810594,59.46294249486546,98.06658401577108,0.20383665039181054,0.9392156387264762,1.0,0.6708333333333333,1.7899389919137647,0.010416666666666666,0.996389266384534,0.19991990316133873
TabNet,tabnet_regressor,Neural networks,2400,4,projected,4.169014207535528e-14,1.9121972124851756e-14,3.6945238394208513e-14,8.109258251516025e-14,1.2070161727519625e-13,0.0,0.0,0.0,0.0,1.7899389919137647,0.010416666666666666,0.996389266384534,0.19991990316133873
TabNet,tabnet_regressor,Neural networks,3350,0,raw,15.139181170290612,11.513363842695641,12.913995804682054,30.68128094154856,110.05650362235221,0.2005776939894656,0.7378569783634022,1.0,0.7029850746268657,0.8413393647493562,0.0029850746268656717,0.9974175781874102,4.7389040978209005e-07
TabNet,tabnet_regressor,Neural networks,3350,0,projected,4.198271884391897e-14,1.9827111135823914e-14,3.673328009837093e-14,8.56529279860593e-14,1.1913846678399745e-13,0.0,0.0,0.0,0.0,0.8413393647493562,0.0029850746268656717,0.9974175781874102,4.7389040978209005e-07
TabNet,tabnet_regressor,Neural networks,3350,1,raw,9.971118078750878,6.995120990034025,8.699431918232952,18.113786563823997,77.90645361078018,0.38458552113300154,0.9589889035515284,1.0,0.9611940298507463,0.9377279297301854,0.0,1.0,1.0
TabNet,tabnet_regressor,Neural networks,3350,1,projected,4.104056228590238e-14,2.0572695500114162e-14,3.557151798805476e-14,8.276529553752743e-14,1.4279798856796944e-13,0.0,0.0,0.0,0.0,0.9377279297301854,0.0,1.0,1.0
TabNet,tabnet_regressor,Neural networks,3350,2,raw,13.895880647898892,10.13243859231328,11.395522605079233,31.525203685759273,83.59377826769436,0.2271037746481461,0.8488020144457948,1.0,0.7373134328358208,0.9215692501379591,0.0029850746268656717,0.9970149601199987,9.247940987192468e-07
TabNet,tabnet_regressor,Neural networks,3350,2,projected,4.3787063975804785e-14,2.2244186251078695e-14,3.8366790904859514e-14,9.043972431471538e-14,1.361783468835466e-13,0.0,0.0,0.0,0.0,0.9215692501379591,0.0029850746268656717,0.9970149601199987,9.247940987192468e-07
TabNet,tabnet_regressor,Neural networks,3350,3,raw,11.239269418385664,7.629595929538137,9.229356667035951,25.365933406037858,59.03966651411157,0.2980450097649417,0.7536175931905865,1.0,0.9567164179104478,0.7933334454427726,0.0014925373134328358,0.9988679910490454,0.24155400286040238
TabNet,tabnet_regressor,Neural networks,3350,3,projected,4.2941462580104e-14,2.2502726558808113e-14,3.6404482152219934e-14,8.592868015318674e-14,1.4583446096433614e-13,0.0,0.0,0.0,0.0,0.7933334454427726,0.0014925373134328358,0.9988679910490454,0.24155400286040238
TabNet,tabnet_regressor,Neural networks,3350,4,raw,11.925186377473013,8.87431185757001,9.62020755227012,28.56954564511341,81.81864792435498,0.3177685371374606,0.9569987964686234,1.0,0.8507462686567164,0.9502627011951524,0.0,1.0,1.0
TabNet,tabnet_regressor,Neural networks,3350,4,projected,4.1800943846822855e-14,1.9755311191634623e-14,3.7133931414897734e-14,8.006784395102112e-14,1.2814417116311057e-13,0.0,0.0,0.0,0.0,0.9502627011951524,0.0,1.0,1.0
TabNet,tabnet_regressor,Neural networks,4300,0,raw,9.413690328367974,6.558429540097675,7.615856075896862,22.21179434647145,54.00120484720152,0.17995317865655894,0.5889557663580893,1.0,0.772093023255814,0.7029794389555793,0.0011627906976744186,0.9997594506930845,0.7931275960526166
TabNet,tabnet_regressor,Neural networks,4300,0,projected,4.23106977269671e-14,1.983189751771858e-14,3.8428474007872526e-14,8.173430031789517e-14,1.2148254942531742e-13,0.0,0.0,0.0,0.0,0.7029794389555793,0.0011627906976744186,0.9997594506930845,0.7931275960526166
TabNet,tabnet_regressor,Neural networks,4300,1,raw,10.783007248204749,6.896402814855621,9.654379282880493,20.64560586511421,91.90099428608693,0.13729860443747613,0.4579056103287047,1.0,0.7023255813953488,0.6981251879411002,0.0,1.0,1.0
TabNet,tabnet_regressor,Neural networks,4300,1,projected,4.2901203920646295e-14,2.0589984899160762e-14,3.9581034526545637e-14,8.644216708652063e-14,1.2800866659430077e-13,0.0,0.0,0.0,0.0,0.6981251879411002,0.0,1.0,1.0
TabNet,tabnet_regressor,Neural networks,4300,2,raw,14.744816126430768,11.872771836212122,11.954976184040436,33.43701811482638,108.13767433563903,0.26478564581525754,0.8026205578502266,1.0,0.8593023255813953,0.769044943559995,0.0,1.0,1.0
TabNet,tabnet_regressor,Neural networks,4300,2,projected,4.41820330487374e-14,2.2772335329926066e-14,3.98977862370997e-14,9.017788751558141e-14,1.430380943588531e-13,0.0,0.0,0.0,0.0,0.769044943559995,0.0,1.0,1.0
TabNet,tabnet_regressor,Neural networks,4300,3,raw,10.28558192677614,7.3772050759127135,8.628276406440644,22.506839070484276,79.70039722122367,0.17574099439557125,0.5143325657762229,1.0,0.8790697674418605,0.6163397228757601,0.0,1.0,1.0
TabNet,tabnet_regressor,Neural networks,4300,3,projected,4.238632294683197e-14,2.1609441082582843e-14,3.709141974507642e-14,8.681006759416359e-14,1.5305816640201982e-13,0.0,0.0,0.0,0.0,0.6163397228757601,0.0,1.0,1.0
TabNet,tabnet_regressor,Neural networks,4300,4,raw,10.458277378009367,8.195575937994173,8.093964584027368,25.61230974867327,72.14183483786049,0.20425778595216915,0.7015218527356367,1.0,0.6988372093023256,0.8649980444117842,0.0,1.0,1.0
TabNet,tabnet_regressor,Neural networks,4300,4,projected,4.1598371792421335e-14,2.0683973548096806e-14,3.714452744466689e-14,8.587633500760191e-14,1.537241597043244e-13,0.0,0.0,0.0,0.0,0.8649980444117842,0.0,1.0,1.0
TabNet,tabnet_regressor,Neural networks,500,0,raw,48.80935231810827,27.30034346328953,46.58486771370731,88.05382785513376,177.52128705044447,0.21733251720487742,1.113343359712236,1.0,0.5,2.145569377269804,0.01,0.9904952309766315,0.049523097663150745
TabNet,tabnet_regressor,Neural networks,500,0,projected,4.3961298841120576e-14,1.9732837263137254e-14,3.825109029323098e-14,8.329937924343991e-14,1.1490159315596477e-13,0.0,0.0,0.0,0.0,2.145569377269804,0.01,0.9904952309766315,0.049523097663150745
TabNet,tabnet_regressor,Neural networks,500,1,raw,39.63356267847125,21.100251591777848,36.773061932441195,76.92062500768954,104.65214923806774,0.15427524712578392,0.7277700319006155,1.0,0.47,2.42505600621405,0.04,0.9840679574823639,6.513502573895762e-07
TabNet,tabnet_regressor,Neural networks,500,1,projected,4.022778793892271e-14,1.826022455217186e-14,3.675449559660552e-14,6.7558145774442e-14,9.114978361898451e-14,0.0,0.0,0.0,0.0,2.42505600621405,0.04,0.9840679574823639,6.513502573895762e-07
TabNet,tabnet_regressor,Neural networks,500,2,raw,50.04182996219953,22.245459972131496,50.350441382491304,85.72814148289258,105.09500554693162,0.2304461855857118,0.9451713984140963,1.0,0.39,2.858895617953428,0.04,0.9779576810239548,4.5791601063611575e-07
TabNet,tabnet_regressor,Neural networks,500,2,projected,4.5293207151259174e-14,2.2975526139115773e-14,4.10487634949082e-14,9.007631724548378e-14,1.2007173649039648e-13,0.0,0.0,0.0,0.0,2.858895617953428,0.04,0.9779576810239548,4.5791601063611575e-07
TabNet,tabnet_regressor,Neural networks,500,3,raw,46.8080079804815,29.66890207134786,40.26354377435013,100.8526046995222,122.42596877742645,0.20648973417965563,1.0228016230405104,1.0,0.41,2.170677842025488,0.0,1.0,1.0
TabNet,tabnet_regressor,Neural networks,500,3,projected,4.1469371653930146e-14,2.266024720126965e-14,3.48447333559205e-14,8.799810642157618e-14,1.2084449957466568e-13,0.0,0.0,0.0,0.0,2.170677842025488,0.0,1.0,1.0
TabNet,tabnet_regressor,Neural networks,500,4,raw,52.4206185504329,25.266123705727214,49.05904289465159,97.61517424499073,161.0401671718742,0.26945914016065337,1.4250462677287197,1.0,0.52,2.6111087686987373,0.02,0.9812370792421948,5.102344533765763e-07
TabNet,tabnet_regressor,Neural networks,500,4,projected,3.9582168130934225e-14,1.768069307236229e-14,3.616527476359785e-14,6.533327394873654e-14,1.1507995862377753e-13,0.0,0.0,0.0,0.0,2.6111087686987373,0.02,0.9812370792421948,5.102344533765763e-07
TabNet,tabnet_regressor,Neural networks,5250,0,raw,8.284037974283185,6.595714882536095,6.6302402785831624,17.659072790695348,77.08028453662608,0.20343309305620985,0.7724789518257691,1.0,0.6752380952380952,0.6785186481483914,0.0,1.0,1.0
TabNet,tabnet_regressor,Neural networks,5250,0,projected,4.2508418136087936e-14,2.1483681011745385e-14,3.6339357646203516e-14,8.70713838428983e-14,1.2134285638615148e-13,0.0,0.0,0.0,0.0,0.6785186481483914,0.0,1.0,1.0
TabNet,tabnet_regressor,Neural networks,5250,1,raw,9.301161440822089,6.7038676946399685,7.746565693042278,20.02421385400047,84.15829817139429,0.1333950733976978,0.5202934636622878,1.0,0.7276190476190476,0.7027790670961306,0.0009523809523809524,0.9990476219285349,3.0249616892920795e-06
TabNet,tabnet_regressor,Neural networks,5250,1,projected,4.289905761047467e-14,2.0557227351609347e-14,3.861277888835344e-14,8.739513130528834e-14,1.2918645947178723e-13,0.0,0.0,0.0,0.0,0.7027790670961306,0.0009523809523809524,0.9990476219285349,3.0249616892920795e-06
TabNet,tabnet_regressor,Neural networks,5250,2,raw,11.427748257638136,9.500105691008573,8.828644193625312,28.592747167452554,77.7265986684079,0.21413435367010927,0.7434871560619845,1.0,0.8114285714285714,0.6496198227886387,0.0009523809523809524,0.9998691827219149,0.8626418580105076
TabNet,tabnet_regressor,Neural networks,5250,2,projected,4.3233060868955197e-14,2.1373325684797242e-14,3.8495123772993935e-14,8.611830872222391e-14,1.4286150405157443e-13,0.0,0.0,0.0,0.0,0.6496198227886387,0.0009523809523809524,0.9998691827219149,0.8626418580105076
TabNet,tabnet_regressor,Neural networks,5250,3,raw,7.9030060076882656,5.055916566649514,6.611118518814506,18.33606638322682,32.2535785565427,0.14535749484653895,0.5574126925069012,1.0,0.660952380952381,0.5793041267031089,0.0,1.0,1.0
TabNet,tabnet_regressor,Neural networks,5250,3,projected,4.151632254585036e-14,2.087951313629378e-14,3.606738532935185e-14,8.590388508422551e-14,1.665233873674476e-13,0.0,0.0,0.0,0.0,0.5793041267031089,0.0,1.0,1.0
TabNet,tabnet_regressor,Neural networks,5250,4,raw,10.67392247322116,7.268703242710343,9.083995257919272,22.633032652688556,75.61612055397444,0.29554243017674287,0.9094966693144156,1.0,0.8219047619047619,0.9317435160839214,0.0009523809523809524,0.9992329024205429,0.19454754157006862
TabNet,tabnet_regressor,Neural networks,5250,4,projected,4.162152167285723e-14,2.032186472239891e-14,3.762460162107326e-14,8.533701751051412e-14,1.2755182205393283e-13,0.0,0.0,0.0,0.0,0.9317435160839214,0.0009523809523809524,0.9992329024205429,0.19454754157006862
TabNet,tabnet_regressor,Neural networks,6200,0,raw,7.540565134514987,5.93055843352821,6.091607947963011,16.353613983507437,79.99020419387236,0.19580151377081292,0.5401663564562774,1.0,0.910483870967742,0.7278283260856155,0.0016129032258064516,0.9983871097130823,5.242539578798005e-06
TabNet,tabnet_regressor,Neural networks,6200,0,projected,4.271421151726137e-14,2.078722136580525e-14,3.845027404383541e-14,8.609743259336077e-14,1.4575871122993744e-13,0.0,0.0,0.0,0.0,0.7278283260856155,0.0016129032258064516,0.9983871097130823,5.242539578798005e-06
TabNet,tabnet_regressor,Neural networks,6200,1,raw,8.371435145053313,7.758194329204644,7.069098102792299,15.762025935141901,140.01321979521046,0.15189291793803822,0.5937230883569105,1.0,0.6685483870967742,0.6663729101895999,0.0008064516129032258,0.9999740388030821,0.967808115821621
TabNet,tabnet_regressor,Neural networks,6200,1,projected,4.1979467575635484e-14,2.0587748331906762e-14,3.776586443654626e-14,8.225534231633402e-14,1.4369837526939964e-13,0.0,0.0,0.0,0.0,0.6663729101895999,0.0008064516129032258,0.9999740388030821,0.967808115821621
TabNet,tabnet_regressor,Neural networks,6200,2,raw,8.240469624689664,7.862261489925997,6.126336890826359,21.14139685671992,93.87548427135043,0.1493214865591657,0.5694026910275429,1.0,0.667741935483871,0.5387768342665467,0.0,1.0,1.0
TabNet,tabnet_regressor,Neural networks,6200,2,projected,4.324261944724027e-14,2.1168197306132244e-14,3.891802844472395e-14,8.646822069941279e-14,1.476087334889245e-13,0.0,0.0,0.0,0.0,0.5387768342665467,0.0,1.0,1.0
TabNet,tabnet_regressor,Neural networks,6200,3,raw,15.831256222458656,8.617228538899816,14.774553043777168,28.73005744735868,95.84458667358422,0.08474849180053537,0.3499749504887778,1.0,0.5556451612903226,0.6869779829974145,0.0,1.0,1.0
TabNet,tabnet_regressor,Neural networks,6200,3,projected,4.1879876241021377e-14,2.1681431173951172e-14,3.6230712748823524e-14,8.80863874801924e-14,1.4509965092805558e-13,0.0,0.0,0.0,0.0,0.6869779829974145,0.0,1.0,1.0
TabNet,tabnet_regressor,Neural networks,6200,4,raw,10.291977089850416,7.720613149305305,7.998666342624147,25.918518375057232,56.698092718636566,0.15730322841878866,0.5913155683847761,1.0,0.6798387096774193,0.7637234960429511,0.0,1.0,1.0
TabNet,tabnet_regressor,Neural networks,6200,4,projected,4.2106047691859156e-14,2.0501549950139522e-14,3.77867410954576e-14,8.558187784461286e-14,1.2809491335957507e-13,0.0,0.0,0.0,0.0,0.7637234960429511,0.0,1.0,1.0
TabNet,tabnet_regressor,Neural networks,7150,0,raw,9.87555903188793,7.7683967486559,8.242136233359167,21.438367475589374,117.51465894591391,0.2166188608716363,0.5449783802964362,1.0,0.8944055944055944,0.605835727907617,0.002097902097902098,0.9988778131193213,3.910720233675431e-06
TabNet,tabnet_regressor,Neural networks,7150,0,projected,4.27246240419638e-14,2.067538470780868e-14,3.8263897345803626e-14,8.680552612979835e-14,1.2304717531868368e-13,0.0,0.0,0.0,0.0,0.605835727907617,0.002097902097902098,0.9988778131193213,3.910720233675431e-06
TabNet,tabnet_regressor,Neural networks,7150,1,raw,28.37104323823535,8.972988509372751,28.97372912197946,40.836560904991856,89.6033047840883,0.1542915734079479,0.5581006825379342,1.0,0.6601398601398601,0.8295842279178499,0.0,1.0,1.0
TabNet,tabnet_regressor,Neural networks,7150,1,projected,4.148815962340557e-14,2.0283016464324447e-14,3.6230712748823524e-14,8.320089797415913e-14,1.4339062254443437e-13,0.0,0.0,0.0,0.0,0.8295842279178499,0.0,1.0,1.0
TabNet,tabnet_regressor,Neural networks,7150,2,raw,12.425251693769368,8.26391302124143,10.807411695101983,25.694654138088058,82.49812250387875,0.27325432703439945,0.786993898926404,1.0,0.8818181818181818,0.7084787526116092,0.0013986013986013986,0.9988552560224067,0.00014717350050045625
TabNet,tabnet_regressor,Neural networks,7150,2,projected,4.2121448645029316e-14,2.116075938170663e-14,3.645992538333945e-14,8.651438831668685e-14,1.4575059285195592e-13,0.0,0.0,0.0,0.0,0.7084787526116092,0.0013986013986013986,0.9988552560224067,0.00014717350050045625
TabNet,tabnet_regressor,Neural networks,7150,3,raw,8.000612854636369,7.9810405185935815,6.414087249852519,16.618198918036903,105.09621300296784,0.15146341543844724,0.44667202988614674,1.0,0.8356643356643356,0.5442519308554119,0.0,1.0,1.0
TabNet,tabnet_regressor,Neural networks,7150,3,projected,4.239140002306174e-14,2.149193770660822e-14,3.6404482152219934e-14,8.699887418015267e-14,1.432482009724215e-13,0.0,0.0,0.0,0.0,0.5442519308554119,0.0,1.0,1.0
TabNet,tabnet_regressor,Neural networks,7150,4,raw,7.423926254021224,4.9461481919578985,6.366197918950478,15.499494575724318,71.95115293421617,0.12728934907483405,0.4574119642220382,1.0,0.6300699300699301,0.6164000146223397,0.0006993006993006993,0.9995637195978038,0.37611902485939364
TabNet,tabnet_regressor,Neural networks,7150,4,projected,4.189826146299201e-14,2.0857017121415036e-14,3.6404482152219934e-14,8.550318016014194e-14,1.3207305681420042e-13,0.0,0.0,0.0,0.0,0.6164000146223397,0.0006993006993006993,0.9995637195978038,0.37611902485939364
TabNet,tabnet_regressor,Neural networks,8100,0,raw,6.537163976002045,5.570180588376461,5.441906767162262,13.540997600027204,103.80158677473257,0.186825233792766,0.5968491402501453,1.0,0.7074074074074074,0.5432399000583796,0.0,1.0,1.0
TabNet,tabnet_regressor,Neural networks,8100,0,projected,4.2297304951392656e-14,2.026416157895969e-14,3.8428474007872526e-14,8.366010189973685e-14,1.4246337553745592e-13,0.0,0.0,0.0,0.0,0.5432399000583796,0.0,1.0,1.0
TabNet,tabnet_regressor,Neural networks,8100,1,raw,7.199667627481403,4.799296559277702,6.129478072015557,15.111414656815237,51.9384609100302,0.10649094969423539,0.40658831722007666,1.0,0.6475308641975308,0.49996050036222023,0.0006172839506172839,0.9998106774562769,0.6932974791687064
TabNet,tabnet_regressor,Neural networks,8100,1,projected,4.214863963681497e-14,2.119790936826731e-14,3.6447795055286734e-14,8.703422150880534e-14,1.5380624443034717e-13,0.0,0.0,0.0,0.0,0.49996050036222023,0.0006172839506172839,0.9998106774562769,0.6932974791687064
TabNet,tabnet_regressor,Neural networks,8100,2,raw,9.541344101354062,6.912676101140612,7.998894899659138,20.778439231754593,87.6375102779099,0.1481926003314739,0.535891255180872,1.0,0.6759259259259259,0.5388939385880513,0.0,1.0,1.0
TabNet,tabnet_regressor,Neural networks,8100,2,projected,4.338133273467822e-14,2.161969225182276e-14,3.907985046680551e-14,8.881784197001252e-14,1.5306589719811546e-13,0.0,0.0,0.0,0.0,0.5388939385880513,0.0,1.0,1.0
TabNet,tabnet_regressor,Neural networks,8100,3,raw,6.406537305051757,4.786927607917532,5.5254372345713545,12.870405072320754,100.03097820336781,0.23292624840889695,0.580227044591655,1.0,0.8932098765432098,0.512478899985186,0.0,1.0,1.0
TabNet,tabnet_regressor,Neural networks,8100,3,projected,4.225793962469704e-14,2.1804759978509385e-14,3.724557959946126e-14,8.777219079587901e-14,1.326095294433503e-13,0.0,0.0,0.0,0.0,0.512478899985186,0.0,1.0,1.0
TabNet,tabnet_regressor,Neural networks,8100,4,raw,21.536736298191716,11.239049729359039,21.228208776227646,38.81339934617225,90.91610399266793,0.12907501909941663,0.4432554543476659,1.0,0.7197530864197531,1.108854051390284,0.0012345679012345679,0.9991997996719196,0.23186605174419703
TabNet,tabnet_regressor,Neural networks,8100,4,projected,4.234571809481256e-14,2.0559072610303428e-14,3.762460162107326e-14,8.400728634097105e-14,1.621162851731535e-13,0.0,0.0,0.0,0.0,1.108854051390284,0.0012345679012345679,0.9991997996719196,0.23186605174419703
TabNet,tabnet_regressor,Neural networks,9050,0,raw,11.430989398400898,7.3575252275290595,10.368184359623303,20.168767681051932,105.49526975931174,0.11686426613577838,0.4374109093928625,1.0,0.6508287292817679,0.6539346446497717,0.0016574585635359116,0.9983425470255133,1.9269126210173914e-06
TabNet,tabnet_regressor,Neural networks,9050,0,projected,4.185318711681023e-14,2.0850874643409486e-14,3.6404482152219934e-14,8.531414458500125e-14,1.4426817432597938e-13,0.0,0.0,0.0,0.0,0.6539346446497717,0.0016574585635359116,0.9983425470255133,1.9269126210173914e-06
TabNet,tabnet_regressor,Neural networks,9050,1,raw,12.14691398945996,6.682926645981579,11.006696428208564,24.669749734578104,46.71273829172555,0.1302756224740948,0.371724449913821,1.0,0.8972375690607735,0.5923832576028363,0.0,1.0,1.0
TabNet,tabnet_regressor,Neural networks,9050,1,projected,4.224999606454578e-14,2.1066860161999837e-14,3.6415315207705135e-14,8.673279421411239e-14,1.4554206617674016e-13,0.0,0.0,0.0,0.0,0.5923832576028363,0.0,1.0,1.0
TabNet,tabnet_regressor,Neural networks,9050,2,raw,7.843073517586087,6.684939783998988,6.049871467500868,18.67355124366824,71.78887931317965,0.1306348314497156,0.4237774723810782,1.0,0.7574585635359116,0.514960322499238,0.0,1.0,1.0
TabNet,tabnet_regressor,Neural networks,9050,2,projected,4.276080828843571e-14,2.1664265890980835e-14,3.76665057138759e-14,8.844485839551745e-14,1.439177957289608e-13,0.0,0.0,0.0,0.0,0.514960322499238,0.0,1.0,1.0
TabNet,tabnet_regressor,Neural networks,9050,3,raw,6.269309868326765,4.134421397437813,5.044163715549599,14.896066545991195,33.839175352863066,0.12036677134724902,0.5916579525113448,1.0,0.5099447513812154,0.5213211988476693,0.0,1.0,1.0
TabNet,tabnet_regressor,Neural networks,9050,3,projected,4.195320769257314e-14,2.000907552324708e-14,3.6792462724847006e-14,8.094127388335634e-14,1.6573398750797817e-13,0.0,0.0,0.0,0.0,0.5213211988476693,0.0,1.0,1.0
TabNet,tabnet_regressor,Neural networks,9050,4,raw,7.640823107518734,4.13784820118543,6.860747572752922,15.107972107118224,36.25455524215965,0.1894421793319316,0.5909294333084684,1.0,0.8038674033149171,0.6762731808202159,0.0,1.0,1.0
TabNet,tabnet_regressor,Neural networks,9050,4,projected,4.177426602532295e-14,2.0117231576670717e-14,3.657742603375525e-14,8.232571599895236e-14,1.6157037189897695e-13,0.0,0.0,0.0,0.0,0.6762731808202159,0.0,1.0,1.0
XGBoost,xgboost_regressor,Boosting,10000,0,raw,1.2829395837473494,0.6568300876050975,1.166286883507539,2.447303575103734,7.704309366001111,0.036180299633818885,0.17895552141120408,1.0,0.465,0.2979221149348695,0.0,1.0,1.0
XGBoost,xgboost_regressor,Boosting,10000,0,projected,4.275260460525505e-14,2.1482981497689152e-14,3.8000121231931057e-14,8.673478370885774e-14,1.457756230652777e-13,0.0,0.0,0.0,0.0,0.2979221149348695,0.0,1.0,1.0
XGBoost,xgboost_regressor,Boosting,10000,1,raw,1.2936504124867414,0.678368604649642,1.163072685102482,2.5814647700501947,6.753073992197019,0.028415052197366,0.14641775071303784,1.0,0.4035,0.3003964879673907,0.0,1.0,1.0
XGBoost,xgboost_regressor,Boosting,10000,1,projected,4.219666749878553e-14,2.055401350365059e-14,3.776586443654626e-14,8.443538151216295e-14,1.5375494661201402e-13,0.0,0.0,0.0,0.0,0.3003964879673907,0.0,1.0,1.0
XGBoost,xgboost_regressor,Boosting,10000,2,raw,1.5129609401943338,0.7042157920511171,1.3922076173676614,2.815044688961285,5.751266976866334,0.02261688418971151,0.1364245073398778,1.0,0.3425,0.3188680403876459,0.0,1.0,1.0
XGBoost,xgboost_regressor,Boosting,10000,2,projected,4.2614908407386244e-14,2.147144978169407e-14,3.7253919745392934e-14,8.651423159652382e-14,1.4496639098455805e-13,0.0,0.0,0.0,0.0,0.3188680403876459,0.0,1.0,1.0
XGBoost,xgboost_regressor,Boosting,10000,3,raw,1.356279694141144,0.6133901259006924,1.2552736725587392,2.46989733963974,4.9529173009267735,0.031146974716172587,0.1534231732499135,1.0,0.446,0.288879576137479,0.0,1.0,1.0
XGBoost,xgboost_regressor,Boosting,10000,3,projected,4.217976940443857e-14,2.135801847897131e-14,3.667434857501664e-14,8.61633546617416e-14,1.4652521420047492e-13,0.0,0.0,0.0,0.0,0.288879576137479,0.0,1.0,1.0
XGBoost,xgboost_regressor,Boosting,10000,4,raw,1.4395135677281805,0.6839619485554843,1.3194491635945504,2.7246070730373173,5.8524819855286045,0.015094986698352991,0.08213252650884802,1.0,0.329,0.29525553563890095,0.0,1.0,1.0
XGBoost,xgboost_regressor,Boosting,10000,4,projected,4.262707257610132e-14,2.040139386080173e-14,3.861277888835344e-14,8.20459339813323e-14,1.4874801064094584e-13,0.0,0.0,0.0,0.0,0.29525553563890095,0.0,1.0,1.0
XGBoost,xgboost_regressor,Boosting,1450,0,raw,2.162419271330342,0.9555846099630562,1.9776427019268201,3.8855875929205808,6.563857349825478,0.020645951642917403,0.10034344201372107,1.0,0.38275862068965516,0.4621165708824384,0.0,1.0,1.0
XGBoost,xgboost_regressor,Boosting,1450,0,projected,4.2611047065726864e-14,2.025778768558765e-14,3.834547930019707e-14,8.405015713607874e-14,1.2353026086993928e-13,0.0,0.0,0.0,0.0,0.4621165708824384,0.0,1.0,1.0
XGBoost,xgboost_regressor,Boosting,1450,1,raw,2.374070465040938,1.031042841794683,2.2436373100251,4.1437928195692715,6.564946879373857,0.015850401216431487,0.06728916897125548,1.0,0.29310344827586204,0.5389251252893911,0.0,1.0,1.0
XGBoost,xgboost_regressor,Boosting,1450,1,projected,4.1226607839586343e-14,1.9910007212998982e-14,3.776586443654626e-14,7.412272019622707e-14,1.148466557427569e-13,0.0,0.0,0.0,0.0,0.5389251252893911,0.0,1.0,1.0
XGBoost,xgboost_regressor,Boosting,1450,2,raw,2.5311814372352996,1.026584561122409,2.446890515246526,4.102870478825902,8.277344051623192,0.015527151020029106,0.0886722055101236,1.0,0.33793103448275863,0.5759333666439137,0.0034482758620689655,0.9975500486861775,0.28951411899144713
XGBoost,xgboost_regressor,Boosting,1450,2,projected,4.432486092658668e-14,2.1950361573628025e-14,4.071628205260973e-14,8.896253623161098e-14,1.2733207838171595e-13,0.0,0.0,0.0,0.0,0.5759333666439137,0.0034482758620689655,0.9975500486861775,0.28951411899144713
XGBoost,xgboost_regressor,Boosting,1450,3,raw,2.668594968007227,1.105775268468064,2.4660389297581746,4.5369131377099325,7.707633375686236,0.015194238333926417,0.08910229686330008,1.0,0.4,0.44383405648683855,0.0,1.0,1.0
XGBoost,xgboost_regressor,Boosting,1450,3,projected,4.091589725855071e-14,1.981736477837091e-14,3.581998491512176e-14,8.645129210030173e-14,1.0591370546726984e-13,0.0,0.0,0.0,0.0,0.44383405648683855,0.0,1.0,1.0
XGBoost,xgboost_regressor,Boosting,1450,4,raw,2.0817261118748696,0.9046513299448742,2.018551373382266,3.737930576122077,5.52124614245319,0.011320956847874049,0.05091729417714926,1.0,0.35517241379310344,0.42369796304785584,0.0,1.0,1.0
XGBoost,xgboost_regressor,Boosting,1450,4,projected,4.107608519880404e-14,1.99620700746445e-14,3.702020137298035e-14,7.479189508559037e-14,1.4229715989861826e-13,0.0,0.0,0.0,0.0,0.42369796304785584,0.0,1.0,1.0
XGBoost,xgboost_regressor,Boosting,2400,0,raw,1.83774605325883,0.8919532360959901,1.6142305381912583,3.652476958918467,5.136826900873265,0.024049379057321577,0.12706395314326188,1.0,0.38958333333333334,0.4113637518204078,0.0,1.0,1.0
XGBoost,xgboost_regressor,Boosting,2400,0,projected,4.260055569447441e-14,2.2073587954906513e-14,3.6404482152219934e-14,8.68200421445923e-14,1.4260727238327532e-13,0.0,0.0,0.0,0.0,0.4113637518204078,0.0,1.0,1.0
XGBoost,xgboost_regressor,Boosting,2400,1,raw,2.008434020972046,0.9635758597010221,1.8161073170837887,3.8183950418133374,6.940834938437486,0.01343187423403943,0.07456994995419768,1.0,0.2833333333333333,0.4637291965332704,0.0,1.0,1.0
XGBoost,xgboost_regressor,Boosting,2400,1,projected,4.18965924202671e-14,1.9462852150048066e-14,3.795441778265785e-14,7.422424859802542e-14,1.1528542202361757e-13,0.0,0.0,0.0,0.0,0.4637291965332704,0.0,1.0,1.0
XGBoost,xgboost_regressor,Boosting,2400,2,raw,2.136120418892362,0.8534649606656063,1.9973273707535553,3.73766674664581,5.6562593782365855,0.019272185453923174,0.09349446984023893,1.0,0.3416666666666667,0.47892813071492113,0.0020833333333333333,0.9986934608872017,0.3728612258567915
XGBoost,xgboost_regressor,Boosting,2400,2,projected,4.37715187673341e-14,2.1971720985802832e-14,3.8467245698484945e-14,8.71355182309752e-14,1.4309323413745522e-13,0.0,0.0,0.0,0.0,0.47892813071492113,0.0020833333333333333,0.9986934608872017,0.3728612258567915
XGBoost,xgboost_regressor,Boosting,2400,3,raw,2.2108685117808524,0.9898306171465927,2.0987662369709783,3.909818225681155,7.254200853843186,0.01902254962753919,0.10963762269199072,1.0,0.4041666666666667,0.40840772119518254,0.0,1.0,1.0
XGBoost,xgboost_regressor,Boosting,2400,3,projected,4.316466905270387e-14,2.0584071464419724e-14,3.8659298552955696e-14,8.391980512961568e-14,1.4250766696571006e-13,0.0,0.0,0.0,0.0,0.40840772119518254,0.0,1.0,1.0
XGBoost,xgboost_regressor,Boosting,2400,4,raw,1.8697656136737473,0.8378415735715742,1.7404007897008045,3.3962510088217375,5.628198992815897,0.0109606348589158,0.056843582801211864,1.0,0.3145833333333333,0.3838701868709425,0.0,1.0,1.0
XGBoost,xgboost_regressor,Boosting,2400,4,projected,4.1828627699441576e-14,2.0995530119717704e-14,3.590980460463864e-14,8.630447523521156e-14,1.2795935662845184e-13,0.0,0.0,0.0,0.0,0.3838701868709425,0.0,1.0,1.0
XGBoost,xgboost_regressor,Boosting,3350,0,raw,1.7505380142844775,0.8849578331546006,1.5657848032131985,3.4839408402740273,5.576946584724032,0.02343956673654199,0.11395815059767406,1.0,0.3880597014925373,0.3896216734353228,0.0,1.0,1.0
XGBoost,xgboost_regressor,Boosting,3350,0,projected,4.2592384646652797e-14,2.0519684271521803e-14,3.7596888684512963e-14,8.603806490713782e-14,1.4246337553745592e-13,0.0,0.0,0.0,0.0,0.3896216734353228,0.0,1.0,1.0
XGBoost,xgboost_regressor,Boosting,3350,1,raw,1.762229010035872,0.8363561222686586,1.6007273375630011,3.3191689498214125,6.281841879852821,0.01563138519633476,0.07663674702216225,1.0,0.3119402985074627,0.39483608016364696,0.0,1.0,1.0
XGBoost,xgboost_regressor,Boosting,3350,1,projected,4.1374842084525875e-14,1.9751058420678433e-14,3.8474606696135345e-14,7.780967574737798e-14,1.176291642305451e-13,0.0,0.0,0.0,0.0,0.39483608016364696,0.0,1.0,1.0
XGBoost,xgboost_regressor,Boosting,3350,2,raw,1.9367744433986784,0.8099397906427551,1.8601300348421372,3.4124651363905762,6.822660295687742,0.016827622276981657,0.09121792574714568,1.0,0.3074626865671642,0.429897458941542,0.0014925373134328358,0.9990016275618374,0.331090466431128
XGBoost,xgboost_regressor,Boosting,3350,2,projected,4.305284175722657e-14,2.134929348282817e-14,3.8366790904859514e-14,8.395466740071111e-14,1.2924827172611033e-13,0.0,0.0,0.0,0.0,0.429897458941542,0.0014925373134328358,0.9990016275618374,0.331090466431128
XGBoost,xgboost_regressor,Boosting,3350,3,raw,1.9463980063863529,0.848414855448459,1.8176530420010972,3.5885450066624327,5.807929260166845,0.02285680527408754,0.11394410428580169,1.0,0.4164179104477612,0.36679289780497576,0.0,1.0,1.0
XGBoost,xgboost_regressor,Boosting,3350,3,projected,4.20869036091929e-14,2.0229246944819498e-14,3.7027505563452505e-14,8.157613207188442e-14,1.2141779894470517e-13,0.0,0.0,0.0,0.0,0.36679289780497576,0.0,1.0,1.0
XGBoost,xgboost_regressor,Boosting,3350,4,raw,1.8267279050955576,0.8209166945131214,1.656928443880033,3.3336631734438766,6.077198735420093,0.00920072203274069,0.051536118751400926,1.0,0.28059701492537314,0.35796540332392046,0.0,1.0,1.0
XGBoost,xgboost_regressor,Boosting,3350,4,projected,4.1585394005646993e-14,2.035453659865584e-14,3.657742603375525e-14,8.61514575295098e-14,1.4251873767203598e-13,0.0,0.0,0.0,0.0,0.35796540332392046,0.0,1.0,1.0
XGBoost,xgboost_regressor,Boosting,4300,0,raw,1.5922048618561147,0.7485436926931929,1.4703073839851242,3.0530588776788536,4.756831037384031,0.026327161698267564,0.1415026738021721,1.0,0.40348837209302324,0.35525644875241397,0.0,1.0,1.0
XGBoost,xgboost_regressor,Boosting,4300,0,projected,4.329024711618754e-14,2.180669487189665e-14,3.891802844472395e-14,8.681369735066202e-14,1.5343651734647744e-13,0.0,0.0,0.0,0.0,0.35525644875241397,0.0,1.0,1.0
XGBoost,xgboost_regressor,Boosting,4300,1,raw,1.5923742240658232,0.7524570251694578,1.4832795103391248,3.0354144920278485,4.877683794270839,0.018686805395770598,0.10503297058791336,1.0,0.32906976744186045,0.3643647738059526,0.0,1.0,1.0
XGBoost,xgboost_regressor,Boosting,4300,1,projected,4.1793147958684697e-14,1.9402320460216028e-14,3.80618209967355e-14,8.112320841737852e-14,1.1821784889303072e-13,0.0,0.0,0.0,0.0,0.3643647738059526,0.0,1.0,1.0
XGBoost,xgboost_regressor,Boosting,4300,2,raw,1.8896036858195742,0.7881808778545829,1.7762455318025432,3.4287832136333822,5.14060647682325,0.020242044777300152,0.123665468100021,1.0,0.3244186046511628,0.37064687322224077,0.0,1.0,1.0
XGBoost,xgboost_regressor,Boosting,4300,2,projected,4.3785025757037854e-14,2.251299877457976e-14,3.7006151661820426e-14,8.995891294772495e-14,1.4523822019568354e-13,0.0,0.0,0.0,0.0,0.37064687322224077,0.0,1.0,1.0
XGBoost,xgboost_regressor,Boosting,4300,3,raw,1.728856728943866,0.8086085191674295,1.593995824439478,3.253910619301804,6.368523630341083,0.02292987259662257,0.12193594867160112,1.0,0.39651162790697675,0.34755030492227806,0.0,1.0,1.0
XGBoost,xgboost_regressor,Boosting,4300,3,projected,4.3320355219091006e-14,2.2792062705103773e-14,3.685667315170572e-14,8.988669808021699e-14,1.4627347403293418e-13,0.0,0.0,0.0,0.0,0.34755030492227806,0.0,1.0,1.0
XGBoost,xgboost_regressor,Boosting,4300,4,raw,1.638127080261405,0.725969949508241,1.518069903414009,2.916976619816457,6.341477763430661,0.009529114717114706,0.05336194547054034,1.0,0.27906976744186046,0.33846514423432994,0.0,1.0,1.0
XGBoost,xgboost_regressor,Boosting,4300,4,projected,4.135133244699398e-14,2.0044820675879766e-14,3.6257915443163305e-14,8.103672827591067e-14,1.4423536248953834e-13,0.0,0.0,0.0,0.0,0.33846514423432994,0.0,1.0,1.0
XGBoost,xgboost_regressor,Boosting,500,0,raw,2.6857860263209767,1.0833110610929035,2.455948200799618,4.504668244225174,5.740632559738886,0.02872395561500156,0.1827386027932766,1.0,0.33,0.5325488866981051,0.0,1.0,1.0
XGBoost,xgboost_regressor,Boosting,500,0,projected,4.5298076965785776e-14,2.2607164548323546e-14,4.0430341339776446e-14,8.77536389157994e-14,1.2297984092889874e-13,0.0,0.0,0.0,0.0,0.5325488866981051,0.0,1.0,1.0
XGBoost,xgboost_regressor,Boosting,500,1,raw,3.0545267385593426,1.317453344818199,2.9764873369294094,5.411412328846112,7.364958399347059,0.015953513097529723,0.09010138580393048,1.0,0.34,0.7000959552785609,0.0,1.0,1.0
XGBoost,xgboost_regressor,Boosting,500,1,projected,4.1908662379154385e-14,2.2576952269711357e-14,3.645299317351164e-14,8.73077659644756e-14,1.1937329429948876e-13,0.0,0.0,0.0,0.0,0.7000959552785609,0.0,1.0,1.0
XGBoost,xgboost_regressor,Boosting,500,2,raw,3.2766584017895015,1.2352160896173565,3.060570004574406,5.204946249156785,7.075961518826383,0.029310974749932016,0.19160067800312355,1.0,0.31,0.6929988654613111,0.0,1.0,1.0
XGBoost,xgboost_regressor,Boosting,500,2,projected,4.915425149468807e-14,2.494925172230634e-14,4.4885944036816526e-14,9.13559158289941e-14,1.287406883386902e-13,0.0,0.0,0.0,0.0,0.6929988654613111,0.0,1.0,1.0
XGBoost,xgboost_regressor,Boosting,500,3,raw,3.366132726963775,1.2599746694636202,3.105604065447248,5.8845543779486995,7.309030537838553,0.015349522065274379,0.0761312490327903,1.0,0.31,0.6259023065012833,0.0,1.0,1.0
XGBoost,xgboost_regressor,Boosting,500,3,projected,4.149155941897299e-14,2.2697109600923586e-14,3.5995818699422374e-14,9.005841792960607e-14,1.2814417116311057e-13,0.0,0.0,0.0,0.0,0.6259023065012833,0.0,1.0,1.0
XGBoost,xgboost_regressor,Boosting,500,4,raw,2.992110855911896,1.286022774634094,2.60743412336687,5.361053314194765,7.984810134149862,0.019107187753354703,0.09145357668916358,1.0,0.38,0.580934717031003,0.0,1.0,1.0
XGBoost,xgboost_regressor,Boosting,500,4,projected,4.462230686409705e-14,1.910989399211197e-14,4.108660673838395e-14,8.605128807737984e-14,9.488140307975102e-14,0.0,0.0,0.0,0.0,0.580934717031003,0.0,1.0,1.0
XGBoost,xgboost_regressor,Boosting,5250,0,raw,1.49659786425126,0.7248198345251852,1.3841831003296514,2.966046822382587,5.26907272960813,0.02947137575800579,0.1557484983332585,1.0,0.4085714285714286,0.33664338416509293,0.0,1.0,1.0
XGBoost,xgboost_regressor,Boosting,5250,0,projected,4.271721162092685e-14,2.091996798835657e-14,3.657742603375525e-14,8.664264662259245e-14,1.4256301190040194e-13,0.0,0.0,0.0,0.0,0.33664338416509293,0.0,1.0,1.0
XGBoost,xgboost_regressor,Boosting,5250,1,raw,1.5113566243336043,0.7521276384250001,1.3509530670961094,2.95772106588794,5.570167674078464,0.022231551562454745,0.12212270490232176,1.0,0.35333333333333333,0.34451031003299454,0.0,1.0,1.0
XGBoost,xgboost_regressor,Boosting,5250,1,projected,4.325723483170244e-14,2.1255015969072762e-14,3.840054842250755e-14,8.766701623398628e-14,1.273568571858195e-13,0.0,0.0,0.0,0.0,0.34451031003299454,0.0,1.0,1.0
XGBoost,xgboost_regressor,Boosting,5250,2,raw,1.8296065440457192,0.7454575259937365,1.721700876361767,3.2066448807744927,4.912770080015322,0.020633032945720234,0.12159190607883091,1.0,0.3352380952380952,0.37758346575327295,0.0009523809523809524,0.9996694801566774,0.6529541645114652
XGBoost,xgboost_regressor,Boosting,5250,2,projected,4.273309362615303e-14,2.0587039906596692e-14,3.859234884089423e-14,8.632499809738699e-14,1.2792544500141437e-13,0.0,0.0,0.0,0.0,0.37758346575327295,0.0009523809523809524,0.9996694801566774,0.6529541645114652
XGBoost,xgboost_regressor,Boosting,5250,3,raw,1.6482190712438314,0.7898680989513134,1.5299896105038324,3.113375285136574,5.69799569929631,0.024889364152251743,0.1439748354038168,1.0,0.41333333333333333,0.33221267443290015,0.0,1.0,1.0
XGBoost,xgboost_regressor,Boosting,5250,3,projected,4.194315201924152e-14,2.0958370964610926e-14,3.6909613751371046e-14,8.62507334470221e-14,1.4237475134503e-13,0.0,0.0,0.0,0.0,0.33221267443290015,0.0,1.0,1.0
XGBoost,xgboost_regressor,Boosting,5250,4,raw,1.6270458641697612,0.72179618568355,1.5195669960892724,2.9690377531017886,5.614704992228856,0.009707108597974743,0.05507773272183386,1.0,0.2780952380952381,0.3275266663456591,0.0,1.0,1.0
XGBoost,xgboost_regressor,Boosting,5250,4,projected,4.140204778389304e-14,1.9922007018091455e-14,3.657742603375525e-14,8.459428794920855e-14,1.2918645947178723e-13,0.0,0.0,0.0,0.0,0.3275266663456591,0.0,1.0,1.0
XGBoost,xgboost_regressor,Boosting,6200,0,raw,1.4193385781587862,0.6895330260973624,1.2764075778144246,2.7705860001739055,5.015097665235987,0.031477526544192974,0.14075728218360437,1.0,0.45161290322580644,0.3225276776297774,0.0,1.0,1.0
XGBoost,xgboost_regressor,Boosting,6200,0,projected,4.1899941548105714e-14,2.062309387484597e-14,3.709141974507642e-14,8.560117946077929e-14,1.307554297107963e-13,0.0,0.0,0.0,0.0,0.3225276776297774,0.0,1.0,1.0
XGBoost,xgboost_regressor,Boosting,6200,1,raw,1.4527865019888293,0.7284231596591135,1.3013184656199661,2.8306799413978934,5.763170594299792,0.021842333671605603,0.12041565320763795,1.0,0.3524193548387097,0.33332762852720443,0.0,1.0,1.0
XGBoost,xgboost_regressor,Boosting,6200,1,projected,4.1439080230576103e-14,1.9993745744207992e-14,3.6848966239384246e-14,8.319722755603737e-14,1.4583446096433614e-13,0.0,0.0,0.0,0.0,0.33332762852720443,0.0,1.0,1.0
XGBoost,xgboost_regressor,Boosting,6200,2,raw,1.7190349348626723,0.7796323201471997,1.5885542714733956,3.1517941688498583,5.014419161995371,0.021804298903362874,0.12755952851604171,1.0,0.33548387096774196,0.35305327001340037,0.0,1.0,1.0
XGBoost,xgboost_regressor,Boosting,6200,2,projected,4.3113873337205544e-14,2.1025544948823343e-14,3.907985046680551e-14,8.719270225718283e-14,1.2815648265578087e-13,0.0,0.0,0.0,0.0,0.35305327001340037,0.0,1.0,1.0
XGBoost,xgboost_regressor,Boosting,6200,3,raw,1.6282344173468533,0.7422422013449086,1.5226533847288208,2.9576276625111046,5.2649540122243135,0.029290118043459774,0.15562042745214538,1.0,0.42096774193548386,0.3204052210286152,0.0,1.0,1.0
XGBoost,xgboost_regressor,Boosting,6200,3,projected,4.1485865847457577e-14,2.1379884007761585e-14,3.590262158049104e-14,8.623726378264222e-14,1.4448672947979982e-13,0.0,0.0,0.0,0.0,0.3204052210286152,0.0,1.0,1.0
XGBoost,xgboost_regressor,Boosting,6200,4,raw,1.5946652683301563,0.7486194463123889,1.4866292082588568,2.9940293832648344,4.948465459952505,0.010976473559664425,0.06163769674789551,1.0,0.2879032258064516,0.3162330152828496,0.0,1.0,1.0
XGBoost,xgboost_regressor,Boosting,6200,4,projected,4.1863244610040976e-14,2.0510804178083907e-14,3.7147535655622936e-14,8.529748227836029e-14,1.5429783575789434e-13,0.0,0.0,0.0,0.0,0.3162330152828496,0.0,1.0,1.0
XGBoost,xgboost_regressor,Boosting,7150,0,raw,1.3643579503299892,0.6795160719620661,1.2470330026644358,2.5987789999917443,5.7840307000737505,0.030558280050527395,0.15805803106303265,1.0,0.4244755244755245,0.31522239823024545,0.0,1.0,1.0
XGBoost,xgboost_regressor,Boosting,7150,0,projected,4.236818262316239e-14,2.081349101696733e-14,3.793780033887768e-14,8.320926266145883e-14,1.4317039415068597e-13,0.0,0.0,0.0,0.0,0.31522239823024545,0.0,1.0,1.0
XGBoost,xgboost_regressor,Boosting,7150,1,raw,1.3836655632197647,0.68084764726026,1.2505337070800333,2.7061061163255222,6.217557626221134,0.02420505721583679,0.1311201644242494,1.0,0.36363636363636365,0.3207634656647181,0.0,1.0,1.0
XGBoost,xgboost_regressor,Boosting,7150,1,projected,4.1936502563791134e-14,2.0389894981052355e-14,3.624983931029721e-14,8.549423494068869e-14,1.292353012351473e-13,0.0,0.0,0.0,0.0,0.3207634656647181,0.0,1.0,1.0
XGBoost,xgboost_regressor,Boosting,7150,2,raw,1.7091106835258845,0.7078851208846163,1.595520773801013,3.019470916438817,4.721502747404403,0.023485185459506133,0.1337967453804707,1.0,0.34475524475524477,0.3490945616097378,0.0,1.0,1.0
XGBoost,xgboost_regressor,Boosting,7150,2,projected,4.306684956140498e-14,2.0890933328164526e-14,3.901919871603826e-14,8.734960847789402e-14,1.4725826775981167e-13,0.0,0.0,0.0,0.0,0.3490945616097378,0.0,1.0,1.0
XGBoost,xgboost_regressor,Boosting,7150,3,raw,1.528332526214967,0.7140551535328002,1.4140482115581765,2.8634584458766743,4.653418864233675,0.029655571932351098,0.15308352782099527,1.0,0.44405594405594406,0.3062247501921886,0.0,1.0,1.0
XGBoost,xgboost_regressor,Boosting,7150,3,projected,4.2189280906483163e-14,2.0962996563323894e-14,3.6230712748823524e-14,8.387661987269037e-14,1.2736692219799924e-13,0.0,0.0,0.0,0.0,0.3062247501921886,0.0,1.0,1.0
XGBoost,xgboost_regressor,Boosting,7150,4,raw,1.446532128027119,0.7250451134055097,1.3025895749920826,2.8064981344131548,5.853434079762434,0.01271850366989156,0.071387248321921,1.0,0.3013986013986014,0.3058913722334084,0.0,1.0,1.0
XGBoost,xgboost_regressor,Boosting,7150,4,projected,4.143252887486055e-14,1.999448676432403e-14,3.692088357856443e-14,8.29063915441131e-14,1.2755182205393283e-13,0.0,0.0,0.0,0.0,0.3058913722334084,0.0,1.0,1.0
XGBoost,xgboost_regressor,Boosting,8100,0,raw,1.351631932197727,0.6675681837686851,1.230921170877493,2.5550317024764166,5.441007133336741,0.03345748928785805,0.15791298565061698,1.0,0.4487654320987654,0.31179567276101683,0.0,1.0,1.0
XGBoost,xgboost_regressor,Boosting,8100,0,projected,4.241089230243985e-14,2.0767514278916615e-14,3.6604371136070206e-14,8.631978925864804e-14,1.5326418751543384e-13,0.0,0.0,0.0,0.0,0.31179567276101683,0.0,1.0,1.0
XGBoost,xgboost_regressor,Boosting,8100,1,raw,1.3507611409080882,0.716919230821224,1.2035598931326286,2.664005630354191,6.907021647239692,0.026552184052414805,0.1435456652930405,1.0,0.39012345679012345,0.3129437944959609,0.0,1.0,1.0
XGBoost,xgboost_regressor,Boosting,8100,1,projected,4.2313353621605026e-14,2.0953395552626125e-14,3.6792462724847006e-14,8.57906314263801e-14,1.4686937254704722e-13,0.0,0.0,0.0,0.0,0.3129437944959609,0.0,1.0,1.0
XGBoost,xgboost_regressor,Boosting,8100,2,raw,1.5877547002980752,0.7189281586996774,1.4855441273543368,2.9720771402672455,5.187962138222616,0.023141024640273622,0.1236517759374336,1.0,0.3314814814814815,0.33233439906387274,0.0,1.0,1.0
XGBoost,xgboost_regressor,Boosting,8100,2,projected,4.35170214363668e-14,2.1341656846242643e-14,3.891802844472395e-14,8.680552612979835e-14,1.6124780753884546e-13,0.0,0.0,0.0,0.0,0.33233439906387274,0.0,1.0,1.0
XGBoost,xgboost_regressor,Boosting,8100,3,raw,1.470202865150989,0.6790100209319355,1.3456936175681924,2.7846831698658803,5.101497211816556,0.030995773456202094,0.15274983437249767,1.0,0.4425925925925926,0.3024913737494303,0.0,1.0,1.0
XGBoost,xgboost_regressor,Boosting,8100,3,projected,4.269889787052183e-14,2.0920880217008172e-14,3.776586443654626e-14,8.67434236789513e-14,1.2911946280382149e-13,0.0,0.0,0.0,0.0,0.3024913737494303,0.0,1.0,1.0
XGBoost,xgboost_regressor,Boosting,8100,4,raw,1.448149303108957,0.696665767895517,1.3084276718362857,2.6572310510750667,7.043365480480183,0.013910160551749597,0.07501636237462943,1.0,0.3037037037037037,0.303454575915179,0.0,1.0,1.0
XGBoost,xgboost_regressor,Boosting,8100,4,projected,4.201996926885245e-14,2.11746247344714e-14,3.709141974507642e-14,8.631978925864804e-14,1.5470630195439841e-13,0.0,0.0,0.0,0.0,0.303454575915179,0.0,1.0,1.0
XGBoost,xgboost_regressor,Boosting,9050,0,raw,1.3158233530662018,0.6642983061670024,1.209953000011266,2.550220090829992,6.1155234666250315,0.03407317019146402,0.17006838169039407,1.0,0.44640883977900553,0.30663210415881414,0.0,1.0,1.0
XGBoost,xgboost_regressor,Boosting,9050,0,projected,4.208045764204797e-14,2.0821116610152836e-14,3.764032658966892e-14,8.596123159354464e-14,1.7130564986077266e-13,0.0,0.0,0.0,0.0,0.30663210415881414,0.0,1.0,1.0
XGBoost,xgboost_regressor,Boosting,9050,1,raw,1.3307173724436372,0.701644082969585,1.1683465051626016,2.6487885818695904,6.604112432301592,0.028459226127447775,0.14881133535433816,1.0,0.4138121546961326,0.3079419151715579,0.0,1.0,1.0
XGBoost,xgboost_regressor,Boosting,9050,1,projected,4.21072142991022e-14,2.113778735787391e-14,3.62742331401871e-14,8.582418255355324e-14,1.4942529592199414e-13,0.0,0.0,0.0,0.0,0.3079419151715579,0.0,1.0,1.0
XGBoost,xgboost_regressor,Boosting,9050,2,raw,1.5334002119957206,0.7196879029211413,1.4071385771398843,2.9029739246698996,5.7250941650483735,0.022646550150935228,0.12905425792950165,1.0,0.3397790055248619,0.3263432625479423,0.0,1.0,1.0
XGBoost,xgboost_regressor,Boosting,9050,2,projected,4.265276027840975e-14,2.0284982936176567e-14,3.846950816158972e-14,8.428144662650532e-14,1.4339062254443437e-13,0.0,0.0,0.0,0.0,0.3263432625479423,0.0,1.0,1.0
XGBoost,xgboost_regressor,Boosting,9050,3,raw,1.4225145642047234,0.700640962491381,1.2868982063346246,2.750010262875932,5.203683041392109,0.03057955591899654,0.1535489948808412,1.0,0.4303867403314917,0.3019024472675089,0.0,1.0,1.0
XGBoost,xgboost_regressor,Boosting,9050,3,projected,4.22528116257867e-14,2.167598699144969e-14,3.657742603375525e-14,8.782460517495814e-14,1.4517914065361215e-13,0.0,0.0,0.0,0.0,0.3019024472675089,0.0,1.0,1.0
XGBoost,xgboost_regressor,Boosting,9050,4,raw,1.3883558661629438,0.6678572046589816,1.2668976069482083,2.6091669028795845,5.439642564328063,0.014451455805919177,0.08463407566711903,1.0,0.30773480662983427,0.2968666268895826,0.0,1.0,1.0
XGBoost,xgboost_regressor,Boosting,9050,4,projected,4.214493920250575e-14,2.0741020947149605e-14,3.684602580856396e-14,8.639093960247745e-14,1.4286150405157443e-13,0.0,0.0,0.0,0.0,0.2968666268895826,0.0,1.0,1.0
