model,model_key,model_category,sample_size,prediction_type,conservation_l2_mean_mean,conservation_l2_mean_std,conservation_l2_std_mean,conservation_l2_std_std,conservation_l2_median_mean,conservation_l2_median_std,conservation_l2_q95_mean,conservation_l2_q95_std,conservation_l2_max_mean,conservation_l2_max_std,negative_standardized_l1_mean_mean,negative_standardized_l1_mean_std,negative_standardized_l1_q95_mean,negative_standardized_l1_q95_std,mass_violation_rate_mean,mass_violation_rate_std,nonnegative_violation_rate_mean,nonnegative_violation_rate_std,standardized_displacement_l2_mean_mean,standardized_displacement_l2_mean_std,backtracking_rate_mean,backtracking_rate_std,backtracking_alpha_mean_mean,backtracking_alpha_mean_std,backtracking_alpha_min_mean,backtracking_alpha_min_std,fold_count
AdaBoost,adaboost_regressor,Boosting,10000,raw,5.430765722147224,0.34845304495559304,1.988881904042443,0.11194953724994222,5.183955797854629,0.31756674270043805,9.085694232427592,0.5564261193097904,13.54028822615884,1.074388134068338,0.0,0.0,0.0,0.0,1.0,0.0,0.0,0.0,0.9008139190536261,0.032280464669607836,0.003,0.001060660171779821,0.9986202112711011,0.0006481389036753807,0.20057010369565456,0.26518349627835136,5
AdaBoost,adaboost_regressor,Boosting,10000,projected,4.173477639445007e-14,4.2872800502030575e-16,2.0697971304484452e-14,3.7431652029768827e-16,3.632770452653e-14,2.766536479911997e-16,8.527546309475827e-14,2.1084962538794958e-15,1.412745998364749e-13,7.0761943764639155e-15,0.0,0.0,0.0,0.0,0.0,0.0,0.0,0.0,0.9008139190536261,0.032280464669607836,0.003,0.001060660171779821,0.9986202112711011,0.0006481389036753807,0.20057010369565456,0.26518349627835136,5
AdaBoost,adaboost_regressor,Boosting,1450,raw,5.086303525308994,0.2631454523441033,1.8657322465884172,0.07682240711030844,4.940923508801797,0.28392200249118954,8.506070732666666,0.3759882921302242,11.645427595082722,1.283162289718661,0.0,0.0,0.0,0.0,1.0,0.0,0.0,0.0,0.9038070932401379,0.06620656742116605,0.002758620689655172,0.002885034574255433,0.9988082952207933,0.0014870226944310619,0.6855351609212557,0.4040010997109948,5
AdaBoost,adaboost_regressor,Boosting,1450,projected,4.2721239216243755e-14,1.4709522401827422e-15,2.0469753452375025e-14,1.871038689619611e-15,3.747502409045112e-14,1.0420464976523895e-15,8.331382915539092e-14,8.420808556755773e-15,1.2272419401928427e-13,2.2222783649146056e-14,0.0,0.0,0.0,0.0,0.0,0.0,0.0,0.0,0.9038070932401379,0.06620656742116605,0.002758620689655172,0.002885034574255433,0.9988082952207933,0.0014870226944310619,0.6855351609212557,0.4040010997109948,5
AdaBoost,adaboost_regressor,Boosting,2400,raw,5.2735941364398995,0.3448788900297867,1.8853856082704077,0.08871635582728778,5.033083184666745,0.3307747074281371,8.792961803829327,0.5892724267333714,12.551228249549926,1.4848104897753234,0.0,0.0,0.0,0.0,1.0,0.0,0.0,0.0,0.9224772523406894,0.0778865225521526,0.00375,0.0030900827029565264,0.9981284892939655,0.001893055590328408,0.45730527998795817,0.37362280914486734,5
AdaBoost,adaboost_regressor,Boosting,2400,projected,4.1601002323050364e-14,1.057808561150895e-15,2.079716835288466e-14,1.349847278522775e-15,3.6446106293172235e-14,1.4842385861735739e-15,8.184897722994187e-14,5.770899908443064e-15,1.3253528532834725e-13,1.5313167773058605e-14,0.0,0.0,0.0,0.0,0.0,0.0,0.0,0.0,0.9224772523406894,0.0778865225521526,0.00375,0.0030900827029565264,0.9981284892939655,0.001893055590328408,0.45730527998795817,0.37362280914486734,5
AdaBoost,adaboost_regressor,Boosting,3350,raw,5.311202399573255,0.43310532211080366,1.947399619353504,0.12303163555664733,5.064279310836996,0.43219537624865306,8.90921626169512,0.6272059660372545,12.89208004277305,1.355348627782123,0.0,0.0,0.0,0.0,1.0,0.0,0.0,0.0,0.9013641822095664,0.04978682756969664,0.003880597014925373,0.0022635449086721047,0.9982577017174682,0.0012961034785791466,0.3597950388406553,0.24131234236634697,5
AdaBoost,adaboost_regressor,Boosting,3350,projected,4.136688695007555e-14,1.4581803813951255e-15,2.068735539701947e-14,9.35697732517494e-16,3.6311047482503913e-14,1.1367781166910622e-15,8.34403819192382e-14,4.8482416848390745e-15,1.4660155355017595e-13,1.3355337771254929e-14,0.0,0.0,0.0,0.0,0.0,0.0,0.0,0.0,0.9013641822095664,0.04978682756969664,0.003880597014925373,0.0022635449086721047,0.9982577017174682,0.0012961034785791466,0.3597950388406553,0.24131234236634697,5
AdaBoost,adaboost_regressor,Boosting,4300,raw,5.3644869676313105,0.38658792852449286,1.9716371555630985,0.14891607831481465,5.1431939295682,0.3814707706785786,9.018506046398597,0.6168015302189955,13.012380408487804,1.4154037045631096,0.0,0.0,0.0,0.0,1.0,0.0,0.0,0.0,0.8977230759892834,0.044648116390388994,0.0032558139534883722,0.0017246973225803865,0.9984832953044304,0.0011049708326146134,0.36600955410190683,0.2588521997509343,5
AdaBoost,adaboost_regressor,Boosting,4300,projected,4.1975004483205424e-14,5.061805221999618e-16,2.0614144276904537e-14,4.912157265704588e-16,3.656009913334291e-14,8.90071889509006e-16,8.443388081333043e-14,2.3406861014640987e-15,1.394064253344268e-13,1.1306793055138751e-14,0.0,0.0,0.0,0.0,0.0,0.0,0.0,0.0,0.8977230759892834,0.044648116390388994,0.0032558139534883722,0.0017246973225803865,0.9984832953044304,0.0011049708326146134,0.36600955410190683,0.2588521997509343,5
AdaBoost,adaboost_regressor,Boosting,500,raw,5.031293296370532,0.39317986249703707,1.8669549127067662,0.15804575465506795,4.781792533890803,0.6134835671594612,8.152607628262,0.3512945164449725,10.713683613804964,1.5367531121065166,0.0,0.0,0.0,0.0,1.0,0.0,0.0,0.0,0.9384744971978201,0.07864958852451889,0.002,0.00447213595499958,0.9992242942639582,0.0017345307563262741,0.9224294263958059,0.17345307563262868,5
AdaBoost,adaboost_regressor,Boosting,500,projected,4.0845569893729266e-14,2.4404055221104646e-15,2.0532111395618787e-14,3.255524804730927e-15,3.6122594599827216e-14,1.1073511675078171e-15,7.856992535129003e-14,1.3609209983130822e-14,1.1294436772001116e-13,1.3429701222907173e-14,0.0,0.0,0.0,0.0,0.0,0.0,0.0,0.0,0.9384744971978201,0.07864958852451889,0.002,0.00447213595499958,0.9992242942639582,0.0017345307563262741,0.9224294263958059,0.17345307563262868,5
AdaBoost,adaboost_regressor,Boosting,5250,raw,5.371938416752433,0.4071275072165266,1.935815540251734,0.12386172992347312,5.125048669591896,0.3951171389559229,8.852685596805264,0.5655349438625111,13.23153668300722,1.2402773904415987,0.0,0.0,0.0,0.0,1.0,0.0,0.0,0.0,0.907551748621841,0.041512035730507796,0.003238095238095238,0.0015936381457791915,0.9984866638296463,0.001059256380092183,0.2880646372751387,0.28277879256787264,5
AdaBoost,adaboost_regressor,Boosting,5250,projected,4.2138350913525255e-14,7.342511244700909e-16,2.0609236982308553e-14,7.097357145489701e-16,3.6942146763739097e-14,4.514742393256243e-16,8.484018528558773e-14,2.7007979236478624e-15,1.463595473503134e-13,1.3059471840072172e-14,0.0,0.0,0.0,0.0,0.0,0.0,0.0,0.0,0.907551748621841,0.041512035730507796,0.003238095238095238,0.0015936381457791915,0.9984866638296463,0.001059256380092183,0.2880646372751387,0.28277879256787264,5
AdaBoost,adaboost_regressor,Boosting,6200,raw,5.402667562575273,0.3624031816750409,1.976243159006183,0.11891800326464926,5.158406859455196,0.3362509022530805,9.02451629854452,0.5177119558773032,13.470270985377102,1.0488590071314567,0.0,0.0,0.0,0.0,1.0,0.0,0.0,0.0,0.9093293322115599,0.03280680328462198,0.0032258064516129032,0.001891296677348157,0.9984844134167338,0.001131812096776836,0.2830522118666933,0.27453433836221175,5
AdaBoost,adaboost_regressor,Boosting,6200,projected,4.1899574606320496e-14,6.305787711344592e-16,2.101163873481919e-14,3.7306335172415503e-16,3.680460507892813e-14,1.252183700708451e-15,8.489794588325341e-14,2.209817843011273e-15,1.5191641933302493e-13,1.7032451164335786e-14,0.0,0.0,0.0,0.0,0.0,0.0,0.0,0.0,0.9093293322115599,0.03280680328462198,0.0032258064516129032,0.001891296677348157,0.9984844134167338,0.001131812096776836,0.2830522118666933,0.27453433836221175,5
AdaBoost,adaboost_regressor,Boosting,7150,raw,5.426130141509367,0.38100537878185753,1.9757822787647636,0.1088860434455307,5.198062393187505,0.36606025167165385,9.027822414197049,0.5153143076411671,13.665827622035547,1.028624378398629,0.0,0.0,0.0,0.0,1.0,0.0,0.0,0.0,0.9035055799580984,0.025297921393579646,0.002797202797202797,0.0016400055104277727,0.9986847232525392,0.000978239897053459,0.2775555019601951,0.265518006061116,5
AdaBoost,adaboost_regressor,Boosting,7150,projected,4.1838890029811356e-14,6.615819771484468e-16,2.0839915057334785e-14,4.811432159384491e-16,3.66888067156039e-14,7.59883413985742e-16,8.530010192998466e-14,2.3449311860821194e-15,1.4122534983776947e-13,6.8522657575747225e-15,0.0,0.0,0.0,0.0,0.0,0.0,0.0,0.0,0.9035055799580984,0.025297921393579646,0.002797202797202797,0.0016400055104277727,0.9986847232525392,0.000978239897053459,0.2775555019601951,0.265518006061116,5
AdaBoost,adaboost_regressor,Boosting,8100,raw,5.423114531135274,0.35348483451748397,1.9783308260449828,0.09501468023659547,5.181116574609695,0.3614987815217067,9.000090631492899,0.5139776010040767,13.429309540276654,1.1472265965481037,0.0,0.0,0.0,0.0,1.0,0.0,0.0,0.0,0.906150114691856,0.034092001367824414,0.002839506172839506,0.0014866166146657153,0.9986259451849019,0.0008797815492237317,0.1970632311556542,0.256352781399262,5
AdaBoost,adaboost_regressor,Boosting,8100,projected,4.1955006728863965e-14,6.274951205608085e-16,2.0726821427301114e-14,5.395236439039555e-16,3.6915565588262834e-14,9.918391080283579e-16,8.457940835087817e-14,1.797629406309347e-15,1.4754480660636764e-13,1.6132066782768233e-14,0.0,0.0,0.0,0.0,0.0,0.0,0.0,0.0,0.906150114691856,0.034092001367824414,0.002839506172839506,0.0014866166146657153,0.9986259451849019,0.0008797815492237317,0.1970632311556542,0.256352781399262,5
AdaBoost,adaboost_regressor,Boosting,9050,raw,5.4123158408121474,0.354104693581344,1.99574443918729,0.11292726521857946,5.18186805964751,0.315388928369425,9.036772023050828,0.5916546996678296,13.481511941568954,1.0202814868188057,0.0,0.0,0.0,0.0,1.0,0.0,0.0,0.0,0.9037556908187803,0.040644811899603124,0.00287292817679558,0.001259862348175843,0.9985969762055757,0.0007875584541589592,0.19154702687743994,0.2497123740868969,5
AdaBoost,adaboost_regressor,Boosting,9050,projected,4.184504150067759e-14,4.3110281451206905e-16,2.111786638140621e-14,1.6706154725821686e-16,3.6715546413766526e-14,6.00889253864052e-16,8.610103959071058e-14,4.4310255639844787e-16,1.4728278075082285e-13,3.3889940900730824e-15,0.0,0.0,0.0,0.0,0.0,0.0,0.0,0.0,0.9037556908187803,0.040644811899603124,0.00287292817679558,0.001259862348175843,0.9985969762055757,0.0007875584541589592,0.19154702687743994,0.2497123740868969,5
MLP,ann_deep_regressor,Neural networks,10000,raw,3.0390942878151295,0.6209497343426825,1.9218526552963422,0.3927334769947508,2.6495948278719466,0.5862370678814911,6.512281229926688,1.2490690296017286,20.49385845764023,8.66003747244597,0.04253190455323634,0.0071946440885494,0.17450201235747437,0.014831120227874533,1.0,0.0,0.5858000000000001,0.057070789376002164,0.18911010503675513,0.018872832846791837,0.0,0.0,1.0,0.0,1.0,0.0,5
MLP,ann_deep_regressor,Neural networks,10000,projected,4.253937398302299e-14,5.958326477587119e-16,2.089214995461126e-14,7.281879403211395e-16,3.7731523342912217e-14,7.671389077418865e-16,8.624631490391667e-14,2.8512270172428615e-15,1.4725060698960382e-13,1.838175387468951e-14,0.0,0.0,0.0,0.0,0.0,0.0,0.0,0.0,0.18911010503675513,0.018872832846791837,0.0,0.0,1.0,0.0,1.0,0.0,5
MLP,ann_deep_regressor,Neural networks,1450,raw,7.5904942516500515,0.8405406304405143,4.588192722352224,0.32149817680264314,6.584942582483547,0.825823563371207,16.48003893480753,0.9709059095999688,27.92975436890624,4.305601226051783,0.2228795104032598,0.0371453912028147,0.6812105363007662,0.09050335273285186,1.0,0.0,0.8282758620689655,0.026079545380950385,0.4958387797154792,0.0434075711634756,0.0,0.0,1.0,0.0,1.0,0.0,5
MLP,ann_deep_regressor,Neural networks,1450,projected,4.247299918645486e-14,1.6517968904522904e-15,2.0859885474882625e-14,9.471609659955192e-16,3.7123260980188525e-14,2.2424737405660432e-15,8.53774928709151e-14,3.2581852597817473e-15,1.233921194258612e-13,4.792238403150203e-15,0.0,0.0,0.0,0.0,0.0,0.0,0.0,0.0,0.4958387797154792,0.0434075711634756,0.0,0.0,1.0,0.0,1.0,0.0,5
MLP,ann_deep_regressor,Neural networks,2400,raw,5.354097045786615,0.7602820529744524,3.2527455744783422,0.4490372714771033,4.624516292256726,0.6463041927085973,11.565256342039898,1.7578969322584233,21.442895239478077,2.550376713837693,0.10511464029603106,0.018568217191048585,0.37650813505885516,0.053681844627831654,1.0,0.0,0.6795833333333333,0.05629627725998702,0.3345548273029925,0.04720404897396014,0.00041666666666666664,0.0009316949906249122,0.9999860108104576,3.1280778766865155e-05,0.9932851890196608,0.01501477380810054,5
MLP,ann_deep_regressor,Neural networks,2400,projected,4.316673583179992e-14,1.007856906226163e-15,2.1601652466709448e-14,7.526224473749901e-16,3.8462582969853923e-14,2.042420665546103e-15,8.827538690664697e-14,1.0014735289829518e-15,1.328667583769435e-13,1.4760019730050118e-14,0.0,0.0,0.0,0.0,0.0,0.0,0.0,0.0,0.3345548273029925,0.04720404897396014,0.00041666666666666664,0.0009316949906249122,0.9999860108104576,3.1280778766865155e-05,0.9932851890196608,0.01501477380810054,5
MLP,ann_deep_regressor,Neural networks,3350,raw,4.628029741138777,0.6726206883105292,2.9133023420941417,0.38068730601697426,3.967728045034137,0.6559141017290938,10.299886497581788,1.502020992835913,21.818242093768962,2.395340414417296,0.0811403703501045,0.01268138980233579,0.29850994564558286,0.03890889027063379,1.0,0.0,0.6904477611940298,0.04701610991163551,0.2795270742028585,0.037777439583139935,0.0,0.0,1.0,0.0,1.0,0.0,5
MLP,ann_deep_regressor,Neural networks,3350,projected,4.300042507765697e-14,3.131616004804797e-16,2.1041292883290666e-14,3.2413052032591967e-16,3.8408024680913835e-14,9.535398121828871e-16,8.694716005345092e-14,5.7473636705378715e-16,1.3227344332928803e-13,1.1219326539374835e-14,0.0,0.0,0.0,0.0,0.0,0.0,0.0,0.0,0.2795270742028585,0.037777439583139935,0.0,0.0,1.0,0.0,1.0,0.0,5
MLP,ann_deep_regressor,Neural networks,4300,raw,3.8426412230084113,0.49281793768833926,2.4030078707283886,0.3735668189186971,3.3039232038139077,0.3934873613415515,8.395297845702236,1.3278635142454123,18.27006526000368,1.4983925438578085,0.06719383767545091,0.017420665256273084,0.2436248312171247,0.03569943866907704,1.0,0.0,0.660232558139535,0.08764002162837572,0.24626301810477078,0.023982672572854222,0.0,0.0,1.0,0.0,1.0,0.0,5
MLP,ann_deep_regressor,Neural networks,4300,projected,4.241765645825704e-14,5.752266293176172e-16,2.097736346633588e-14,3.742005067464525e-16,3.791817626181595e-14,1.3814423612510425e-15,8.673552640910752e-14,5.156272213976968e-16,1.3020535106132715e-13,8.849524564992652e-15,0.0,0.0,0.0,0.0,0.0,0.0,0.0,0.0,0.24626301810477078,0.023982672572854222,0.0,0.0,1.0,0.0,1.0,0.0,5
MLP,ann_deep_regressor,Neural networks,500,raw,11.857155405945244,0.8137491733720672,6.977042122634806,0.6513791050975547,10.331520484847763,0.4426609970722377,25.877621029851287,3.0990872862457612,36.30860266585618,5.904370497613066,0.605333747376454,0.2220583072373294,1.712683174729067,0.6026963712303021,1.0,0.0,0.8640000000000001,0.05458937625582472,0.9682161430982509,0.20899651712440354,0.002,0.00447213595499958,0.9980000088105637,0.00447211625398007,0.8000008810563786,0.44721162539800324,5
MLP,ann_deep_regressor,Neural networks,500,projected,4.2662996744772626e-14,1.3986169273574173e-15,2.1344110002522852e-14,1.645759057462223e-15,3.7339096507233536e-14,2.848044763833073e-15,8.426510549613265e-14,6.191374641676259e-15,1.135383808505673e-13,1.2738544031231986e-14,0.0,0.0,0.0,0.0,0.0,0.0,0.0,0.0,0.9682161430982509,0.20899651712440354,0.002,0.00447213595499958,0.9980000088105637,0.00447211625398007,0.8000008810563786,0.44721162539800324,5
MLP,ann_deep_regressor,Neural networks,5250,raw,3.4373519570062725,0.4395333800531472,2.1868261205462893,0.26178226564857826,2.9742031493792007,0.37608827443424653,7.534963894038114,0.9561978660605013,19.074282022729783,2.6131628969086593,0.05885094929598757,0.005691644995517094,0.2253756076543441,0.012243815832658426,1.0,0.0,0.667047619047619,0.049991382477337705,0.23272187121516835,0.028874936074804233,0.00038095238095238096,0.0005216405309573011,0.999703480550291,0.0004325844479740034,0.6886545778056201,0.45421367037273214,5
MLP,ann_deep_regressor,Neural networks,5250,projected,4.228481390826097e-14,9.081109445043312e-16,2.0644246814090305e-14,9.357016708235182e-16,3.758465165297855e-14,9.249577906337891e-16,8.487900093996696e-14,3.478144752486944e-15,1.4661870656992931e-13,1.7154159539005237e-14,0.0,0.0,0.0,0.0,0.0,0.0,0.0,0.0,0.23272187121516835,0.028874936074804233,0.00038095238095238096,0.0005216405309573011,0.999703480550291,0.0004325844479740034,0.6886545778056201,0.45421367037273214,5
MLP,ann_deep_regressor,Neural networks,6200,raw,3.330155931097002,0.28399166592869673,2.04649681652809,0.23912255933978227,2.8948807670455605,0.24850043331417096,7.174468490406369,0.6552149918847244,16.345712234581693,3.333578229937193,0.0495386331154677,0.0040545037007162325,0.1953664595019198,0.01617504876217503,1.0,0.0,0.6058064516129033,0.03128782830098448,0.2243133669251391,0.02699560106854046,0.0,0.0,1.0,0.0,1.0,0.0,5
MLP,ann_deep_regressor,Neural networks,6200,projected,4.243500849612627e-14,8.414702777417041e-16,2.109933682890591e-14,3.018410640202456e-16,3.786415551612521e-14,1.7763277559939598e-15,8.629486153269797e-14,5.660177846443228e-16,1.423072399332079e-13,1.2225222671078017e-14,0.0,0.0,0.0,0.0,0.0,0.0,0.0,0.0,0.2243133669251391,0.02699560106854046,0.0,0.0,1.0,0.0,1.0,0.0,5
MLP,ann_deep_regressor,Neural networks,7150,raw,3.1175067089739965,0.32670964928085555,1.9844639269227287,0.2143452826468024,2.653147166603999,0.31308843502935635,6.8536024686542785,0.6694173237224917,19.10792064380239,4.1498445319389,0.05213310382225519,0.006337529116430967,0.1949594873052452,0.014197031003851812,1.0,0.0,0.6530069930069929,0.06247773333123105,0.20504891998518754,0.01557517910277057,0.00013986013986013986,0.00031273678006990064,0.9999190806471674,0.00018094117362914372,0.8842853254492716,0.25874587828969375,5
MLP,ann_deep_regressor,Neural networks,7150,projected,4.253323266568575e-14,4.896185266218428e-16,2.1036065177011716e-14,1.1030191763831385e-16,3.766594740569651e-14,1.0760577049932846e-15,8.625335235858051e-14,4.83330309969593e-16,1.5108887646867048e-13,1.2563252732413006e-14,0.0,0.0,0.0,0.0,0.0,0.0,0.0,0.0,0.20504891998518754,0.01557517910277057,0.00013986013986013986,0.00031273678006990064,0.9999190806471674,0.00018094117362914372,0.8842853254492716,0.25874587828969375,5
MLP,ann_deep_regressor,Neural networks,8100,raw,3.049996442694356,0.3994325398018789,1.9452598315227039,0.23937783440099816,2.6106160984476277,0.32923598551561634,6.664444258596964,1.0382554548944318,17.259234031333726,5.394110044022216,0.04136110655451053,0.0041795182397894644,0.1767151927123051,0.01168183349518109,1.0,0.0,0.5619753086419752,0.05304441346961355,0.19811589234334223,0.020549159732422308,0.0001234567901234568,0.00027605777499997404,0.9999941218816405,1.3143872231739374e-05,0.9904774482575197,0.021293073015444898,5
MLP,ann_deep_regressor,Neural networks,8100,projected,4.2621663748180197e-14,7.8082074640629e-16,2.0823316068438444e-14,4.2604248888018395e-16,3.809461481773283e-14,1.1460683971090883e-15,8.585460351541085e-14,1.3394391686569387e-15,1.4480613129985157e-13,4.244275601607924e-15,0.0,0.0,0.0,0.0,0.0,0.0,0.0,0.0,0.19811589234334223,0.020549159732422308,0.0001234567901234568,0.00027605777499997404,0.9999941218816405,1.3143872231739374e-05,0.9904774482575197,0.021293073015444898,5
MLP,ann_deep_regressor,Neural networks,9050,raw,2.967526832149074,0.3578141543232465,1.946872988161617,0.3431118819332305,2.5411439103590454,0.2652378278367195,6.412885614619038,0.9444555129631796,21.142694373648702,8.278954215096858,0.04511922958570415,0.0055495818811313775,0.19002540366093026,0.027092250951945247,1.0,0.0,0.5878453038674033,0.0778035130875155,0.191597949045701,0.0221812935370739,0.0,0.0,1.0,0.0,1.0,0.0,5
MLP,ann_deep_regressor,Neural networks,9050,projected,4.245557472859464e-14,4.890418860720535e-16,2.0916817676813522e-14,5.617992675097128e-16,3.7715521186532075e-14,8.408029454245261e-16,8.496346563092378e-14,2.233732859398777e-15,1.4181756765098292e-13,5.767100110334275e-15,0.0,0.0,0.0,0.0,0.0,0.0,0.0,0.0,0.191597949045701,0.0221812935370739,0.0,0.0,1.0,0.0,1.0,0.0,5
CatBoost,catboost_regressor,Boosting,10000,raw,1.0060259587716183,0.0793398668477246,0.45368309064577445,0.027242640132672108,0.9326023124572256,0.08490007992643428,1.8279455385223635,0.13263742722450084,4.103694417350684,0.3717688270102704,0.06367402911602915,0.006436210670949581,0.28129804992144936,0.01808869576442219,1.0,0.0,0.5906,0.017437029563546654,0.24177769433288948,0.016104536032497035,0.0,0.0,1.0,0.0,1.0,0.0,5
CatBoost,catboost_regressor,Boosting,10000,projected,4.2132729569974995e-14,5.615273594325925e-16,2.0965631753600472e-14,4.693127243682926e-16,3.6947543778429504e-14,9.3690651825952e-16,8.624594758443389e-14,6.470526735102526e-16,1.4232368392517053e-13,1.7613894183773677e-14,0.0,0.0,0.0,0.0,0.0,0.0,0.0,0.0,0.24177769433288948,0.016104536032497035,0.0,0.0,1.0,0.0,1.0,0.0,5
CatBoost,catboost_regressor,Boosting,1450,raw,2.090099632375678,0.46822789612202487,1.0621189052925737,0.3237355171117103,1.8977395086708142,0.40250569089306193,3.9819196129345213,0.9161445619060036,7.87946975860161,3.838195737642101,0.025356158389231498,0.002283047569238841,0.12417801541673631,0.008603699171050784,1.0,0.0,0.4324137931034483,0.013265782111497476,0.44906611662522333,0.05831414901355838,0.000689655172413793,0.001542115846551579,0.9994260343165869,0.001283426284863585,0.8335499518102296,0.3721936226104424,5
CatBoost,catboost_regressor,Boosting,1450,projected,4.289907009163261e-14,2.291688068170123e-15,2.1420440419004812e-14,1.6867450397326585e-15,3.8449455221725614e-14,2.508838700578738e-15,8.378349930846589e-14,9.797104529362229e-15,1.2479583049000257e-13,3.912389349568458e-15,0.0,0.0,0.0,0.0,0.0,0.0,0.0,0.0,0.44906611662522333,0.05831414901355838,0.000689655172413793,0.001542115846551579,0.9994260343165869,0.001283426284863585,0.8335499518102296,0.3721936226104424,5
CatBoost,catboost_regressor,Boosting,2400,raw,1.6811280472412207,0.3259073664015737,0.8371747834245339,0.2132986021507535,1.523765588013675,0.2783941395183844,3.21657447398085,0.6465621748965443,6.084664368544677,2.1969748651065255,0.038786464760482565,0.004677413262313908,0.17024252204079152,0.026196707341896615,1.0,0.0,0.51375,0.030851627455722123,0.3678707340629034,0.037482396607295916,0.00041666666666666664,0.0009316949906249122,0.999659450702681,0.0007614913784951373,0.8365363372868572,0.3655158616776852,5
CatBoost,catboost_regressor,Boosting,2400,projected,4.225874160028171e-14,9.771670644474514e-16,2.0524539778319717e-14,8.042766716708493e-16,3.729978894696888e-14,7.7042000286464435e-16,8.577060732791738e-14,3.0644925702160076e-15,1.260322813884471e-13,4.2790307209124426e-15,0.0,0.0,0.0,0.0,0.0,0.0,0.0,0.0,0.3678707340629034,0.037482396607295916,0.00041666666666666664,0.0009316949906249122,0.999659450702681,0.0007614913784951373,0.8365363372868572,0.3655158616776852,5
CatBoost,catboost_regressor,Boosting,3350,raw,1.4510982898888727,0.1721922144315453,0.6957356198300747,0.1526869164400226,1.3411526666555993,0.14278825256610134,2.6513211306050453,0.33581833194351285,5.550350885267436,2.228606879631565,0.04760493408561326,0.0066270299804476645,0.2133427354510622,0.036369154568830525,1.0,0.0,0.526865671641791,0.03832945086088436,0.3303998755805623,0.019674581076040185,0.0005970149253731343,0.0008174963544853225,0.9997715562731084,0.00048676357172121223,0.8469427029827319,0.32613159305320855,5
CatBoost,catboost_regressor,Boosting,3350,projected,4.2439740594008087e-14,1.2999106446392191e-15,2.0507695869962408e-14,1.2444735803606678e-15,3.759910060904962e-14,1.0325883817048532e-15,8.311396032343974e-14,6.454788901687706e-15,1.3248402076306267e-13,1.7474072845700873e-14,0.0,0.0,0.0,0.0,0.0,0.0,0.0,0.0,0.3303998755805623,0.019674581076040185,0.0005970149253731343,0.0008174963544853225,0.9997715562731084,0.00048676357172121223,0.8469427029827319,0.32613159305320855,5
CatBoost,catboost_regressor,Boosting,4300,raw,1.3043603750534247,0.1516077092614609,0.5779329400303632,0.06485693623144226,1.2128825471406395,0.14773955150045076,2.3779287100157047,0.2677103523558435,4.420848864824866,0.9171222347358873,0.05311780642538512,0.007170701352329181,0.2388826004046245,0.023426643099771615,1.0,0.0,0.5446511627906977,0.02945787433259058,0.2987720542669116,0.01595416115667798,0.0004651162790697674,0.000636886694773449,0.9998437377795277,0.000265554807755071,0.8656144903938665,0.22837713466936024,5
CatBoost,catboost_regressor,Boosting,4300,projected,4.304536842734952e-14,7.482976060646613e-16,2.1019338612531877e-14,6.941041755436342e-16,3.80159977517445e-14,1.3543129270316533e-15,8.589221232769615e-14,1.6795414179820398e-15,1.373002660730398e-13,1.0100994177565258e-14,0.0,0.0,0.0,0.0,0.0,0.0,0.0,0.0,0.2987720542669116,0.01595416115667798,0.0004651162790697674,0.000636886694773449,0.9998437377795277,0.000265554807755071,0.8656144903938665,0.22837713466936024,5
CatBoost,catboost_regressor,Boosting,500,raw,4.199857950427491,1.8259522759982614,2.1087976777024178,1.3263158780703819,3.7723947288011574,1.3320771229379356,8.260846267742718,4.349018917034077,10.405275917725977,5.718919311662179,0.0034477725877280372,0.0022788354800947633,0.024463957434800263,0.022463435431421003,1.0,0.0,0.128,0.03114482300479488,0.777939091931209,0.09661071183533897,0.002,0.00447213595499958,0.9988061170955206,0.0026696033315910532,0.8806117095520497,0.26696033315910583,5
CatBoost,catboost_regressor,Boosting,500,projected,4.277027344430315e-14,3.008990675684965e-15,2.1897411445542545e-14,2.265656570887837e-15,3.750213685276901e-14,2.69885007984968e-15,8.639782148389079e-14,7.732867588478212e-15,1.1654143670551685e-13,1.1924461475726879e-14,0.0,0.0,0.0,0.0,0.0,0.0,0.0,0.0,0.777939091931209,0.09661071183533897,0.002,0.00447213595499958,0.9988061170955206,0.0026696033315910532,0.8806117095520497,0.26696033315910583,5
CatBoost,catboost_regressor,Boosting,5250,raw,1.2235523566367585,0.12703360543174916,0.5653975910227199,0.06845656566653235,1.130691396118617,0.121516194690509,2.2495784293537584,0.23066083639766505,4.968100820946168,1.6257881285277245,0.05649751993383915,0.007668325823125124,0.24814950809070152,0.03132302715827843,1.0,0.0,0.564952380952381,0.0233517905619458,0.2854113822367605,0.021591292437859445,0.00019047619047619048,0.0004259177099999599,0.999879257413863,0.0002699886303812931,0.8732202845562268,0.28348806190035686,5
CatBoost,catboost_regressor,Boosting,5250,projected,4.1902357153262334e-14,6.148734543185656e-16,2.0955962649212893e-14,2.883184688312228e-16,3.6594394537171214e-14,8.010861847696269e-16,8.628690930464304e-14,6.638756690966181e-16,1.403574382895741e-13,1.1837970555833919e-14,0.0,0.0,0.0,0.0,0.0,0.0,0.0,0.0,0.2854113822367605,0.021591292437859445,0.00019047619047619048,0.0004259177099999599,0.999879257413863,0.0002699886303812931,0.8732202845562268,0.28348806190035686,5
CatBoost,catboost_regressor,Boosting,6200,raw,1.1660402241486987,0.1108685692891412,0.5383611371402868,0.0543056231213623,1.0781161723162462,0.10871201200834865,2.1412111194941024,0.1664886071760511,4.482218302921156,1.1889902025009254,0.058273825854415616,0.007613242006011408,0.25643376515412375,0.02897908818498109,1.0,0.0,0.577258064516129,0.026725081268024586,0.27578352717128424,0.020972305457836064,0.0003225806451612903,0.00044171173992352107,0.9998920238086523,0.00023944839200326008,0.8661095227287617,0.2969160060841342,5
CatBoost,catboost_regressor,Boosting,6200,projected,4.203638327816116e-14,6.912031817433063e-16,2.075501454693563e-14,3.7097233286769873e-16,3.7488164287166185e-14,1.1473312981047603e-15,8.516270122493562e-14,1.9506327647498512e-15,1.4034787775394506e-13,1.2017859030412025e-14,0.0,0.0,0.0,0.0,0.0,0.0,0.0,0.0,0.27578352717128424,0.020972305457836064,0.0003225806451612903,0.00044171173992352107,0.9998920238086523,0.00023944839200326008,0.8661095227287617,0.2969160060841342,5
CatBoost,catboost_regressor,Boosting,7150,raw,1.1196426655756215,0.10297848390525073,0.509323524876098,0.03966906266899912,1.0415468024864836,0.10650815936295258,2.053595199937859,0.17349089336741633,3.942130888351005,0.5298527638900852,0.06134031016103415,0.0069119429082252415,0.2693305201774874,0.03787504939302026,1.0,0.0,0.5904895104895105,0.01632983179716023,0.2659430924042191,0.020308040207483648,0.00013986013986013986,0.00031273678006990064,0.999904872012471,0.00021271264667753408,0.8639669778335831,0.30417908474884375,5
CatBoost,catboost_regressor,Boosting,7150,projected,4.2399436198767163e-14,5.7811086230653e-16,2.0757376413942107e-14,4.70225670651296e-16,3.737221772813915e-14,1.0370229615953395e-15,8.637856429555589e-14,6.123819635755953e-16,1.3980003365128852e-13,1.0822210581104654e-14,0.0,0.0,0.0,0.0,0.0,0.0,0.0,0.0,0.2659430924042191,0.020308040207483648,0.00013986013986013986,0.00031273678006990064,0.999904872012471,0.00021271264667753408,0.8639669778335831,0.30417908474884375,5
CatBoost,catboost_regressor,Boosting,8100,raw,1.07246902571176,0.07790130057034263,0.48674237475489346,0.028012550271026636,0.9973714345039049,0.08177071903337454,1.9765065768649097,0.1567593500094301,4.1126296647648735,0.49048311215368534,0.06279824597141195,0.007314739049031641,0.27830361688915356,0.03720915643123577,1.0,0.0,0.585925925925926,0.013256523156094943,0.255929075319231,0.016206033061804462,0.0,0.0,1.0,0.0,1.0,0.0,5
CatBoost,catboost_regressor,Boosting,8100,projected,4.216949511841027e-14,6.021545364196418e-16,2.0432645309530826e-14,4.2134167698870055e-16,3.7295044558392363e-14,1.11186001827363e-15,8.513308462277207e-14,1.4640545665521832e-15,1.4463052152808506e-13,2.112343981222753e-14,0.0,0.0,0.0,0.0,0.0,0.0,0.0,0.0,0.255929075319231,0.016206033061804462,0.0,0.0,1.0,0.0,1.0,0.0,5
CatBoost,catboost_regressor,Boosting,9050,raw,1.0455248039027254,0.08436376066471526,0.4664858134259376,0.03385521618928357,0.9711268942706159,0.08260618800761013,1.9074464567603637,0.14762687406817007,3.8973371936631134,0.2963954593099538,0.0632603440964894,0.0065325412745654635,0.27544450558447736,0.02958943227529709,1.0,0.0,0.5859668508287292,0.016778669882052538,0.25220381088094096,0.020053641771105267,0.00011049723756906079,0.0002470793345303635,0.9999257164034663,0.00016610317146246865,0.865546690274036,0.3006467403470893,5
CatBoost,catboost_regressor,Boosting,9050,projected,4.263176987112868e-14,4.000329773109868e-16,2.1035907323464383e-14,2.9860453088107173e-16,3.769580939752483e-14,8.315788225946194e-16,8.623653043790536e-14,3.805971158030111e-16,1.5072827574317674e-13,9.389013311501381e-15,0.0,0.0,0.0,0.0,0.0,0.0,0.0,0.0,0.25220381088094096,0.020053641771105267,0.00011049723756906079,0.0002470793345303635,0.9999257164034663,0.00016610317146246865,0.865546690274036,0.3006467403470893,5
Extra Trees,extra_trees_regressor,Randomized tree ensembles,10000,raw,24.133792323422888,0.8605316327943715,15.30463730940777,0.348823369474697,20.81710940859832,1.1052227735903826,52.74693568838278,1.111979869117464,75.77983435831868,6.010987796644146,0.0,0.0,0.0,0.0,1.0,0.0,0.0,0.0,1.5277039491290023,0.02124737380432082,0.008799999999999999,0.0005700877125495683,0.9959339652032725,0.0003117979002693081,0.08255261462221428,0.08859406296824399,5
Extra Trees,extra_trees_regressor,Randomized tree ensembles,10000,projected,4.2199252239762725e-14,3.585276800254364e-16,2.0868460031506925e-14,5.408973401578726e-16,3.745990628793397e-14,6.58710784248129e-16,8.643388422554225e-14,4.91177731531031e-16,1.5791387946755114e-13,1.3025484363747778e-14,0.0,0.0,0.0,0.0,0.0,0.0,0.0,0.0,1.5277039491290023,0.02124737380432082,0.008799999999999999,0.0005700877125495683,0.9959339652032725,0.0003117979002693081,0.08255261462221428,0.08859406296824399,5
Extra Trees,extra_trees_regressor,Randomized tree ensembles,1450,raw,32.574371104102525,1.1360079394428948,17.504996833906088,0.5990920336434845,29.65324271940126,1.0989739795846847,64.3164830729543,2.4084769153629,79.0194507751535,8.985147601258923,0.0,0.0,0.0,0.0,1.0,0.0,0.0,0.0,1.786328959147007,0.08951773356312179,0.013103448275862068,0.00747568392713062,0.9936290633978138,0.001920765731348377,0.21189258473528289,0.2051476464485433,5
Extra Trees,extra_trees_regressor,Randomized tree ensembles,1450,projected,4.1741602734456945e-14,1.2196808366448641e-15,2.0307195154140437e-14,1.0839134268964442e-15,3.656449719891333e-14,1.4447618736618114e-15,8.038431666179062e-14,6.695154229013435e-15,1.2586102833507623e-13,1.7812041267754607e-14,0.0,0.0,0.0,0.0,0.0,0.0,0.0,0.0,1.786328959147007,0.08951773356312179,0.013103448275862068,0.00747568392713062,0.9936290633978138,0.001920765731348377,0.21189258473528289,0.2051476464485433,5
Extra Trees,extra_trees_regressor,Randomized tree ensembles,2400,raw,30.563312810552656,1.1892454484340949,16.9682353603455,0.7192486849744076,27.401361449505494,1.613300591109202,61.03065749179441,2.5633834155154656,76.72020051456516,4.668610083945476,0.0,0.0,0.0,0.0,1.0,0.0,0.0,0.0,1.7303734685439491,0.1134135977339713,0.012916666666666665,0.005392574627310326,0.9938839929699441,0.002172985162449994,0.10433974134489514,0.08711265394393637,5
Extra Trees,extra_trees_regressor,Randomized tree ensembles,2400,projected,4.2819561373076207e-14,9.937208329146868e-16,2.157631014867407e-14,1.0135905649170101e-15,3.750012178328728e-14,1.5024459817164066e-15,8.762195026722677e-14,2.8478826483156565e-15,1.4331475873054963e-13,1.888489665412112e-14,0.0,0.0,0.0,0.0,0.0,0.0,0.0,0.0,1.7303734685439491,0.1134135977339713,0.012916666666666665,0.005392574627310326,0.9938839929699441,0.002172985162449994,0.10433974134489514,0.08711265394393637,5
Extra Trees,extra_trees_regressor,Randomized tree ensembles,3350,raw,28.746196446152574,0.8965206686401562,16.46796712892282,0.5259892240775226,25.44231527061883,0.925079108467471,58.53465313494662,1.930894584255013,73.80183192237922,1.5767332506685257,0.0,0.0,0.0,0.0,1.0,0.0,0.0,0.0,1.6931871721197012,0.07434937384279078,0.012238805970149255,0.0038633370464312786,0.9941683806660043,0.0013417488825600813,0.10436005511622379,0.09040026089323663,5
Extra Trees,extra_trees_regressor,Randomized tree ensembles,3350,projected,4.256629389782435e-14,4.5122702556295755e-16,2.1691010311025705e-14,4.0458757522087763e-16,3.72727695447824e-14,9.709345352320546e-16,8.754169241156693e-14,1.019634584148694e-15,1.3913799316282054e-13,8.10748684615713e-15,0.0,0.0,0.0,0.0,0.0,0.0,0.0,0.0,1.6931871721197012,0.07434937384279078,0.012238805970149255,0.0038633370464312786,0.9941683806660043,0.0013417488825600813,0.10436005511622379,0.09040026089323663,5
Extra Trees,extra_trees_regressor,Randomized tree ensembles,4300,raw,27.750755166173224,0.8524384034991821,16.329182060292162,0.32812370677229064,24.30165193614787,1.2253413908119168,57.395977007747476,1.0488034960090566,77.79598151908037,6.729342864352493,0.0,0.0,0.0,0.0,1.0,0.0,0.0,0.0,1.652971497346731,0.0542090603903585,0.010930232558139536,0.003640110661046169,0.9947228719122638,0.001217262476758726,0.10820698971651213,0.09400202611805472,5
Extra Trees,extra_trees_regressor,Randomized tree ensembles,4300,projected,4.2356665607697196e-14,1.0058615767803359e-15,2.1437063512276875e-14,9.23815311645125e-16,3.723723234291635e-14,8.103673725279869e-16,8.600784108278211e-14,2.496453582019078e-15,1.359543774192425e-13,1.3725969523856167e-14,0.0,0.0,0.0,0.0,0.0,0.0,0.0,0.0,1.652971497346731,0.0542090603903585,0.010930232558139536,0.003640110661046169,0.9947228719122638,0.001217262476758726,0.10820698971651213,0.09400202611805472,5
Extra Trees,extra_trees_regressor,Randomized tree ensembles,500,raw,37.516323135846065,2.1964893543088007,18.328281256519777,0.7186003323404812,35.60423270483143,2.529783769175445,69.37924069156112,3.2833456983889704,79.39751176572078,2.769614447257868,0.0,0.0,0.0,0.0,1.0,0.0,0.0,0.0,2.065541705321067,0.23367960208473548,0.02,0.012247448713915891,0.9906027471714747,0.0058423413748193796,0.36142055301474413,0.3080752739846223,5
Extra Trees,extra_trees_regressor,Randomized tree ensembles,500,projected,4.198912009892287e-14,1.233226216185505e-15,2.116114014577208e-14,1.901965023037693e-15,3.675942998853874e-14,2.2730930142963387e-15,7.958914834845856e-14,8.821786795032403e-15,1.2302784898262253e-13,1.905651435638934e-14,0.0,0.0,0.0,0.0,0.0,0.0,0.0,0.0,2.065541705321067,0.23367960208473548,0.02,0.012247448713915891,0.9906027471714747,0.0058423413748193796,0.36142055301474413,0.3080752739846223,5
Extra Trees,extra_trees_regressor,Randomized tree ensembles,5250,raw,26.95555705302297,1.010182597871294,16.247782796749213,0.4553231511477831,23.47682358570201,1.5167041951175744,57.07645516398718,1.306085433294557,74.66871795051802,4.228992556466779,0.0,0.0,0.0,0.0,1.0,0.0,0.0,0.0,1.6193387954837353,0.06053622813043159,0.010095238095238096,0.00366388267841359,0.9952924202216795,0.000931322984111369,0.09159227087021285,0.09897860858931529,5
Extra Trees,extra_trees_regressor,Randomized tree ensembles,5250,projected,4.2404114732787585e-14,5.936463852658977e-16,2.1415607077156817e-14,3.2861971195859826e-16,3.726246217742099e-14,9.325624826359981e-16,8.652704450636095e-14,8.396156523097395e-16,1.412077043635002e-13,7.469687359544931e-15,0.0,0.0,0.0,0.0,0.0,0.0,0.0,0.0,1.6193387954837353,0.06053622813043159,0.010095238095238096,0.00366388267841359,0.9952924202216795,0.000931322984111369,0.09159227087021285,0.09897860858931529,5
Extra Trees,extra_trees_regressor,Randomized tree ensembles,6200,raw,26.06780205548183,1.235100116405136,15.914665815139523,0.3522816213877238,22.78872272907766,1.545630533194748,55.64810090969636,1.4302437901052614,74.43122605599508,5.473328575143789,0.0,0.0,0.0,0.0,1.0,0.0,0.0,0.0,1.5997408819726742,0.04562042180583507,0.01,0.002392322092611504,0.9951676237827719,0.0007861286053036704,0.08095096339201921,0.08208557079560755,5
Extra Trees,extra_trees_regressor,Randomized tree ensembles,6200,projected,4.24100675560071e-14,6.422164519416207e-16,2.0972304317019487e-14,3.639614824548139e-16,3.7604234694281973e-14,1.1612327872404427e-15,8.645060173419347e-14,9.96019760514506e-16,1.5007778756276295e-13,1.6148966580555376e-14,0.0,0.0,0.0,0.0,0.0,0.0,0.0,0.0,1.5997408819726742,0.04562042180583507,0.01,0.002392322092611504,0.9951676237827719,0.0007861286053036704,0.08095096339201921,0.08208557079560755,5
Extra Trees,extra_trees_regressor,Randomized tree ensembles,7150,raw,25.653927904970722,1.1106796239898689,15.763733191344675,0.3860160918366671,22.16883407071482,1.3914900540582638,54.97402645963334,1.441403694178509,74.0711986389479,2.5168832829888212,0.0,0.0,0.0,0.0,1.0,0.0,0.0,0.0,1.576967821594767,0.04153769664844776,0.008811188811188812,0.0019530405655620896,0.995685488370586,0.000776178113750286,0.06881597680126372,0.057700627947096954,5
Extra Trees,extra_trees_regressor,Randomized tree ensembles,7150,projected,4.1855448063640814e-14,6.637903900660397e-16,2.0752748393281714e-14,4.9405183920066635e-16,3.651169662645786e-14,8.245364383393135e-16,8.535547470073103e-14,1.791221678661658e-15,1.4278484358940998e-13,1.728410766219118e-14,0.0,0.0,0.0,0.0,0.0,0.0,0.0,0.0,1.576967821594767,0.04153769664844776,0.008811188811188812,0.0019530405655620896,0.995685488370586,0.000776178113750286,0.06881597680126372,0.057700627947096954,5
Extra Trees,extra_trees_regressor,Randomized tree ensembles,8100,raw,25.014328556407534,1.0028451658858635,15.581580693964614,0.4331834337645917,21.776834404836926,1.2752656249085517,54.007762605227654,1.4084662093002607,73.23321936319712,2.4364823725582667,0.0,0.0,0.0,0.0,1.0,0.0,0.0,0.0,1.555071817502025,0.03505936088161615,0.009012345679012346,0.0014210943744717703,0.9960607607074852,0.0004941446088461847,0.08141402180965067,0.09048420933754156,5
Extra Trees,extra_trees_regressor,Randomized tree ensembles,8100,projected,4.2230460780887395e-14,3.9763976160437454e-16,2.0941290583850886e-14,5.244519260857597e-16,3.705727451968726e-14,7.254661210324226e-16,8.634191488496992e-14,1.2087280340422812e-15,1.4054212593119917e-13,9.28891533955961e-15,0.0,0.0,0.0,0.0,0.0,0.0,0.0,0.0,1.555071817502025,0.03505936088161615,0.009012345679012346,0.0014210943744717703,0.9960607607074852,0.0004941446088461847,0.08141402180965067,0.09048420933754156,5
Extra Trees,extra_trees_regressor,Randomized tree ensembles,9050,raw,24.47196660708186,1.050402972134634,15.362125937045642,0.4243781414692669,21.19934544157265,1.3611867013238739,52.92849439033548,1.3832872597072379,76.59522983964638,10.116740373639129,0.0,0.0,0.0,0.0,1.0,0.0,0.0,0.0,1.539728892463009,0.02905742768974903,0.008729281767955802,0.0004622431085823621,0.9961059649489472,0.00024447840630458526,0.08360208465862509,0.08422328028829715,5
Extra Trees,extra_trees_regressor,Randomized tree ensembles,9050,projected,4.2529448190231114e-14,4.753293359316416e-16,2.0803900500552977e-14,4.678688940849238e-16,3.761161185730183e-14,8.433368807470485e-16,8.546505855852215e-14,2.0244877545912603e-15,1.345263486819347e-13,1.1738916824867053e-14,0.0,0.0,0.0,0.0,0.0,0.0,0.0,0.0,1.539728892463009,0.02905742768974903,0.008729281767955802,0.0004622431085823621,0.9961059649489472,0.00024447840630458526,0.08360208465862509,0.08422328028829715,5
k-NN,knn_regressor,Instance based,10000,raw,23.997821382321938,0.33531947417407826,12.151969186394393,0.1265580814729463,22.201912993422656,0.3034402197078275,46.177469105659384,0.6765595315384139,66.1693432627742,2.739469903106838,0.0,0.0,0.0,0.0,1.0,0.0,0.0,0.0,1.1916732600155036,0.01794880811418686,0.0025,0.0005,0.998713834874701,0.00042704305827444473,0.22035387793483435,0.2384856042155198,5
k-NN,knn_regressor,Instance based,10000,projected,4.218027786335457e-14,5.232882759050689e-16,2.093375231924503e-14,4.972457552854435e-16,3.698709849905493e-14,8.427605290515013e-16,8.575367565487349e-14,1.4005354626792516e-15,1.4967038170659792e-13,8.491632240678359e-15,0.0,0.0,0.0,0.0,0.0,0.0,0.0,0.0,1.1916732600155036,0.01794880811418686,0.0025,0.0005,0.998713834874701,0.00042704305827444473,0.22035387793483435,0.2384856042155198,5
k-NN,knn_regressor,Instance based,1450,raw,28.55864142216196,1.0414170235466969,13.695980221561664,0.434330368177857,26.79063054204925,1.2127701878683639,53.25956196959093,1.43351898002147,68.57781022126314,5.379468159667883,0.0,0.0,0.0,0.0,1.0,0.0,0.0,0.0,1.4269646837144934,0.06854394389139519,0.002758620689655172,0.001542115846551579,0.9984738966591618,0.0012550717544157995,0.5574300311568839,0.36397080878057264,5
k-NN,knn_regressor,Instance based,1450,projected,4.265127021547335e-14,4.4212072641858534e-16,2.1113118124613007e-14,1.0502918201878885e-15,3.7756132448963016e-14,1.3744824062499043e-15,8.525109612704462e-14,4.5704847521444994e-15,1.2191478455299024e-13,3.79910124986369e-15,0.0,0.0,0.0,0.0,0.0,0.0,0.0,0.0,1.4269646837144934,0.06854394389139519,0.002758620689655172,0.001542115846551579,0.9984738966591618,0.0012550717544157995,0.5574300311568839,0.36397080878057264,5
k-NN,knn_regressor,Instance based,2400,raw,27.429065740716748,0.554470596553181,13.309069537200159,0.21233731643586715,26.096661928302105,0.5612483633422859,51.900064416869455,0.7425986142266406,67.83260329815134,1.630194308771964,0.0,0.0,0.0,0.0,1.0,0.0,0.0,0.0,1.3613343093612555,0.0771191063225135,0.00375,0.0034232659844072883,0.9982141424518526,0.0016890585423784644,0.46506674523286823,0.35188975065104444,5
k-NN,knn_regressor,Instance based,2400,projected,4.2231305458817077e-14,1.2228866201781556e-15,2.1117389739934508e-14,1.2405408984705566e-15,3.723802022601883e-14,1.0479929330371478e-15,8.478584844482994e-14,4.639735865051232e-15,1.3321185947387922e-13,1.9358575722512976e-14,0.0,0.0,0.0,0.0,0.0,0.0,0.0,0.0,1.3613343093612555,0.0771191063225135,0.00375,0.0034232659844072883,0.9982141424518526,0.0016890585423784644,0.46506674523286823,0.35188975065104444,5
k-NN,knn_regressor,Instance based,3350,raw,26.683124565529273,0.41353295978410165,13.044214597933472,0.22464978222838644,25.211790002084058,0.7493356913084408,50.162382712610935,0.7164926586673486,68.57475546512333,4.318351025113512,0.0,0.0,0.0,0.0,1.0,0.0,0.0,0.0,1.307285906288636,0.04886984131858605,0.003880597014925373,0.0022635449086721043,0.9984662927704454,0.001114305130312255,0.34601670819329217,0.23675056865180516,5
k-NN,knn_regressor,Instance based,3350,projected,4.2380703799971334e-14,7.259558582581636e-16,2.0974944034944415e-14,6.927928937927777e-16,3.784890873442973e-14,9.06251638423592e-16,8.537197273210244e-14,2.5716156916409925e-15,1.4130751212763227e-13,1.966448849379552e-14,0.0,0.0,0.0,0.0,0.0,0.0,0.0,0.0,1.307285906288636,0.04886984131858605,0.003880597014925373,0.0022635449086721043,0.9984662927704454,0.001114305130312255,0.34601670819329217,0.23675056865180516,5
k-NN,knn_regressor,Instance based,4300,raw,26.10576228121347,0.36862391176864157,12.846320620380235,0.16123179239584445,24.38935238044985,0.5173663417752373,49.108049770155795,0.5920673037303364,69.11550366948492,4.074078297140126,0.0,0.0,0.0,0.0,1.0,0.0,0.0,0.0,1.2744252418489357,0.03026947062668936,0.0030232558139534882,0.000636886694773449,0.9985718223365039,0.0005786929389720505,0.30224279607867033,0.18233593829025618,5
k-NN,knn_regressor,Instance based,4300,projected,4.2266071875169104e-14,1.1260638910324713e-15,2.0810414985016773e-14,6.677841952585106e-16,3.76088401353706e-14,1.748547159575075e-15,8.568098124382203e-14,1.5634425732642149e-15,1.3977534328079194e-13,1.5561034967907313e-14,0.0,0.0,0.0,0.0,0.0,0.0,0.0,0.0,1.2744252418489357,0.03026947062668936,0.0030232558139534882,0.000636886694773449,0.9985718223365039,0.0005786929389720505,0.30224279607867033,0.18233593829025618,5
k-NN,knn_regressor,Instance based,500,raw,32.31429225498187,1.3916742055528235,14.472318750202092,1.256374781704887,30.752801508992178,2.1472600828301847,57.336532024105985,2.961334875792323,66.23423988481542,4.483204889029134,0.0,0.0,0.0,0.0,1.0,0.0,0.0,0.0,1.6285952986702852,0.059680832113390626,0.01,0.007071067811865475,0.9959633051060862,0.004286220737559126,0.6027949057348223,0.4330494540381593,5
k-NN,knn_regressor,Instance based,500,projected,4.1393755783371916e-14,4.3243133050706087e-16,2.149070675645712e-14,1.5550387848807218e-15,3.589868428718565e-14,1.2195655761724952e-15,8.393071985477177e-14,4.796702598083387e-15,1.186747079657582e-13,1.8509960962033837e-14,0.0,0.0,0.0,0.0,0.0,0.0,0.0,0.0,1.6285952986702852,0.059680832113390626,0.01,0.007071067811865475,0.9959633051060862,0.004286220737559126,0.6027949057348223,0.4330494540381593,5
k-NN,knn_regressor,Instance based,5250,raw,25.466222896448482,0.2877269197762857,12.827376186778793,0.24388820097291528,23.488384827444953,0.05287079886543798,48.662626024134084,0.7237863912007229,71.13289874898601,2.9631283693564687,0.0,0.0,0.0,0.0,1.0,0.0,0.0,0.0,1.2567927827007483,0.024727597626977023,0.003428571428571429,0.0008518354199999199,0.9984167106754883,0.0005268529091557376,0.24828736207702212,0.21201072888520583,5
k-NN,knn_regressor,Instance based,5250,projected,4.280359506847637e-14,4.891189807600455e-16,2.1042290409733725e-14,4.1843081877171653e-16,3.777908207563015e-14,9.101053317336169e-16,8.685104236691418e-14,7.815105755517382e-16,1.3740639889286586e-13,7.167567223770957e-15,0.0,0.0,0.0,0.0,0.0,0.0,0.0,0.0,1.2567927827007483,0.024727597626977023,0.003428571428571429,0.0008518354199999199,0.9984167106754883,0.0005268529091557376,0.24828736207702212,0.21201072888520583,5
k-NN,knn_regressor,Instance based,6200,raw,25.10985341076508,0.44501596586088676,12.573486011409454,0.11315420554976383,23.285062494060984,0.4635959484921531,47.707538222556074,0.5579104131611966,67.41500559580943,3.475115049310127,0.0,0.0,0.0,0.0,1.0,0.0,0.0,0.0,1.2417928590847471,0.02338281179947456,0.003064516129032258,0.001196161046305752,0.9985661854373987,0.0009020680136625435,0.2725100299457661,0.2275131422769444,5
k-NN,knn_regressor,Instance based,6200,projected,4.2110661319451985e-14,1.1073971212403752e-15,2.1003192078625096e-14,8.588491564217613e-16,3.676019828085077e-14,9.966125786674981e-16,8.474237625079702e-14,3.3806143347605913e-15,1.4564875207123857e-13,1.033016920820436e-14,0.0,0.0,0.0,0.0,0.0,0.0,0.0,0.0,1.2417928590847471,0.02338281179947456,0.003064516129032258,0.001196161046305752,0.9985661854373987,0.0009020680136625435,0.2725100299457661,0.2275131422769444,5
k-NN,knn_regressor,Instance based,7150,raw,24.778609367066444,0.3603014780764299,12.533364657801545,0.10065719188211292,22.97811361711073,0.46888302385367575,47.548136755739705,0.9830738691666459,69.66316993245164,4.262336323899033,0.0,0.0,0.0,0.0,1.0,0.0,0.0,0.0,1.219702100640367,0.017602619547993727,0.0022377622377622378,0.0009117765601682026,0.9988086019106847,0.0007216563072113837,0.2777987173535892,0.2279542471292775,5
k-NN,knn_regressor,Instance based,7150,projected,4.194638861614298e-14,6.290785773244947e-16,2.0644493479453373e-14,3.9812613696727866e-16,3.686842073688743e-14,1.0088373101829019e-15,8.544411322117327e-14,9.444360937002283e-16,1.4227841624184204e-13,6.569041065791585e-15,0.0,0.0,0.0,0.0,0.0,0.0,0.0,0.0,1.219702100640367,0.017602619547993727,0.0022377622377622378,0.0009117765601682026,0.9988086019106847,0.0007216563072113837,0.2777987173535892,0.2279542471292775,5
k-NN,knn_regressor,Instance based,8100,raw,24.370462383355665,0.30501596404752773,12.324481564308538,0.12845327454629737,22.57763246442338,0.38592723140814245,46.80454374124139,0.9489914245147558,68.70556719623016,3.3221990756487383,0.0,0.0,0.0,0.0,1.0,0.0,0.0,0.0,1.2107425011033286,0.019405305256724244,0.0025925925925925925,0.0005164568065025157,0.9988073961538231,0.0005033669149152497,0.2200332849386193,0.2364711930142163,5
k-NN,knn_regressor,Instance based,8100,projected,4.2219012860202176e-14,8.190176322654649e-16,2.1135680558764947e-14,7.409726082861314e-16,3.6854787384638636e-14,6.117748954710844e-16,8.685782824074997e-14,1.2738003279325617e-15,1.5503494939644048e-13,7.848061750266007e-15,0.0,0.0,0.0,0.0,0.0,0.0,0.0,0.0,1.2107425011033286,0.019405305256724244,0.0025925925925925925,0.0005164568065025157,0.9988073961538231,0.0005033669149152497,0.2200332849386193,0.2364711930142163,5
k-NN,knn_regressor,Instance based,9050,raw,24.20260213438819,0.34462842306299807,12.2074177348284,0.17895607491360918,22.43186069134938,0.39465548808839385,46.267695762302196,0.7857901417387568,69.20253052707292,3.4901482515238813,0.0,0.0,0.0,0.0,1.0,0.0,0.0,0.0,1.2023755875159745,0.018672169493287708,0.002430939226519337,0.0003026091477929094,0.9987633974471388,0.000509412101929494,0.2126616434915837,0.24224073307039146,5
k-NN,knn_regressor,Instance based,9050,projected,4.2490994228806494e-14,6.1413720505530385e-16,2.102304278827541e-14,4.870259092854024e-16,3.717890348294861e-14,9.119230099120192e-16,8.622764531957088e-14,2.0590486517814365e-15,1.4195342380760872e-13,1.2651031890526993e-14,0.0,0.0,0.0,0.0,0.0,0.0,0.0,0.0,1.2023755875159745,0.018672169493287708,0.002430939226519337,0.0003026091477929094,0.9987633974471388,0.000509412101929494,0.2126616434915837,0.24224073307039146,5
LightGBM,lightgbm_regressor,Boosting,10000,raw,1.2486611632929228,0.02715997585154528,0.654925988490359,0.01826601814560349,1.1198212083054147,0.026095670430415368,2.4826567995867705,0.068927396095631,5.582541477228345,0.6407865419454526,0.03062740078759425,0.007987223271032816,0.16123751034780764,0.03977405830148248,1.0,0.0,0.3895,0.027438567746877755,0.3011310011137579,0.007437679890161835,0.0,0.0,1.0,0.0,1.0,0.0,5
LightGBM,lightgbm_regressor,Boosting,10000,projected,4.279290857441387e-14,5.827869938754549e-16,2.124238346878614e-14,2.699379536722265e-16,3.804888248590259e-14,1.404327201113631e-15,8.692537452003078e-14,8.527348210144555e-16,1.4771730913944233e-13,7.627644788206612e-15,0.0,0.0,0.0,0.0,0.0,0.0,0.0,0.0,0.3011310011137579,0.007437679890161835,0.0,0.0,1.0,0.0,1.0,0.0,5
LightGBM,lightgbm_regressor,Boosting,1450,raw,1.9979801053594375,0.15532953543055297,0.9651077910830086,0.088672188567689,1.8244109683161902,0.14571197768392063,3.7288010745070537,0.4192842005077986,6.227369421884412,0.4998736333916199,0.023399753813999783,0.01255016855961307,0.11855415397210874,0.06533327058920799,1.0,0.0,0.4020689655172414,0.09861104365655239,0.46588508876675994,0.058918709214785786,0.000689655172413793,0.001542115846551579,0.9996562678280723,0.0007686085024839208,0.9003176701409734,0.22289646572034044,5
LightGBM,lightgbm_regressor,Boosting,1450,projected,4.2501567132093185e-14,1.213631181953873e-15,2.1047008523621072e-14,1.7068134488309357e-15,3.75591542054542e-14,1.1937474969219071e-15,8.352289851831918e-14,8.442736318752728e-15,1.3425638763556408e-13,2.0996541359795676e-14,0.0,0.0,0.0,0.0,0.0,0.0,0.0,0.0,0.46588508876675994,0.058918709214785786,0.000689655172413793,0.001542115846551579,0.9996562678280723,0.0007686085024839208,0.9003176701409734,0.22289646572034044,5
LightGBM,lightgbm_regressor,Boosting,2400,raw,1.7119563257511743,0.08676356715787627,0.8602993942266846,0.0461774543899377,1.5539048103978157,0.06848389404031988,3.2980586099011333,0.21743423661810216,5.963236230087938,0.6924202405526358,0.02447731236967892,0.009932515333139937,0.12693453346837208,0.044602855776185224,1.0,0.0,0.3745833333333334,0.08581462174685357,0.39769994939197706,0.03197281789861678,0.00041666666666666664,0.0009316949906249122,0.9999770112002715,5.140451891407909e-05,0.988965376130316,0.024674169078755186,5
LightGBM,lightgbm_regressor,Boosting,2400,projected,4.231831764456079e-14,1.547463508240101e-15,2.0746770884709134e-14,1.5864173609503042e-15,3.692704597650986e-14,1.6059983251479784e-15,8.396905917189037e-14,6.706425846159089e-15,1.3212409089824212e-13,1.1472238807356109e-14,0.0,0.0,0.0,0.0,0.0,0.0,0.0,0.0,0.39769994939197706,0.03197281789861678,0.00041666666666666664,0.0009316949906249122,0.9999770112002715,5.140451891407909e-05,0.988965376130316,0.024674169078755186,5
LightGBM,lightgbm_regressor,Boosting,3350,raw,1.5665854780880395,0.057667485354446484,0.8033866526548181,0.02301905585934589,1.4020918165444871,0.07679691054889179,3.056494517442083,0.09929641761615514,6.212505539632895,0.505847268570393,0.024280112320852896,0.009742285660875498,0.12667855042630363,0.05189110934996237,1.0,0.0,0.3698507462686567,0.05346534490086712,0.360660655760472,0.01714051737741704,0.0,0.0,1.0,0.0,1.0,0.0,5
LightGBM,lightgbm_regressor,Boosting,3350,projected,4.237464120969845e-14,8.43336573568306e-16,2.096853154070837e-14,8.632245979385341e-16,3.693389417242558e-14,8.350526091666374e-16,8.696351460931165e-14,1.4747770542540516e-15,1.2404168844226586e-13,1.2133321238667938e-14,0.0,0.0,0.0,0.0,0.0,0.0,0.0,0.0,0.360660655760472,0.01714051737741704,0.0,0.0,1.0,0.0,1.0,0.0,5
LightGBM,lightgbm_regressor,Boosting,4300,raw,1.4675003566983236,0.02851689228431083,0.7579480741193672,0.01868377004036583,1.31699211798865,0.02373169448024082,2.8655178129418877,0.07379081261517206,5.703926029716039,0.31268134312304974,0.024911427023109896,0.00907818675870026,0.1330644398679553,0.042740835048464605,1.0,0.0,0.36767441860465117,0.05381221480176486,0.34400746395445214,0.007746199267806741,0.0,0.0,1.0,0.0,1.0,0.0,5
LightGBM,lightgbm_regressor,Boosting,4300,projected,4.240146295345902e-14,9.10059403083384e-16,2.097506397320452e-14,3.54659035770696e-16,3.7478510164965606e-14,1.7224607489012527e-15,8.679520408817224e-14,7.869692269757218e-16,1.2903645631783494e-13,8.710914705242534e-15,0.0,0.0,0.0,0.0,0.0,0.0,0.0,0.0,0.34400746395445214,0.007746199267806741,0.0,0.0,1.0,0.0,1.0,0.0,5
LightGBM,lightgbm_regressor,Boosting,500,raw,2.785342603311053,0.22209714091381605,1.208738552871092,0.11794354487508509,2.601330240968582,0.25608677691293086,4.828342413224501,0.5174928159125438,6.9860004878513635,1.045311158890691,0.04411225596947749,0.026356761045090136,0.2318768948436559,0.12972228477331407,1.0,0.0,0.44000000000000006,0.08803408430829505,0.6193998504532257,0.06794715601110483,0.0,0.0,1.0,0.0,1.0,0.0,5
LightGBM,lightgbm_regressor,Boosting,500,projected,4.31402325279108e-14,2.0594652985863683e-15,2.086380793788134e-14,1.7654873065509912e-15,3.81917813832551e-14,3.564304751281978e-15,8.107803514412466e-14,7.843792262700684e-15,1.171228994848436e-13,1.667719313860289e-14,0.0,0.0,0.0,0.0,0.0,0.0,0.0,0.0,0.6193998504532257,0.06794715601110483,0.0,0.0,1.0,0.0,1.0,0.0,5
LightGBM,lightgbm_regressor,Boosting,5250,raw,1.3842680427182308,0.03202320038485723,0.7065292814169135,0.017139878891131558,1.2579969243589701,0.03127532861536871,2.693796083700819,0.08149525387438489,5.467550993263708,0.5255009084883966,0.02553488164720309,0.007552591822005949,0.13242886448139451,0.03813636203948031,1.0,0.0,0.36133333333333334,0.041647478575002936,0.32645829299576357,0.01155130023338444,0.00019047619047619048,0.0004259177099999599,0.9999847285082307,3.414809371372338e-05,0.9839649336423412,0.03585549839944519,5
LightGBM,lightgbm_regressor,Boosting,5250,projected,4.205486441233763e-14,5.032676807839376e-16,2.089184138983963e-14,6.111579761359862e-16,3.7247716640310306e-14,9.781060015937242e-16,8.556473547303931e-14,2.0208284294821724e-15,1.3916070576251873e-13,8.189726278957004e-15,0.0,0.0,0.0,0.0,0.0,0.0,0.0,0.0,0.32645829299576357,0.01155130023338444,0.00019047619047619048,0.0004259177099999599,0.9999847285082307,3.414809371372338e-05,0.9839649336423412,0.03585549839944519,5
LightGBM,lightgbm_regressor,Boosting,6200,raw,1.3564285980812234,0.06121742421103128,0.7070552605119349,0.04555125730217727,1.2129672383139725,0.05626628078608032,2.683577683387597,0.14207134154272305,5.597086455379118,1.0992352006529367,0.027840327322531666,0.00859477328009505,0.14433995382161618,0.04476983498234521,1.0,0.0,0.375,0.0410934381083783,0.3221512398164869,0.01690138277452347,0.0,0.0,1.0,0.0,1.0,0.0,5
LightGBM,lightgbm_regressor,Boosting,6200,projected,4.259378818451916e-14,9.119582503995001e-16,2.1249160206175314e-14,4.435840066505842e-16,3.750502778277739e-14,1.2859006500254074e-15,8.736734397993385e-14,6.812442216772434e-16,1.3210933389613967e-13,1.2222587742818193e-14,0.0,0.0,0.0,0.0,0.0,0.0,0.0,0.0,0.3221512398164869,0.01690138277452347,0.0,0.0,1.0,0.0,1.0,0.0,5
LightGBM,lightgbm_regressor,Boosting,7150,raw,1.3099140167417898,0.04142404105101817,0.6770600348562066,0.01658052168104287,1.1795021605226577,0.043925419197724844,2.592167985909679,0.07473388791702328,5.381187453093199,0.5300664845627269,0.0287929155375,0.008353067226560987,0.1505638829727659,0.049842308523015307,1.0,0.0,0.3813986013986014,0.038915314237891595,0.3125142579429769,0.012610314377274019,0.0,0.0,1.0,0.0,1.0,0.0,5
LightGBM,lightgbm_regressor,Boosting,7150,projected,4.2554286454200144e-14,7.404260570106403e-16,2.0972544007822607e-14,7.614757218983967e-16,3.781361066801279e-14,1.0321380954150428e-15,8.58904014729155e-14,1.7974196888968723e-15,1.3883786365305466e-13,1.3486555580836282e-14,0.0,0.0,0.0,0.0,0.0,0.0,0.0,0.0,0.3125142579429769,0.012610314377274019,0.0,0.0,1.0,0.0,1.0,0.0,5
LightGBM,lightgbm_regressor,Boosting,8100,raw,1.2872926386559107,0.03709015664397734,0.6829685225381991,0.023102726654415248,1.1521326296696173,0.03835271202423401,2.564398902505361,0.09025967793866095,5.586263853948272,0.7121856571529522,0.029279042028520108,0.008378236142968095,0.15316373453231122,0.04131559583250053,1.0,0.0,0.3837037037037037,0.03596864373046579,0.30703337593093916,0.01051582583374287,0.0,0.0,1.0,0.0,1.0,0.0,5
LightGBM,lightgbm_regressor,Boosting,8100,projected,4.2228950894625595e-14,5.056558666397657e-16,2.0909312558999967e-14,4.3043475191788387e-16,3.7401933690261833e-14,1.2193899573629572e-15,8.600694663083154e-14,1.0973231797941849e-15,1.386697801608009e-13,1.1924824243516047e-14,0.0,0.0,0.0,0.0,0.0,0.0,0.0,0.0,0.30703337593093916,0.01051582583374287,0.0,0.0,1.0,0.0,1.0,0.0,5
LightGBM,lightgbm_regressor,Boosting,9050,raw,1.2646229697646028,0.02845644500014285,0.6598255993291167,0.026415043490293985,1.143372589346879,0.025725931948113026,2.5259382835494035,0.06943363809823963,5.303794980245886,0.9045882604812111,0.030547744255902603,0.008203242111085635,0.16098662216433163,0.042715439285787096,1.0,0.0,0.389060773480663,0.0340292923121315,0.3033553744885259,0.007494236996251688,0.0,0.0,1.0,0.0,1.0,0.0,5
LightGBM,lightgbm_regressor,Boosting,9050,projected,4.228902017564723e-14,4.88156340501587e-16,2.1053089101813908e-14,3.647682693240433e-16,3.746365997067647e-14,1.1625756866179727e-15,8.662890780802273e-14,5.302374130429977e-16,1.5639595554241005e-13,2.7656866750319902e-14,0.0,0.0,0.0,0.0,0.0,0.0,0.0,0.0,0.3033553744885259,0.007494236996251688,0.0,0.0,1.0,0.0,1.0,0.0,5
Multi-task Elastic Net,multitask_elastic_net_regressor,Interpretable models,10000,raw,0.1632325093594999,0.05348084791983906,0.06700636573217544,0.02116897087256657,0.158896638540434,0.05336500319278579,0.2712144416718741,0.08647874732735603,0.30285895312842837,0.09688035523201252,0.5139738317089173,0.021819927317402548,2.0012440351533147,0.0885840549778899,1.0,0.0,0.7106,0.008919080670113932,0.4816778334532321,0.014944690236226545,0.0,0.0,1.0,0.0,1.0,0.0,5
Multi-task Elastic Net,multitask_elastic_net_regressor,Interpretable models,10000,projected,4.170754301362937e-14,2.285055800981021e-16,2.0834701740761156e-14,2.5046237887405577e-16,3.651671203862663e-14,5.876673791345451e-16,8.566948578070894e-14,1.1465876675749842e-15,1.4553218246696343e-13,1.1389801575101818e-14,0.0,0.0,0.0,0.0,0.0,0.0,0.0,0.0,0.4816778334532321,0.014944690236226545,0.0,0.0,1.0,0.0,1.0,0.0,5
Multi-task Elastic Net,multitask_elastic_net_regressor,Interpretable models,1450,raw,0.16481602424214667,0.05393019883676661,0.06912005327703954,0.023153927750442973,0.1575193019219883,0.04720693948947487,0.27872695060197106,0.09277440094352135,0.3469259387194624,0.13567390846348226,0.5413690610723201,0.04120747492620793,2.0012536777362895,0.1221094904925115,1.0,0.0,0.7296551724137931,0.02688770853740402,0.5005961413917134,0.03298988962742171,0.0,0.0,1.0,0.0,1.0,0.0,5
Multi-task Elastic Net,multitask_elastic_net_regressor,Interpretable models,1450,projected,4.090170762116659e-14,1.5778192916293319e-15,2.03093547386373e-14,1.1211298263782603e-15,3.636440388613455e-14,2.5241036019491837e-15,8.340803724309721e-14,4.804403471778923e-15,1.2653147216604508e-13,9.944689101744543e-15,0.0,0.0,0.0,0.0,0.0,0.0,0.0,0.0,0.5005961413917134,0.03298988962742171,0.0,0.0,1.0,0.0,1.0,0.0,5
Multi-task Elastic Net,multitask_elastic_net_regressor,Interpretable models,2400,raw,0.16328736730056456,0.05281087651721089,0.0670372877755745,0.020133575403613362,0.1569974173246124,0.04969534461859834,0.2717935069042675,0.08521305520011452,0.3116273886051465,0.0966534485389639,0.5286208927110189,0.026422599502087633,1.9691951373674441,0.15378019180060215,1.0,0.0,0.7212500000000001,0.025190248333653034,0.4944063896653108,0.023879125685361276,0.0,0.0,1.0,0.0,1.0,0.0,5
Multi-task Elastic Net,multitask_elastic_net_regressor,Interpretable models,2400,projected,4.1781259294603084e-14,3.6821808005667975e-16,2.1033207774679723e-14,9.21511542836342e-16,3.642613964931142e-14,4.460158773649123e-16,8.609282780674086e-14,2.3459330613483515e-15,1.2757485957162305e-13,9.768039826658586e-15,0.0,0.0,0.0,0.0,0.0,0.0,0.0,0.0,0.4944063896653108,0.023879125685361276,0.0,0.0,1.0,0.0,1.0,0.0,5
Multi-task Elastic Net,multitask_elastic_net_regressor,Interpretable models,3350,raw,0.16340800695155103,0.05264690989571787,0.06695283192224924,0.020631869757259072,0.15772132333232067,0.04935304276853042,0.2712339620340547,0.08625557272123152,0.3117413312585388,0.09639842364447294,0.5209477757105232,0.014993341210256271,1.9993805639888933,0.10527420200833684,1.0,0.0,0.711044776119403,0.020616473611739725,0.4864945240643408,0.016246143358775413,0.0,0.0,1.0,0.0,1.0,0.0,5
Multi-task Elastic Net,multitask_elastic_net_regressor,Interpretable models,3350,projected,4.202614372468224e-14,9.975644854155634e-16,2.089595064898293e-14,7.64848914084693e-16,3.687021928161345e-14,1.2866309416051042e-15,8.629151729316932e-14,1.6845999365977583e-15,1.2955340306219045e-13,1.3988652653392135e-14,0.0,0.0,0.0,0.0,0.0,0.0,0.0,0.0,0.4864945240643408,0.016246143358775413,0.0,0.0,1.0,0.0,1.0,0.0,5
Multi-task Elastic Net,multitask_elastic_net_regressor,Interpretable models,4300,raw,0.16399245080963637,0.05319889779454286,0.06739416129568107,0.021022994932986306,0.15941829167313987,0.051072925812736564,0.27216423643176657,0.08703216237126375,0.3112178843840097,0.09860313984340899,0.518090814721024,0.02335663917430819,1.958139468639812,0.11070971108365346,1.0,0.0,0.71,0.012647186447608134,0.48229583053134206,0.016362381231978033,0.0,0.0,1.0,0.0,1.0,0.0,5
Multi-task Elastic Net,multitask_elastic_net_regressor,Interpretable models,4300,projected,4.187944892917421e-14,6.298074328576185e-16,2.0929587325871723e-14,7.908007072711833e-16,3.6505196062044416e-14,7.644917161100055e-16,8.649753078837307e-14,6.751942357660491e-16,1.4019030887310085e-13,1.0936848902725105e-14,0.0,0.0,0.0,0.0,0.0,0.0,0.0,0.0,0.48229583053134206,0.016362381231978033,0.0,0.0,1.0,0.0,1.0,0.0,5
Multi-task Elastic Net,multitask_elastic_net_regressor,Interpretable models,500,raw,0.17385237953890148,0.050711309519874834,0.07250379987142479,0.022740563718975468,0.16957020504949533,0.046467758126264726,0.29148091545955435,0.09301624667160921,0.3430578653588904,0.10892213795607629,0.57533920045577,0.11439512750404851,2.0255611071533104,0.5234367349123538,1.0,0.0,0.73,0.041833001326703805,0.5301287620691879,0.08154496020112309,0.0,0.0,1.0,0.0,1.0,0.0,5
Multi-task Elastic Net,multitask_elastic_net_regressor,Interpretable models,500,projected,4.117718639128979e-14,2.3580959439364476e-15,2.0931420904205688e-14,2.277304121607773e-15,3.621305692429387e-14,2.4540467420868786e-15,8.261322034533948e-14,7.646448326763524e-15,1.0935117861912481e-13,2.0191155438327732e-14,0.0,0.0,0.0,0.0,0.0,0.0,0.0,0.0,0.5301287620691879,0.08154496020112309,0.0,0.0,1.0,0.0,1.0,0.0,5
Multi-task Elastic Net,multitask_elastic_net_regressor,Interpretable models,5250,raw,0.16398998037288798,0.05364283232198285,0.0674885954126338,0.021423870575334777,0.15887566596998787,0.052200969091051395,0.27118446339771285,0.0858799222173077,0.3070760336800772,0.09737912454129093,0.5155039238871725,0.013817144429596348,1.9532773818797318,0.05523358147998937,1.0,0.0,0.7095238095238094,0.013619380615309621,0.4818822714432617,0.011374721889510447,0.0,0.0,1.0,0.0,1.0,0.0,5
Multi-task Elastic Net,multitask_elastic_net_regressor,Interpretable models,5250,projected,4.1687270565266154e-14,2.541496090821648e-16,2.0587874170267856e-14,4.0924200895465685e-16,3.632771150779645e-14,2.7646639162315516e-16,8.483660024024165e-14,2.1390059904677034e-15,1.3642219529853097e-13,1.1797557939206728e-14,0.0,0.0,0.0,0.0,0.0,0.0,0.0,0.0,0.4818822714432617,0.011374721889510447,0.0,0.0,1.0,0.0,1.0,0.0,5
Multi-task Elastic Net,multitask_elastic_net_regressor,Interpretable models,6200,raw,0.16401164035075583,0.05486135677553645,0.06715159090577498,0.02131316422199152,0.1598650693002807,0.0555902864348121,0.2714501740955829,0.08692375428047615,0.30680213840785936,0.10070407251160302,0.5168712837892783,0.012498527477872662,1.977961878295893,0.04762322855909086,1.0,0.0,0.7114516129032258,0.010567286019548181,0.48463641280094605,0.013591056171676073,0.0,0.0,1.0,0.0,1.0,0.0,5
Multi-task Elastic Net,multitask_elastic_net_regressor,Interpretable models,6200,projected,4.1714016396137784e-14,7.597708268400391e-16,2.0675653771306658e-14,4.640254862984259e-16,3.683352865983354e-14,1.0014878665941288e-15,8.46198305001396e-14,2.6679646609705332e-15,1.45867964730855e-13,5.283643259983752e-15,0.0,0.0,0.0,0.0,0.0,0.0,0.0,0.0,0.48463641280094605,0.013591056171676073,0.0,0.0,1.0,0.0,1.0,0.0,5
Multi-task Elastic Net,multitask_elastic_net_regressor,Interpretable models,7150,raw,0.1637990442960201,0.05476982737376219,0.06726809576011022,0.02143736427982408,0.15972331907492693,0.05561897580936454,0.27150892666061505,0.08778298696743767,0.3069675215533062,0.10096864249979959,0.5170098658273374,0.019889139414779218,1.993959622101314,0.06875270445533371,1.0,0.0,0.7120279720279721,0.009580674796253486,0.4839386229001635,0.012779849451129466,0.0,0.0,1.0,0.0,1.0,0.0,5
Multi-task Elastic Net,multitask_elastic_net_regressor,Interpretable models,7150,projected,4.1440626749735675e-14,2.429288736010242e-16,2.0522453697333512e-14,2.886257732893232e-16,3.6342173347318127e-14,3.055637048683747e-16,8.526914938812495e-14,1.4268248510280334e-15,1.3747864214815375e-13,8.664048005115083e-15,0.0,0.0,0.0,0.0,0.0,0.0,0.0,0.0,0.4839386229001635,0.012779849451129466,0.0,0.0,1.0,0.0,1.0,0.0,5
Multi-task Elastic Net,multitask_elastic_net_regressor,Interpretable models,8100,raw,0.16313675975287067,0.053876770213599275,0.06695718916168984,0.021310191652534758,0.15868684827430718,0.0535849657327745,0.27080365803113926,0.08678184750552612,0.30348296192425667,0.09666853843576549,0.5150809471229826,0.018361521872341347,2.0276966940639403,0.07242169626923753,1.0,0.0,0.7051851851851852,0.007504507612557565,0.4818405468911632,0.010920195961375225,0.0,0.0,1.0,0.0,1.0,0.0,5
Multi-task Elastic Net,multitask_elastic_net_regressor,Interpretable models,8100,projected,4.177135721121834e-14,3.0935834826762434e-16,2.0652692111337626e-14,8.378462294955995e-16,3.669526519235404e-14,6.070777767255607e-16,8.516067325143013e-14,2.0264238810275947e-15,1.4390529896107792e-13,1.711797390404568e-14,0.0,0.0,0.0,0.0,0.0,0.0,0.0,0.0,0.4818405468911632,0.010920195961375225,0.0,0.0,1.0,0.0,1.0,0.0,5
Multi-task Elastic Net,multitask_elastic_net_regressor,Interpretable models,9050,raw,0.16333772989660675,0.053709943154719914,0.0668740630142661,0.021167928672306165,0.1590958449910298,0.053723477762125306,0.2708321613441789,0.08636741937652286,0.3024604145144864,0.09773568601984522,0.5140071400951483,0.020556780863407734,2.003016416736561,0.09412699946109086,1.0,0.0,0.7081767955801105,0.007669415775749808,0.4820025734541747,0.01204478979594531,0.0,0.0,1.0,0.0,1.0,0.0,5
Multi-task Elastic Net,multitask_elastic_net_regressor,Interpretable models,9050,projected,4.184305090710726e-14,8.181647773279173e-16,2.082946063364009e-14,4.2079439733571397e-16,3.6756639064737534e-14,1.2018458268584782e-15,8.621771309534303e-14,8.38968345189269e-16,1.4300771673332396e-13,1.9696122800250995e-14,0.0,0.0,0.0,0.0,0.0,0.0,0.0,0.0,0.4820025734541747,0.01204478979594531,0.0,0.0,1.0,0.0,1.0,0.0,5
Multi-task Lasso,multitask_lasso_regressor,Interpretable models,10000,raw,0.16679980007105666,0.03426439625011925,0.06834822494848235,0.013252652718561814,0.16232633350147188,0.034718499812123625,0.2769929945454282,0.05438751197941197,0.309476248516903,0.061541537522614986,0.5138294525926679,0.021592699456645468,2.0007024978129566,0.08835103472433732,1.0,0.0,0.7105,0.008522030274529626,0.4817452005567759,0.014941308620711722,0.0,0.0,1.0,0.0,1.0,0.0,5
Multi-task Lasso,multitask_lasso_regressor,Interpretable models,10000,projected,4.12768905971217e-14,3.1224488240229024e-16,2.0602763165039802e-14,5.454932261539967e-16,3.62692094687592e-14,2.9144845419262203e-16,8.375003258415364e-14,2.4029025366969794e-15,1.4812839499175272e-13,1.6088534430244138e-14,0.0,0.0,0.0,0.0,0.0,0.0,0.0,0.0,0.4817452005567759,0.014941308620711722,0.0,0.0,1.0,0.0,1.0,0.0,5
Multi-task Lasso,multitask_lasso_regressor,Interpretable models,1450,raw,0.16853146100624,0.03480205969714612,0.07037163577922037,0.015105635226540716,0.16195216660816808,0.02904297965129711,0.2844712184215399,0.06040604655411226,0.35193487700960063,0.09727934299524973,0.5412479795493796,0.04145006156818625,2.0010483090674556,0.12307826245038216,1.0,0.0,0.7289655172413794,0.026998040180777044,0.5006740726400025,0.03293382095582018,0.0,0.0,1.0,0.0,1.0,0.0,5
Multi-task Lasso,multitask_lasso_regressor,Interpretable models,1450,projected,4.080532441118851e-14,2.001389613239244e-15,2.0928487701559256e-14,1.2050354040553227e-15,3.6705179026902744e-14,2.136809108694524e-15,8.276856348676609e-14,4.925728602773506e-15,1.3731926582900972e-13,2.626974561392827e-14,0.0,0.0,0.0,0.0,0.0,0.0,0.0,0.0,0.5006740726400025,0.03293382095582018,0.0,0.0,1.0,0.0,1.0,0.0,5
Multi-task Lasso,multitask_lasso_regressor,Interpretable models,2400,raw,0.1668539820587675,0.03348996711507893,0.0684426945456325,0.012006111811798567,0.1608016207252125,0.030916361973084373,0.2777314031946723,0.052474777579846595,0.3181886523648148,0.06010756507962145,0.5285062551437834,0.026909922753833197,1.9688372334487396,0.154699276332118,1.0,0.0,0.7212500000000001,0.025190248333653034,0.49451011889508634,0.023771816823518227,0.0,0.0,1.0,0.0,1.0,0.0,5
Multi-task Lasso,multitask_lasso_regressor,Interpretable models,2400,projected,4.1261463078858046e-14,9.888290303090429e-16,2.0625799955253025e-14,1.1486787189398329e-15,3.628678074099158e-14,7.994483247883468e-16,8.112969456389205e-14,5.6041634752712144e-15,1.3621942013965024e-13,1.5918591016677228e-14,0.0,0.0,0.0,0.0,0.0,0.0,0.0,0.0,0.49451011889508634,0.023771816823518227,0.0,0.0,1.0,0.0,1.0,0.0,5
Multi-task Lasso,multitask_lasso_regressor,Interpretable models,3350,raw,0.16703854278181157,0.03336661748841923,0.06834239976143536,0.012676066828003324,0.16134520739561467,0.030101219252686457,0.277062709710871,0.05427948508417993,0.31872644147329654,0.05943208604484288,0.5208305245160371,0.015610702540595373,1.998963992949681,0.1072750749363418,1.0,0.0,0.7104477611940299,0.020788639219677784,0.48658570803798984,0.016208488020449902,0.0,0.0,1.0,0.0,1.0,0.0,5
Multi-task Lasso,multitask_lasso_regressor,Interpretable models,3350,projected,4.199858961510073e-14,1.1798092179893177e-15,2.1281097124880828e-14,1.0565249573871865e-15,3.715819891135652e-14,1.4179497083476203e-15,8.572679854043734e-14,2.331535870383889e-15,1.3907129840105788e-13,1.9549769997790776e-14,0.0,0.0,0.0,0.0,0.0,0.0,0.0,0.0,0.48658570803798984,0.016208488020449902,0.0,0.0,1.0,0.0,1.0,0.0,5
Multi-task Lasso,multitask_lasso_regressor,Interpretable models,4300,raw,0.1676630226972748,0.03391616676719529,0.06877354126911817,0.013080052839570446,0.16302545342839997,0.031995837239256766,0.27801136026965756,0.05490872405657916,0.3178053220071781,0.06219820170519243,0.5179625229582904,0.023598234270919095,1.9579505611887194,0.1117977193144142,1.0,0.0,0.71,0.012647186447608134,0.48239312971696463,0.01635363728773988,0.0,0.0,1.0,0.0,1.0,0.0,5
Multi-task Lasso,multitask_lasso_regressor,Interpretable models,4300,projected,4.1714156837085054e-14,7.0631255738348955e-16,2.038270870892988e-14,8.278886267024932e-16,3.672414886543741e-14,3.4105185048950017e-16,8.293107424005324e-14,3.844314870699389e-15,1.3238797466871174e-13,1.1869550921671034e-14,0.0,0.0,0.0,0.0,0.0,0.0,0.0,0.0,0.48239312971696463,0.01635363728773988,0.0,0.0,1.0,0.0,1.0,0.0,5
Multi-task Lasso,multitask_lasso_regressor,Interpretable models,500,raw,0.17794817404202457,0.02915028088023191,0.07378447471583546,0.01396308334145389,0.17434090401245847,0.025981666191499206,0.2967651405976167,0.05812766368276953,0.34958049079275033,0.06916063195645977,0.5752635398194348,0.11479889609701203,2.0254063576425976,0.5243955044099906,1.0,0.0,0.73,0.041833001326703805,0.5302280469347905,0.08151603171204054,0.0,0.0,1.0,0.0,1.0,0.0,5
Multi-task Lasso,multitask_lasso_regressor,Interpretable models,500,projected,4.192680590291101e-14,2.1506758773992716e-15,2.1002126673487755e-14,2.12728321942681e-15,3.7123766726138146e-14,2.8666865474778913e-15,7.99636385659255e-14,9.159412044814578e-15,1.1360609479455418e-13,1.9521352970788772e-14,0.0,0.0,0.0,0.0,0.0,0.0,0.0,0.0,0.5302280469347905,0.08151603171204054,0.0,0.0,1.0,0.0,1.0,0.0,5
Multi-task Lasso,multitask_lasso_regressor,Interpretable models,5250,raw,0.16759253672268853,0.034337597051760316,0.06882194435791669,0.013465551264445905,0.16248861303169665,0.03331976540324888,0.27699156853019236,0.053694905378007175,0.3137412793938165,0.06096986117892456,0.515372127973262,0.014006810554428846,1.9531464188303538,0.056253279895120106,1.0,0.0,0.7095238095238094,0.013801311186847066,0.481970956641294,0.011380207059514627,0.0,0.0,1.0,0.0,1.0,0.0,5
Multi-task Lasso,multitask_lasso_regressor,Interpretable models,5250,projected,4.142367119868983e-14,3.310659149032895e-16,2.111038207658739e-14,7.282086354985346e-16,3.6101960177287116e-14,3.5690291179670236e-16,8.459589160567698e-14,3.1719473561116792e-15,1.446190059860033e-13,1.676760646942951e-14,0.0,0.0,0.0,0.0,0.0,0.0,0.0,0.0,0.481970956641294,0.011380207059514627,0.0,0.0,1.0,0.0,1.0,0.0,5
Multi-task Lasso,multitask_lasso_regressor,Interpretable models,6200,raw,0.16754867566831594,0.03574171374657239,0.06848760737294884,0.013416525535707498,0.16335297396002751,0.037053959768176645,0.27716557801668923,0.05482356565139856,0.3131584084824754,0.06493793397962642,0.5167303747752798,0.012257438087060698,1.9775455244115456,0.047918597392312336,1.0,0.0,0.7112903225806452,0.010406038629487047,0.4847149102203378,0.013635415624256398,0.0,0.0,1.0,0.0,1.0,0.0,5
Multi-task Lasso,multitask_lasso_regressor,Interpretable models,6200,projected,4.165834504235725e-14,4.405230554938965e-16,2.05990377593378e-14,6.179097948014467e-16,3.6322991161180446e-14,5.554675491372774e-16,8.346355753063571e-14,2.1436100570867325e-15,1.4483035921082215e-13,2.2495053268728657e-14,0.0,0.0,0.0,0.0,0.0,0.0,0.0,0.0,0.4847149102203378,0.013635415624256398,0.0,0.0,1.0,0.0,1.0,0.0,5
Multi-task Lasso,multitask_lasso_regressor,Interpretable models,7150,raw,0.167341205428849,0.03570042328489077,0.0686063632006764,0.013533950036208844,0.1631034618407556,0.03708487307944288,0.2772082918701273,0.055846542386637,0.31330168204988146,0.06537922022421955,0.5168653058139256,0.019510192692991847,1.9935809581569437,0.06787790085412186,1.0,0.0,0.711888111888112,0.009157902694901257,0.4840063845762271,0.012818326376521142,0.0,0.0,1.0,0.0,1.0,0.0,5
Multi-task Lasso,multitask_lasso_regressor,Interpretable models,7150,projected,4.1518755811324735e-14,3.839869031855678e-16,2.0763641254185592e-14,3.6660806686140404e-16,3.626330249766402e-14,7.051645684342161e-16,8.474910436685821e-14,1.94814486935511e-15,1.4944363340209216e-13,9.785223179930634e-15,0.0,0.0,0.0,0.0,0.0,0.0,0.0,0.0,0.4840063845762271,0.012818326376521142,0.0,0.0,1.0,0.0,1.0,0.0,5
Multi-task Lasso,multitask_lasso_regressor,Interpretable models,8100,raw,0.1666977658152385,0.03475632543520185,0.0682944845868921,0.013438262312103497,0.16207881570849308,0.03507165650719633,0.2766362678930765,0.05484245789114959,0.3102083541072763,0.06111821289190095,0.5149378238148234,0.018029989423946412,2.027717539563432,0.07203090332073397,1.0,0.0,0.7050617283950616,0.007690079754270326,0.4819124972734933,0.010950893196766282,0.0,0.0,1.0,0.0,1.0,0.0,5
Multi-task Lasso,multitask_lasso_regressor,Interpretable models,8100,projected,4.1587811182169774e-14,5.564788861524891e-16,2.0608654821008795e-14,4.914124426825673e-16,3.639902118676221e-14,4.747352822063416e-16,8.467824239761563e-14,1.4549417429254646e-15,1.4115615117568237e-13,7.742130874124261e-15,0.0,0.0,0.0,0.0,0.0,0.0,0.0,0.0,0.4819124972734933,0.010950893196766282,0.0,0.0,1.0,0.0,1.0,0.0,5
Multi-task Lasso,multitask_lasso_regressor,Interpretable models,9050,raw,0.1668477900180448,0.0344780184383022,0.06821950487896153,0.013306624093766158,0.16243456605967255,0.03511934052373929,0.276679573131169,0.054282155700224634,0.3088916074734714,0.062195678141488124,0.5138619855046568,0.020291471971149215,2.002418031193849,0.09321258765758554,1.0,0.0,0.7081767955801105,0.007669415775749808,0.48206697087040273,0.012048961941128304,0.0,0.0,1.0,0.0,1.0,0.0,5
Multi-task Lasso,multitask_lasso_regressor,Interpretable models,9050,projected,4.17289452169763e-14,5.363739222538224e-16,2.0760669993712896e-14,6.068756785749541e-16,3.6697328454407837e-14,1.0930219436950829e-15,8.505613307695414e-14,2.1800294648985227e-15,1.4213931865217807e-13,7.438474270922222e-15,0.0,0.0,0.0,0.0,0.0,0.0,0.0,0.0,0.48206697087040273,0.012048961941128304,0.0,0.0,1.0,0.0,1.0,0.0,5
PLS,pls_regressor,Interpretable models,10000,raw,21.337122583167442,2.6829786945510916,12.641074065530944,2.360955819888534,18.310067252702574,2.0752125863692377,45.532515979633224,7.077965501907882,75.66660853037497,15.0202152196139,0.34741025681756027,0.016089794644511726,1.6790768222199575,0.08217066031204329,1.0,0.0,0.5431,0.008256815366713749,1.8076872617112791,0.03288356995100594,0.0093,0.002307596151842865,0.9956698005055085,0.0010573418169625675,0.010815624255784194,0.01745098392289666,5
PLS,pls_regressor,Interpretable models,10000,projected,4.1939501688969945e-14,3.9921252352128144e-16,2.1101904367176808e-14,5.198919692191747e-16,3.6723949307235924e-14,8.867032398034865e-16,8.639121578227437e-14,6.857826956759347e-16,1.4565213958028892e-13,6.026605519556672e-16,0.0,0.0,0.0,0.0,0.0,0.0,0.0,0.0,1.8076872617112791,0.03288356995100594,0.0093,0.002307596151842865,0.9956698005055085,0.0010573418169625675,0.010815624255784194,0.01745098392289666,5
PLS,pls_regressor,Interpretable models,1450,raw,29.345642774038783,1.5071765344586727,17.953894690720592,1.1475079496291776,25.391288576220084,1.5878063740464319,63.39205761872769,6.601190839327398,95.20203713685666,10.496237571554603,0.3615312912380002,0.04308035543623503,1.6271650102519715,0.18236038552407058,1.0,0.0,0.5710344827586207,0.03890596608984367,1.8008127141019787,0.12054524093210102,0.010344827586206896,0.008791412954470319,0.9967118554451204,0.00287260251734481,0.5104369424623785,0.3889350338271317,5
PLS,pls_regressor,Interpretable models,1450,projected,4.133258514268649e-14,1.6888758624615508e-15,2.0866239526310242e-14,1.0637546438003543e-15,3.60879967363329e-14,6.337912733821616e-16,8.282299883977684e-14,4.651320683536834e-15,1.3711810944586803e-13,1.3945550507960078e-14,0.0,0.0,0.0,0.0,0.0,0.0,0.0,0.0,1.8008127141019787,0.12054524093210102,0.010344827586206896,0.008791412954470319,0.9967118554451204,0.00287260251734481,0.5104369424623785,0.3889350338271317,5
PLS,pls_regressor,Interpretable models,2400,raw,29.437755741255415,4.417946696871912,17.167099813997925,3.3986185961377013,25.712948444678336,3.8282287506941626,61.997433398469866,9.704132723015976,96.49243450575113,15.91384154104531,0.3511571399804302,0.02367265566557308,1.6629995653855616,0.2131305763751171,1.0,0.0,0.5554166666666667,0.01370890323030174,1.8437037958812632,0.08537056116561459,0.009166666666666667,0.0040611643103370685,0.9960172733695014,0.0019185601846285752,0.23489603397427708,0.2276835225420482,5
PLS,pls_regressor,Interpretable models,2400,projected,4.238456194353457e-14,1.0880417856320526e-15,2.1236491722810686e-14,1.3112763811405552e-15,3.6708507156455035e-14,1.219573232453017e-15,8.696818389039515e-14,3.750254046446348e-15,1.260345921143892e-13,9.844225483714488e-15,0.0,0.0,0.0,0.0,0.0,0.0,0.0,0.0,1.8437037958812632,0.08537056116561459,0.009166666666666667,0.0040611643103370685,0.9960172733695014,0.0019185601846285752,0.23489603397427708,0.2276835225420482,5
PLS,pls_regressor,Interpretable models,3350,raw,27.989865823272503,5.708562219326453,15.40558797941642,2.8719054735710756,25.157811067858308,5.616654635104497,57.53348031029894,11.415234990616083,87.6872410735818,13.41389559685326,0.352256471750917,0.005754618548910095,1.6256901411960765,0.11304595417101904,1.0,0.0,0.551044776119403,0.017258017336790735,1.8659592077890075,0.15052698029217065,0.009850746268656717,0.0034360789352899514,0.9945855733666182,0.0030705558089030543,0.1934170277676182,0.18821345280370647,5
PLS,pls_regressor,Interpretable models,3350,projected,4.150949662946187e-14,6.6273922098237e-16,2.066696739540271e-14,9.644957901152391e-16,3.6396290768292e-14,9.519967214605502e-16,8.442239993237227e-14,4.6138007242484404e-15,1.311807456190012e-13,1.2018710459700391e-14,0.0,0.0,0.0,0.0,0.0,0.0,0.0,0.0,1.8659592077890075,0.15052698029217065,0.009850746268656717,0.0034360789352899514,0.9945855733666182,0.0030705558089030543,0.1934170277676182,0.18821345280370647,5
PLS,pls_regressor,Interpretable models,4300,raw,25.067613184094856,4.275763230301958,12.910108685408977,3.140092772021891,22.82282965507624,3.3333625041514106,49.09524686314772,10.960305451243258,75.54935919218273,20.153200955001747,0.3541188953770438,0.020342367193139314,1.6626800805756736,0.12114808736412029,1.0,0.0,0.5518604651162791,0.02793845124320809,1.8860936998677604,0.07543738957400423,0.010465116279069767,0.003076455012865803,0.9942823263214529,0.0014791689277248085,0.028339334373699242,0.03891207802090509,5
PLS,pls_regressor,Interpretable models,4300,projected,4.169391248812299e-14,6.455842851684206e-16,2.0605071141752364e-14,1.4420668819123197e-15,3.6689026888332395e-14,9.957548288968385e-16,8.45536856670733e-14,2.6749276167060646e-15,1.3545627234675427e-13,2.1037775401724656e-14,0.0,0.0,0.0,0.0,0.0,0.0,0.0,0.0,1.8860936998677604,0.07543738957400423,0.010465116279069767,0.003076455012865803,0.9942823263214529,0.0014791689277248085,0.028339334373699242,0.03891207802090509,5
PLS,pls_regressor,Interpretable models,500,raw,27.821323441023992,3.349414126495797,14.61719869453729,2.3622047363293484,25.165661167358017,3.190118689914206,55.78442331877458,7.801956287957417,71.84277186837599,12.342247411006918,0.3399439163580449,0.07053777258809041,1.580441120475232,0.4054872486121376,1.0,0.0,0.538,0.060991802727907614,1.7176248423204878,0.1012527429607715,0.006,0.005477225575051661,0.997158266628291,0.002819714499014804,0.7158266628291003,0.2819714499014777,5
PLS,pls_regressor,Interpretable models,500,projected,4.2549620168389174e-14,2.7163215629145555e-15,2.1790508823199406e-14,1.8897509675902794e-15,3.7358428993819026e-14,2.660062490339606e-15,8.483586165195214e-14,7.642931778725193e-15,1.1327309552033425e-13,1.4004171060088987e-14,0.0,0.0,0.0,0.0,0.0,0.0,0.0,0.0,1.7176248423204878,0.1012527429607715,0.006,0.005477225575051661,0.997158266628291,0.002819714499014804,0.7158266628291003,0.2819714499014777,5
PLS,pls_regressor,Interpretable models,5250,raw,24.91174033048493,3.0210170447647022,13.898734696329418,2.605844921077254,22.366295908253825,2.437793243403194,51.871338422599045,8.376216046863183,78.75273060329135,11.891249791796763,0.3425144651335617,0.00942614115431578,1.6263506755782928,0.07031673431179813,1.0,0.0,0.5420952380952382,0.01585649934344186,1.8370905788714544,0.02093049457170619,0.009523809523809525,0.0020203050891044213,0.9951492049274014,0.0009578857028130675,0.019511403323428874,0.02682623374254625,5
PLS,pls_regressor,Interpretable models,5250,projected,4.230134471423871e-14,9.07794350522197e-16,2.113242574011731e-14,5.632797381274397e-16,3.6739533779976254e-14,1.1024936872526517e-15,8.64787857186109e-14,1.1508549236831437e-15,1.4348957090852774e-13,9.058552179390244e-15,0.0,0.0,0.0,0.0,0.0,0.0,0.0,0.0,1.8370905788714544,0.02093049457170619,0.009523809523809525,0.0020203050891044213,0.9951492049274014,0.0009578857028130675,0.019511403323428874,0.02682623374254625,5
PLS,pls_regressor,Interpretable models,6200,raw,25.035108962391227,1.0754114256216154,14.237848723552272,1.7492139494913521,21.807999614130274,0.5261429256715252,53.24176809004666,5.389828649218645,82.0734664553743,7.543474440842712,0.34633819622149437,0.007537321234498163,1.6331943720200965,0.04197527082288196,1.0,0.0,0.5483870967741936,0.017173822128263606,1.8486403782789744,0.04086654666634969,0.01032258064516129,0.0026379721344832463,0.994772042625284,0.0023228778673291435,0.06645172668243998,0.09231384752997285,5
PLS,pls_regressor,Interpretable models,6200,projected,4.1913045381027885e-14,4.514900671391925e-16,2.072238109882251e-14,2.8695026965866483e-16,3.688345203354219e-14,8.888112282600195e-16,8.505114717421213e-14,1.5609316366139035e-15,1.380703162655895e-13,8.891024194344546e-15,0.0,0.0,0.0,0.0,0.0,0.0,0.0,0.0,1.8486403782789744,0.04086654666634969,0.01032258064516129,0.0026379721344832463,0.994772042625284,0.0023228778673291435,0.06645172668243998,0.09231384752997285,5
PLS,pls_regressor,Interpretable models,7150,raw,23.11604096954455,2.5218512813121383,13.43059822200695,1.6792842565583215,19.877048768720066,2.3867934482055215,49.561386368442754,6.26043172843444,81.30711660345108,11.58700955602595,0.34656929991552055,0.015549996511088635,1.6612574680144316,0.05780691764843082,1.0,0.0,0.546993006993007,0.015702376386617457,1.8339028801801682,0.0456332984948,0.01048951048951049,0.0031662185797683273,0.9951154686767092,0.0024339740507856853,0.057066167654063804,0.08982330924026793,5
PLS,pls_regressor,Interpretable models,7150,projected,4.1872158350662385e-14,7.017936200169313e-16,2.0825595723460397e-14,2.438881334878462e-16,3.6504074737383144e-14,4.645947931387027e-16,8.444275778076109e-14,2.117227191467417e-15,1.5381116923541332e-13,8.315833724281421e-15,0.0,0.0,0.0,0.0,0.0,0.0,0.0,0.0,1.8339028801801682,0.0456332984948,0.01048951048951049,0.0031662185797683273,0.9951154686767092,0.0024339740507856853,0.057066167654063804,0.08982330924026793,5
PLS,pls_regressor,Interpretable models,8100,raw,20.891788980672818,3.9155566291675004,11.563794673199608,3.3082919050501065,18.39566797437402,3.056712250854859,43.172672093305685,10.526900484362232,72.09488491773871,20.79730907135856,0.3514412225912522,0.018988457944572868,1.6788127670216002,0.08286893665792636,1.0,0.0,0.5464197530864198,0.0185719394085351,1.8515531709549742,0.04183461560312476,0.01037037037037037,0.002065827226010063,0.99493560976807,0.0012414481503493365,0.014550574033564776,0.026059119855705987,5
PLS,pls_regressor,Interpretable models,8100,projected,4.174760920355515e-14,5.381731888002054e-16,2.0864562206639014e-14,1.5699948238583985e-16,3.636338742794219e-14,5.350073308402525e-16,8.538806269807285e-14,1.0461875032382293e-15,1.4024737688954036e-13,1.9429313309020555e-14,0.0,0.0,0.0,0.0,0.0,0.0,0.0,0.0,1.8515531709549742,0.04183461560312476,0.01037037037037037,0.002065827226010063,0.99493560976807,0.0012414481503493365,0.014550574033564776,0.026059119855705987,5
PLS,pls_regressor,Interpretable models,9050,raw,21.121991251441358,2.1317027750519317,12.343728110055482,1.4853623374499736,18.206703877748275,1.81926925980726,44.74620271041742,4.587174756007832,74.78328646834362,8.925488936271353,0.3481193112305299,0.02036418134886772,1.6708121861485217,0.11496561438363302,1.0,0.0,0.5445303867403315,0.015658866033895186,1.8145237402281047,0.03656640542414814,0.009944751381215469,0.0022099447513812156,0.9955164678535752,0.0010489103796573647,0.027895102821110213,0.03531049407420149,5
PLS,pls_regressor,Interpretable models,9050,projected,4.14078357220575e-14,6.043199100625839e-16,2.075456039422582e-14,5.535217385320963e-16,3.63665455339784e-14,4.8455338742361355e-16,8.540071516899648e-14,1.9690427914844126e-15,1.4138527447483226e-13,1.4839601839468206e-14,0.0,0.0,0.0,0.0,0.0,0.0,0.0,0.0,1.8145237402281047,0.03656640542414814,0.009944751381215469,0.0022099447513812156,0.9955164678535752,0.0010489103796573647,0.027895102821110213,0.03531049407420149,5
Random Forest,random_forest_regressor,Randomized tree ensembles,10000,raw,15.62416533402517,0.24473958865303397,5.780709980327674,0.2472069889135293,14.92001724004451,0.2219666924329135,26.24661472135342,0.7873396958720578,42.94494645965254,4.583969712348159,0.0,0.0,0.0,0.0,1.0,0.0,0.0,0.0,2.002453677855163,0.034986578831170734,0.0142,0.0014832396974191323,0.9943348103491166,0.0005483953277404779,0.06181646917529273,0.05266318329675665,5
Random Forest,random_forest_regressor,Randomized tree ensembles,10000,projected,4.244620952482197e-14,3.6954489696262237e-16,2.1310099469693533e-14,6.239724459250099e-16,3.7153946903404387e-14,7.297040800202955e-16,8.721357174171894e-14,1.0968205294292939e-15,1.526737928715121e-13,1.2146400298205637e-14,0.0,0.0,0.0,0.0,0.0,0.0,0.0,0.0,2.002453677855163,0.034986578831170734,0.0142,0.0014832396974191323,0.9943348103491166,0.0005483953277404779,0.06181646917529273,0.05266318329675665,5
Random Forest,random_forest_regressor,Randomized tree ensembles,1450,raw,18.13163545502693,0.44096615941915274,7.9485114731836335,0.19006424380801432,16.94960506480087,0.7483049555514212,32.70967471675176,1.2368489207179127,48.78857442413719,3.965901294671802,0.0,0.0,0.0,0.0,1.0,0.0,0.0,0.0,2.1143811007039623,0.10200349100898547,0.018620689655172412,0.005229569271759689,0.9918051332576747,0.002361008255496058,0.15349023321554253,0.14130224218250503,5
Random Forest,random_forest_regressor,Randomized tree ensembles,1450,projected,4.144107690881713e-14,7.626669621227535e-16,2.0191843273703385e-14,7.83533471557441e-16,3.755482665286532e-14,1.4524970734074322e-15,8.052857832284145e-14,6.185185898323164e-15,1.2182899792377129e-13,4.063294176179079e-15,0.0,0.0,0.0,0.0,0.0,0.0,0.0,0.0,2.1143811007039623,0.10200349100898547,0.018620689655172412,0.005229569271759689,0.9918051332576747,0.002361008255496058,0.15349023321554253,0.14130224218250503,5
Random Forest,random_forest_regressor,Randomized tree ensembles,2400,raw,17.10962377008642,0.4507215284939233,7.030125867704878,0.18787721531196303,16.000152073207847,0.45441680783028726,30.289728615361497,0.7138201605031413,44.74256611879036,3.1929340950678826,0.0,0.0,0.0,0.0,1.0,0.0,0.0,0.0,2.1030563597984,0.12034797865823452,0.019583333333333335,0.005628856702544291,0.991818955685536,0.0026733078281648013,0.09361000499148506,0.07567496869476589,5
Random Forest,random_forest_regressor,Randomized tree ensembles,2400,projected,4.1871586132221697e-14,8.303589868301853e-16,2.0967072186366052e-14,1.20448628663509e-15,3.676417334270987e-14,1.3986068301599877e-15,8.371110251344231e-14,2.751342319132196e-15,1.4339112133083229e-13,1.9009629404142567e-14,0.0,0.0,0.0,0.0,0.0,0.0,0.0,0.0,2.1030563597984,0.12034797865823452,0.019583333333333335,0.005628856702544291,0.991818955685536,0.0026733078281648013,0.09361000499148506,0.07567496869476589,5
Random Forest,random_forest_regressor,Randomized tree ensembles,3350,raw,16.520823411524688,0.270793635349691,6.6505936715654865,0.14816568019570012,15.5445296694663,0.18152615755397497,28.655526413509005,0.5865796293157742,43.07940626669434,3.7428106552920957,0.0,0.0,0.0,0.0,1.0,0.0,0.0,0.0,2.0706910579104156,0.052734973733272704,0.01701492537313433,0.0029094908491967063,0.992501837463674,0.0011058483869623144,0.09862625833495635,0.08549359563672448,5
Random Forest,random_forest_regressor,Randomized tree ensembles,3350,projected,4.1891027826327926e-14,7.208080408335848e-16,2.0962926653322788e-14,6.24016324919389e-16,3.7114012171061284e-14,9.558980749930093e-16,8.51287483780214e-14,2.587749596952943e-15,1.319599110865857e-13,1.6529130754378393e-14,0.0,0.0,0.0,0.0,0.0,0.0,0.0,0.0,2.0706910579104156,0.052734973733272704,0.01701492537313433,0.0029094908491967063,0.992501837463674,0.0011058483869623144,0.09862625833495635,0.08549359563672448,5
Random Forest,random_forest_regressor,Randomized tree ensembles,4300,raw,16.29593746035472,0.356385664300851,6.434961713577181,0.18327312568550536,15.333710143256251,0.31269294731036085,28.112759423413866,0.6210144770300454,43.653706473881584,3.455158075983542,0.0,0.0,0.0,0.0,1.0,0.0,0.0,0.0,2.0397203453187256,0.04110912959417484,0.016046511627906976,0.002080063234883525,0.9933217543611995,0.0012769421044273247,0.10275080053315595,0.09098980825005211,5
Random Forest,random_forest_regressor,Randomized tree ensembles,4300,projected,4.261192202858936e-14,8.731318528718651e-16,2.1101417607909053e-14,6.487167214938944e-16,3.7182687508024714e-14,1.7658865044483626e-15,8.708664752286282e-14,1.6392797584247228e-15,1.2969995503852234e-13,7.989428953608915e-15,0.0,0.0,0.0,0.0,0.0,0.0,0.0,0.0,2.0397203453187256,0.04110912959417484,0.016046511627906976,0.002080063234883525,0.9933217543611995,0.0012769421044273247,0.10275080053315595,0.09098980825005211,5
Random Forest,random_forest_regressor,Randomized tree ensembles,500,raw,20.14691543961823,1.718386784434534,8.605556707038861,0.598592380649406,19.610982307515833,2.8497808172918706,33.97705883823992,1.0969149887575707,43.63927070681775,5.790624397271067,0.0,0.0,0.0,0.0,1.0,0.0,0.0,0.0,2.2645010283759586,0.24748684138862304,0.03,0.007071067811865475,0.9881594476052296,0.006072618481276707,0.29993511001401757,0.28566582125870704,5
Random Forest,random_forest_regressor,Randomized tree ensembles,500,projected,4.310460050537434e-14,1.7184208978049573e-15,2.2333492499714625e-14,2.2973552190008737e-15,3.708929170119537e-14,2.4457330512054665e-15,8.874928602550747e-14,3.4159675483236984e-15,1.1486657860006732e-13,1.9275685407639646e-14,0.0,0.0,0.0,0.0,0.0,0.0,0.0,0.0,2.2645010283759586,0.24748684138862304,0.03,0.007071067811865475,0.9881594476052296,0.006072618481276707,0.29993511001401757,0.28566582125870704,5
Random Forest,random_forest_regressor,Randomized tree ensembles,5250,raw,16.074045495719396,0.27940482959924123,6.2944133624462815,0.2116609354493323,15.198481458512088,0.1459327364021102,27.594189290484877,0.9609268277565058,43.73341697191247,2.3563779362877493,0.0,0.0,0.0,0.0,1.0,0.0,0.0,0.0,2.022484214107945,0.058163124655285774,0.01504761904761905,0.003394005653562945,0.9939157824274949,0.0013155194574062754,0.07896515339647643,0.08348362006948082,5
Random Forest,random_forest_regressor,Randomized tree ensembles,5250,projected,4.236000181872825e-14,5.714971698275089e-16,2.0940469697899523e-14,4.057259116415813e-16,3.7371432596846775e-14,7.467563180951807e-16,8.680164407282692e-14,6.026808602109534e-16,1.3528651753814277e-13,1.2001141429768673e-14,0.0,0.0,0.0,0.0,0.0,0.0,0.0,0.0,2.022484214107945,0.058163124655285774,0.01504761904761905,0.003394005653562945,0.9939157824274949,0.0013155194574062754,0.07896515339647643,0.08348362006948082,5
Random Forest,random_forest_regressor,Randomized tree ensembles,6200,raw,16.022617812586095,0.27089292133764176,6.141351995028024,0.18608822127418606,15.177203418472526,0.17538703815049314,27.355807629862397,0.5184327703480535,44.687281382347976,3.5037467849102932,0.0,0.0,0.0,0.0,1.0,0.0,0.0,0.0,2.0354786726027023,0.0400214035688074,0.016451612903225804,0.002588194602561486,0.9935346077307379,0.0008232836052441101,0.07933998951971015,0.08698059954225987,5
Random Forest,random_forest_regressor,Randomized tree ensembles,6200,projected,4.2118719741652936e-14,8.585460971468814e-16,2.1216250420683923e-14,6.455886619681186e-16,3.708459085856676e-14,1.3648539323587398e-15,8.703775660275703e-14,9.871727875487752e-16,1.4270515253930156e-13,2.33614705584696e-14,0.0,0.0,0.0,0.0,0.0,0.0,0.0,0.0,2.0354786726027023,0.0400214035688074,0.016451612903225804,0.002588194602561486,0.9935346077307379,0.0008232836052441101,0.07933998951971015,0.08698059954225987,5
Random Forest,random_forest_regressor,Randomized tree ensembles,7150,raw,15.935991686397566,0.24752737165016492,6.064446592798254,0.25000795062440234,15.150257876631517,0.2405418649930266,27.194539143855724,0.6704846777292558,43.17989652130476,4.43218050371298,0.0,0.0,0.0,0.0,1.0,0.0,0.0,0.0,2.0314946524705175,0.050990897390381984,0.015804195804195807,0.003032095578836195,0.9937744851401632,0.0010434595923519854,0.08327160827466164,0.08573676241267032,5
Random Forest,random_forest_regressor,Randomized tree ensembles,7150,projected,4.213956624121136e-14,8.991674935960477e-16,2.0734675308191893e-14,4.769571794753972e-16,3.70750708235482e-14,9.792521936122013e-16,8.53604874219779e-14,2.3825572880125177e-15,1.4291026510155209e-13,1.6120469139443505e-14,0.0,0.0,0.0,0.0,0.0,0.0,0.0,0.0,2.0314946524705175,0.050990897390381984,0.015804195804195807,0.003032095578836195,0.9937744851401632,0.0010434595923519854,0.08327160827466164,0.08573676241267032,5
Random Forest,random_forest_regressor,Randomized tree ensembles,8100,raw,15.778937989571423,0.23436412401562592,5.9067895120174585,0.2170049157252929,14.96792838092971,0.1960877513025251,26.70969609384042,0.79888596221269,43.16012917019036,4.435902923943332,0.0,0.0,0.0,0.0,1.0,0.0,0.0,0.0,2.0219502302844647,0.054937918086108865,0.015679012345679012,0.0020750291745643967,0.994067550214633,0.0008781921449413096,0.07658634776880514,0.07864150813699859,5
Random Forest,random_forest_regressor,Randomized tree ensembles,8100,projected,4.2283149260743437e-14,4.7168209944204e-16,2.1238211537925374e-14,4.220155047632711e-16,3.7179778251958205e-14,1.0322444068232555e-15,8.673104542652356e-14,1.637261130989297e-16,1.461985298395033e-13,1.0942237056697295e-14,0.0,0.0,0.0,0.0,0.0,0.0,0.0,0.0,2.0219502302844647,0.054937918086108865,0.015679012345679012,0.0020750291745643967,0.994067550214633,0.0008781921449413096,0.07658634776880514,0.07864150813699859,5
Random Forest,random_forest_regressor,Randomized tree ensembles,9050,raw,15.721362035339519,0.2314992259904957,5.835885831347321,0.2239671460898092,15.010647150487145,0.12102418451031098,26.394561504468886,0.7513823559081416,44.14005701541408,6.746017555175679,0.0,0.0,0.0,0.0,1.0,0.0,0.0,0.0,2.0115506610290987,0.036325613421965254,0.013922651933701657,0.0009883173381214532,0.9944582836950598,0.000570708519138772,0.06578563660848562,0.059178785875292836,5
Random Forest,random_forest_regressor,Randomized tree ensembles,9050,projected,4.2499342870020575e-14,5.133783462545431e-16,2.112317429081248e-14,5.569233285431812e-16,3.758576290253633e-14,8.356417382063726e-16,8.670557380924026e-14,9.489270479262753e-16,1.5339279626514268e-13,1.834269660004201e-14,0.0,0.0,0.0,0.0,0.0,0.0,0.0,0.0,2.0115506610290987,0.036325613421965254,0.013922651933701657,0.0009883173381214532,0.9944582836950598,0.000570708519138772,0.06578563660848562,0.059178785875292836,5
SVR,svr_regressor,Kernel,10000,raw,3.275801384272994,0.07707799841415665,2.6566307942634437,0.11902316374839919,2.4939799448427853,0.06230127062105545,8.679231750142597,0.343991281997615,22.74918111008997,2.522597992732168,0.22218868212257412,0.012109502256134507,0.7402834403896956,0.045798528222084446,1.0,0.0,0.7678,0.014254823744964324,0.3632740006893152,0.011215486376067311,0.0001,0.000223606797749979,0.9999832011177489,3.75634426594236e-05,0.966402235497856,0.07512688531882337,5
SVR,svr_regressor,Kernel,10000,projected,4.214211296992084e-14,4.995504538507766e-16,2.0838792251448567e-14,5.462959006575295e-16,3.717596547429015e-14,8.096516827245277e-16,8.54495477660396e-14,1.6338402583235273e-15,1.4705340825358473e-13,6.485679681172396e-15,0.0,0.0,0.0,0.0,0.0,0.0,0.0,0.0,0.3632740006893152,0.011215486376067311,0.0001,0.000223606797749979,0.9999832011177489,3.75634426594236e-05,0.966402235497856,0.07512688531882337,5
SVR,svr_regressor,Kernel,1450,raw,8.3024385768721,0.620407286421169,6.161303532932935,0.6027484252643558,6.5075651316267855,0.44706865022757963,21.33839523645006,1.6152796487133836,33.738516393943385,5.79739176039188,0.2844401225410108,0.02471709086254786,1.0632023881984503,0.14164191713793797,1.0,0.0,0.72,0.037410217531353145,0.5879775005057846,0.04725908105395483,0.001379310344827586,0.0018886984741557453,0.9988359956515245,0.0016386712253484994,0.6624387389421251,0.4752146553510507,5
SVR,svr_regressor,Kernel,1450,projected,4.220510743852069e-14,1.5551343289134645e-15,2.134550898258362e-14,1.3865093649782602e-15,3.674626410045481e-14,2.7136525123106593e-15,8.553235279620898e-14,4.271929468305641e-15,1.3043552082108677e-13,1.49520777961428e-14,0.0,0.0,0.0,0.0,0.0,0.0,0.0,0.0,0.5879775005057846,0.04725908105395483,0.001379310344827586,0.0018886984741557453,0.9988359956515245,0.0016386712253484994,0.6624387389421251,0.4752146553510507,5
SVR,svr_regressor,Kernel,2400,raw,7.169931403729137,0.4358567450629242,5.351094036444762,0.38971804312762565,5.52437999201525,0.36757209345855846,18.04831111522581,0.8827872901987952,32.95697720621292,2.511441779901746,0.2742486886343981,0.014110101213506438,1.0021973292192348,0.037502824229523946,1.0,0.0,0.7279166666666667,0.017405498811837852,0.5392561463431933,0.03868176797464714,0.00125,0.0018633899812498245,0.999258224325566,0.0010285244970847766,0.6441236134850464,0.4935028936731039,5
SVR,svr_regressor,Kernel,2400,projected,4.1500541175930444e-14,9.527312711658804e-16,2.0158628087385e-14,1.2005948057614988e-15,3.667908806154221e-14,1.0370375576061655e-15,8.280800020125189e-14,5.675328196044554e-15,1.268596716866931e-13,1.1867318149165599e-14,0.0,0.0,0.0,0.0,0.0,0.0,0.0,0.0,0.5392561463431933,0.03868176797464714,0.00125,0.0018633899812498245,0.999258224325566,0.0010285244970847766,0.6441236134850464,0.4935028936731039,5
SVR,svr_regressor,Kernel,3350,raw,6.466291380158431,0.2721451508539281,4.7954536105155485,0.23569982480221968,5.109011749182886,0.2723314669656977,15.920779860411187,0.8525875818514647,33.12182964000294,1.5137524835085474,0.2601638529495842,0.010056931895264716,0.9117137363775585,0.04251015996506014,1.0,0.0,0.7402985074626866,0.022512094222385582,0.5095967693564238,0.02775006897732903,0.0008955223880597015,0.0008174963544853226,0.9991508285473636,0.0007809320062056893,0.43105512673360014,0.5232244441577959,5
SVR,svr_regressor,Kernel,3350,projected,4.217491274856208e-14,2.7464756600755443e-16,2.1129130201685612e-14,1.2928213679833567e-15,3.703517338811419e-14,1.1640119738350741e-15,8.539413818959352e-14,2.476289448185833e-15,1.5003756860673806e-13,3.146102586908325e-14,0.0,0.0,0.0,0.0,0.0,0.0,0.0,0.0,0.5095967693564238,0.02775006897732903,0.0008955223880597015,0.0008174963544853226,0.9991508285473636,0.0007809320062056893,0.43105512673360014,0.5232244441577959,5
SVR,svr_regressor,Kernel,4300,raw,5.749237200966003,0.17733431394670754,4.329425776958057,0.11426246866539162,4.552162896895213,0.17030010049841202,14.31319075398232,0.7827032813362231,29.33911115112853,1.2946042174891152,0.25095822128421896,0.008610541949716622,0.8526387223535604,0.07440089007231962,1.0,0.0,0.7502325581395348,0.019619831911066313,0.4699965477146241,0.025399720811055387,0.0006976744186046512,0.0010400316174417625,0.999523629177094,0.0006526019554984467,0.6333366808300934,0.5055178742387527,5
SVR,svr_regressor,Kernel,4300,projected,4.19262222099685e-14,5.857533861038075e-16,2.0794782312015667e-14,7.498928525295538e-16,3.688624476565162e-14,1.4176233032036986e-15,8.540357341219062e-14,2.4367864751681427e-15,1.3725747042392282e-13,1.9310299896322944e-14,0.0,0.0,0.0,0.0,0.0,0.0,0.0,0.0,0.4699965477146241,0.025399720811055387,0.0006976744186046512,0.0010400316174417625,0.999523629177094,0.0006526019554984467,0.6333366808300934,0.5055178742387527,5
SVR,svr_regressor,Kernel,500,raw,10.066959345570407,0.5328703329359464,7.47910221893959,0.6939971603399315,8.028722451709468,1.013742663631531,24.82947755979908,3.354839526421001,36.381690131064275,4.8359586995950306,0.2714375090950548,0.027881605059696262,1.0275474147093697,0.1296773853272409,1.0,0.0,0.6839999999999999,0.045607017003965536,0.6357673903530189,0.02561789496132153,0.0,0.0,1.0,0.0,1.0,0.0,5
SVR,svr_regressor,Kernel,500,projected,4.172263899547694e-14,2.4960041676013848e-15,2.0407812138038767e-14,3.0036162633220404e-15,3.6508914634317747e-14,1.8302499189150044e-15,7.885712620974307e-14,1.0244777151799968e-14,1.0520301249733568e-13,1.7304003603260777e-14,0.0,0.0,0.0,0.0,0.0,0.0,0.0,0.0,0.6357673903530189,0.02561789496132153,0.0,0.0,1.0,0.0,1.0,0.0,5
SVR,svr_regressor,Kernel,5250,raw,5.116906678155454,0.16689688877200792,3.90984576396792,0.13985138968685795,3.960230054243148,0.14144688443311834,12.884030957264201,0.8602544412742688,28.23055199714426,1.4513578393175297,0.240952701720167,0.009602861097369216,0.8177695018212235,0.04870098197436627,1.0,0.0,0.7493333333333333,0.015377339985641711,0.43290193128950605,0.013624927491234003,0.00019047619047619048,0.0004259177099999599,0.9999911531890933,1.978207057159596e-05,0.990710848547911,0.020771174100161667,5
SVR,svr_regressor,Kernel,5250,projected,4.204591968535875e-14,7.707282629787186e-16,2.072592665026603e-14,5.561527695269792e-16,3.7325709325503674e-14,1.172888801148633e-15,8.57456386743936e-14,1.8533950977572762e-16,1.4234953907066157e-13,1.3281901625701323e-14,0.0,0.0,0.0,0.0,0.0,0.0,0.0,0.0,0.43290193128950605,0.013624927491234003,0.00019047619047619048,0.0004259177099999599,0.9999911531890933,1.978207057159596e-05,0.990710848547911,0.020771174100161667,5
SVR,svr_regressor,Kernel,6200,raw,4.573528161591422,0.18821675505723473,3.554445552006,0.1916069196882542,3.5334063700718836,0.1403505278337232,11.796370336108371,0.8314622450198343,26.307688667764022,2.735935493715105,0.23767671911845767,0.010443912718226197,0.805777324005383,0.03948824366287969,1.0,0.0,0.7512903225806451,0.014331260084470627,0.41527072397636877,0.014609755311295086,0.0003225806451612903,0.00044171173992352107,0.9998096070311739,0.0003500857373371731,0.7639127186555151,0.4341063142981016,5
SVR,svr_regressor,Kernel,6200,projected,4.1967832045192575e-14,4.813217502309663e-16,2.1010123967427946e-14,4.1564564809511347e-16,3.67537358517752e-14,8.835421512636413e-16,8.627568559662565e-14,7.768820225218346e-16,1.4648451297316718e-13,4.010157887220838e-15,0.0,0.0,0.0,0.0,0.0,0.0,0.0,0.0,0.41527072397636877,0.014609755311295086,0.0003225806451612903,0.00044171173992352107,0.9998096070311739,0.0003500857373371731,0.7639127186555151,0.4341063142981016,5
SVR,svr_regressor,Kernel,7150,raw,4.143418054876072,0.17491597969421105,3.274091875929295,0.22957104575114273,3.188286561382719,0.11055567122664277,10.885698857573571,0.6567334493297476,23.293295084139668,2.376689653592027,0.23177948477607066,0.00794380538107057,0.7758410508556747,0.033190621128555246,1.0,0.0,0.7511888111888112,0.003811028417745076,0.3970713641434261,0.01104805488428429,0.0,0.0,1.0,0.0,1.0,0.0,5
SVR,svr_regressor,Kernel,7150,projected,4.1613412796802365e-14,7.111763610734112e-16,2.0783008133091306e-14,5.615358304657689e-16,3.642691453671664e-14,2.738723530587518e-16,8.617428307610932e-14,2.0639472641871128e-15,1.4218888632489759e-13,7.875329634990352e-15,0.0,0.0,0.0,0.0,0.0,0.0,0.0,0.0,0.3970713641434261,0.01104805488428429,0.0,0.0,1.0,0.0,1.0,0.0,5
SVR,svr_regressor,Kernel,8100,raw,3.7748044071415814,0.14403377770494577,3.0292453291141728,0.2092459450830897,2.854535983208463,0.08795822439395996,10.067375919458541,0.6127592404192381,23.861006281576472,3.0296594144141658,0.2277514185011261,0.010045635104666929,0.7594354395514509,0.027936933419172343,1.0,0.0,0.7587654320987655,0.00526322808575117,0.38175836065929963,0.011068587955173141,0.0,0.0,1.0,0.0,1.0,0.0,5
SVR,svr_regressor,Kernel,8100,projected,4.217435435081339e-14,4.638680572774619e-16,2.0846101900958427e-14,8.027203032027749e-16,3.72209135672797e-14,7.202128299256364e-16,8.540080045015608e-14,2.1522927347565287e-15,1.48854729722698e-13,1.5867030916041377e-14,0.0,0.0,0.0,0.0,0.0,0.0,0.0,0.0,0.38175836065929963,0.011068587955173141,0.0,0.0,1.0,0.0,1.0,0.0,5
SVR,svr_regressor,Kernel,9050,raw,3.5105627434505093,0.12490153947861764,2.825587848097215,0.1757241035876206,2.657118853676807,0.08149343663902639,9.214399719435995,0.38282616774634026,23.641924228810176,2.7594157401085733,0.22397234514552097,0.009821968575367428,0.7528740109476856,0.038976364225162576,1.0,0.0,0.7615469613259668,0.008887990078316097,0.3738394571401332,0.012300203768786365,0.00022099447513812157,0.0003026091477929095,0.9999519949765716,8.730580097061529e-05,0.9131109075946092,0.15802349975685462,5
SVR,svr_regressor,Kernel,9050,projected,4.227932440925425e-14,4.757401687101407e-16,2.1147931823809637e-14,6.312966124609745e-16,3.7078539154024356e-14,5.755470229730249e-16,8.681444756191927e-14,1.2358364269926816e-15,1.4746750384612782e-13,1.7304597281911487e-14,0.0,0.0,0.0,0.0,0.0,0.0,0.0,0.0,0.3738394571401332,0.012300203768786365,0.00022099447513812157,0.0003026091477929095,0.9999519949765716,8.730580097061529e-05,0.9131109075946092,0.15802349975685462,5
TabNet,tabnet_regressor,Neural networks,10000,raw,7.239300865945379,1.0855906255657946,6.074614414795419,1.45737070222279,6.2023394802356515,1.2593726794111741,13.766955542638277,1.860238852711821,92.3491968512263,10.444379338460616,0.08272015334281638,0.029845898361059716,0.34635126557617607,0.08292358621510121,1.0,0.0,0.6048,0.11815117434879775,0.5445931128653737,0.04695656138075843,0.0004,0.00041833001326703777,0.9997397796207107,0.0003092107163083338,0.549374740334351,0.5120425188519092,5
TabNet,tabnet_regressor,Neural networks,10000,projected,4.237753562663864e-14,3.432564310568653e-16,2.0905655499391368e-14,5.145546575900603e-16,3.743321788110997e-14,3.251337104668477e-16,8.620736430477285e-14,1.7141563459157305e-15,1.3857907849680595e-13,8.474647909909182e-15,0.0,0.0,0.0,0.0,0.0,0.0,0.0,0.0,0.5445931128653737,0.04695656138075843,0.0004,0.00041833001326703777,0.9997397796207107,0.0003092107163083338,0.549374740334351,0.5120425188519092,5
TabNet,tabnet_regressor,Neural networks,1450,raw,28.3510432079991,9.616587381022685,17.776088089363373,4.4089567140743675,24.824704593852864,9.713471853643732,61.05148366449778,17.362146276981314,110.20774544817887,6.9873789076926744,0.2729331576119557,0.08211200702535305,0.9899967159633676,0.30639657586363866,1.0,0.0,0.713103448275862,0.07536672135151593,1.6326504633392844,0.350656510820506,0.009655172413793104,0.008586137653785332,0.9939148767893741,0.003782971004176974,0.03699204807058023,0.08271323344051607,5
TabNet,tabnet_regressor,Neural networks,1450,projected,4.213328162553313e-14,9.247024830184534e-16,2.0908260935814617e-14,1.6787984846124222e-15,3.626426465922091e-14,2.392472301658071e-16,8.279948222794911e-14,8.237605020386973e-15,1.2649747363528701e-13,1.089370017163393e-14,0.0,0.0,0.0,0.0,0.0,0.0,0.0,0.0,1.6326504633392844,0.350656510820506,0.009655172413793104,0.008586137653785332,0.9939148767893741,0.003782971004176974,0.03699204807058023,0.08271323344051607,5
TabNet,tabnet_regressor,Neural networks,2400,raw,16.5002455580857,5.517517160747215,12.136750545909853,4.104785686692573,13.155420961840656,4.291288957871367,38.572188143054014,15.066673421810144,94.12323638322096,27.239880145662088,0.28980047316168916,0.07710918346972931,0.9747691336309021,0.14960963307870603,1.0,0.0,0.7716666666666667,0.06751735887903197,1.1935220790591028,0.33591268556768844,0.003333333333333333,0.004320091948609941,0.9982949960698166,0.0019208969187147979,0.5429182260869848,0.45581065113489005,5
TabNet,tabnet_regressor,Neural networks,2400,projected,4.23756856301129e-14,5.058486850342247e-16,2.0579598646163767e-14,9.118288901472102e-16,3.754243749504246e-14,1.1680065443317712e-15,8.453631596455132e-14,2.3169542433897802e-15,1.335518665576225e-13,1.085776704691033e-14,0.0,0.0,0.0,0.0,0.0,0.0,0.0,0.0,1.1935220790591028,0.33591268556768844,0.003333333333333333,0.004320091948609941,0.9982949960698166,0.0019208969187147979,0.5429182260869848,0.45581065113489005,5
TabNet,tabnet_regressor,Neural networks,3350,raw,12.434127138559813,2.074075693839573,9.028966242430219,1.8376999500201157,10.371702909460062,1.7448245192419904,26.851150048456624,5.431780385534702,82.48300998785865,18.251766735271314,0.28561610733460313,0.07355002727076018,0.8512528572039871,0.10628562473446275,1.0,0.0,0.8417910447761194,0.12013302940425141,0.8888465382510852,0.06821252415955104,0.0014925373134328358,0.0014925373134328358,0.9986601058712908,0.0014039434094393827,0.4483110803089822,0.5131847164179604,5
TabNet,tabnet_regressor,Neural networks,3350,projected,4.23105503065106e-14,1.0674952806326816e-15,2.09804061274919e-14,1.3145127036018127e-15,3.6842000511680575e-14,1.0280537049879672e-15,8.497089438850199e-14,3.8792780915068006e-15,1.3441868687259203e-13,1.0914252971624565e-14,0.0,0.0,0.0,0.0,0.0,0.0,0.0,0.0,0.8888465382510852,0.06821252415955104,0.0014925373134328358,0.0014925373134328358,0.9986601058712908,0.0014039434094393827,0.4483110803089822,0.5131847164179604,5
TabNet,tabnet_regressor,Neural networks,4300,raw,11.1370746015578,2.0794843952278814,8.18007704101446,2.1539729916347587,9.189490506657162,1.7215905611657816,24.882713429113917,5.109797150289769,81.17642110560232,20.397428881265355,0.19240724185140662,0.047034291128332545,0.6130672706097761,0.1397852899984007,1.0,0.0,0.7823255813953488,0.0847936763563595,0.7302974675488437,0.09275412408189812,0.0002325581395348837,0.0005200158087208813,0.999951890138617,0.00010757692044070295,0.9586255192105234,0.09251615157902897,5
TabNet,tabnet_regressor,Neural networks,4300,projected,4.267572588712082e-14,9.61443325638425e-16,2.1097526475497012e-14,1.1288802414406364e-15,3.8428648392252235e-14,1.3156278826989638e-15,8.620815150435254e-14,3.0125287092739887e-15,1.3986232729696308e-13,1.4617554262534642e-14,0.0,0.0,0.0,0.0,0.0,0.0,0.0,0.0,0.7302974675488437,0.09275412408189812,0.0002325581395348837,0.0005200158087208813,0.999951890138617,0.00010757692044070295,0.9586255192105234,0.09251615157902897,5
TabNet,tabnet_regressor,Neural networks,500,raw,47.54267429793869,4.866681969746688,25.116216160854787,3.531608906009663,44.606191539528304,5.851409229948351,89.83407465804575,9.601284586544415,134.1469155569489,33.376332908677185,0.21560056485133644,0.04173709404702615,1.0468265361592355,0.255040521071726,1.0,0.0,0.458,0.05630275304103698,2.442261522432301,0.30173387130683416,0.022,0.01788854381999832,0.986751589745029,0.008724674245446744,0.20990494343277444,0.44219682009696404,5
TabNet,tabnet_regressor,Neural networks,500,projected,4.2106766743233366e-14,2.4445410497746267e-15,2.0261905645611368e-14,2.452808456740486e-15,3.7412871500852606e-14,2.3721093628820646e-15,7.885304452673569e-14,1.1615967827726678e-14,1.1240951429275779e-13,1.219811977333889e-14,0.0,0.0,0.0,0.0,0.0,0.0,0.0,0.0,2.442261522432301,0.30173387130683416,0.022,0.01788854381999832,0.986751589745029,0.008724674245446744,0.20990494343277444,0.44219682009696404,5
TabNet,tabnet_regressor,Neural networks,5250,raw,9.517975230730567,1.513372228290394,7.0248616155088985,1.6085894903250184,7.780112788396906,1.1714742208886393,21.449026569612748,4.430546705195812,69.36697609738908,21.003676516087726,0.19837248902945975,0.06470837987276078,0.7006337866742716,0.16097884696975076,1.0,0.0,0.7394285714285714,0.07484102577010818,0.7083930361640383,0.13316124599966123,0.0005714285714285715,0.000521640530957301,0.9996299414141985,0.0004549338037108307,0.6114384849084531,0.4776804938963401,5
TabNet,tabnet_regressor,Neural networks,5250,projected,4.235567616684508e-14,7.635271344335981e-16,2.0923122381368933e-14,5.035376609639514e-16,3.74278494515952e-14,1.1850654730566433e-15,8.636514529303003e-14,8.50055892995075e-16,1.3749320586617872e-13,1.802939959825391e-14,0.0,0.0,0.0,0.0,0.0,0.0,0.0,0.0,0.7083930361640383,0.13316124599966123,0.0005714285714285715,0.000521640530957301,0.9996299414141985,0.0004549338037108307,0.6114384849084531,0.4776804938963401,5
TabNet,tabnet_regressor,Neural networks,6200,raw,10.055140643313408,3.3863914343370647,7.577771188172794,0.9909178208251994,8.412052465596597,3.6422790448684874,21.581122519557034,5.729362150820836,93.2843175305308,30.43755927491843,0.1478135276974682,0.03996565820958231,0.528916530942857,0.10232217099122257,1.0,0.0,0.6964516129032259,0.12991832862372782,0.6767359099164255,0.08576461028394655,0.0004838709677419355,0.0007213122508063838,0.9996722297032328,0.0007184918621955581,0.7935626716722399,0.4438310432247174,5
TabNet,tabnet_regressor,Neural networks,6200,projected,4.238444449460353e-14,5.790748539186827e-16,2.094522962558699e-14,4.851078349906497e-16,3.783032415387735e-14,1.0163967822291408e-15,8.569785218678257e-14,2.1402428162836504e-15,1.4205207685517845e-13,7.928051311243557e-15,0.0,0.0,0.0,0.0,0.0,0.0,0.0,0.0,0.6767359099164255,0.08576461028394655,0.0004838709677419355,0.0007213122508063838,0.9996722297032328,0.0007184918621955581,0.7935626716722399,0.4438310432247174,5
TabNet,tabnet_regressor,Neural networks,7150,raw,13.21927861451005,8.692058040336974,7.586497397964313,1.5444614843167126,12.160712443848722,9.571628544200356,24.0174552024861,10.242700488722448,93.33269043421299,18.108108610196243,0.184583505165453,0.0595523728775743,0.5588313911737919,0.13703666687889968,1.0,0.0,0.7804195804195804,0.12589549158219984,0.6609101307829656,0.11105989457269287,0.0008391608391608392,0.0009117765601682026,0.9994593577479064,0.0005697834095074024,0.4752540218160256,0.5030242579327009,5
TabNet,tabnet_regressor,Neural networks,7150,projected,4.2124778759290485e-14,4.71037780013087e-16,2.0893623076372604e-14,4.612891225983512e-16,3.6752699956481296e-14,8.491784888261963e-16,8.58045733521878e-14,1.5654122096811236e-15,1.3750192970033917e-13,9.671470490327955e-15,0.0,0.0,0.0,0.0,0.0,0.0,0.0,0.0,0.6609101307829656,0.11105989457269287,0.0008391608391608392,0.0009117765601682026,0.9994593577479064,0.0005697834095074024,0.4752540218160256,0.5030242579327009,5
TabNet,tabnet_regressor,Neural networks,8100,raw,10.244289861616195,6.437280692004058,6.661626117214269,2.7013816948458778,9.264785149927192,6.766706278211318,20.22293118141801,10.848382062905646,86.86492803174168,20.597708016280478,0.16070201026535777,0.04998588395294206,0.512562242318083,0.08405497178980237,1.0,0.0,0.7287654320987654,0.09613848258721176,0.6406854580768242,0.2623353851675107,0.0003703703703703704,0.0005521155499999481,0.9998020954256394,0.0003465301169657979,0.7850327061825807,0.33654179223812425,5
TabNet,tabnet_regressor,Neural networks,8100,projected,4.248618700847909e-14,5.056503027412161e-16,2.1089119157572513e-14,6.64640739734465e-16,3.776526015009986e-14,1.0239100661763333e-15,8.625832850308096e-14,2.3055840086197975e-15,1.4881226635648446e-13,1.1433144877083957e-14,0.0,0.0,0.0,0.0,0.0,0.0,0.0,0.0,0.6406854580768242,0.2623353851675107,0.0003703703703703704,0.0005521155499999481,0.9998020954256394,0.0003465301169657979,0.7850327061825807,0.33654179223812425,5
TabNet,tabnet_regressor,Neural networks,9050,raw,9.06622197625849,2.570669157412215,5.799532251226574,1.5431673845980582,7.865932708727051,2.6644190692508083,18.70322146248154,4.036347734889022,58.81812359184793,30.11062646053134,0.1375167341477539,0.02965085074510969,0.483100043501515,0.10176343176907324,1.0,0.0,0.7238674033149171,0.1488985639039263,0.5917745208839462,0.07393978417846797,0.00033149171270718233,0.0007412380035910905,0.9996685094051028,0.00074123550409228,0.8000003853825242,0.44721273375843645,5
TabNet,tabnet_regressor,Neural networks,9050,projected,4.211829303753757e-14,4.018894252216195e-16,2.074166155926159e-14,6.883813414817773e-16,3.6771238366480646e-14,5.245733344033629e-16,8.475175741538796e-14,3.093753492039414e-15,1.522064791277271e-13,1.0568932377503253e-14,0.0,0.0,0.0,0.0,0.0,0.0,0.0,0.0,0.5917745208839462,0.07393978417846797,0.00033149171270718233,0.0007412380035910905,0.9996685094051028,0.00074123550409228,0.8000003853825242,0.44721273375843645,5
XGBoost,xgboost_regressor,Boosting,10000,raw,1.3770688396595498,0.09825622936139486,0.6673533117524066,0.03456439505315552,1.2592580044261943,0.09900719052425186,2.607663489358454,0.15973724574583234,6.202809924303969,1.0542940038090685,0.026690839487084395,0.008123127756437207,0.13947069584457625,0.035703394706588114,1.0,0.0,0.39720000000000005,0.06054192762045159,0.3002643510132572,0.011250579082727568,0.0,0.0,1.0,0.0,1.0,0.0,5
XGBoost,xgboost_regressor,Boosting,10000,projected,4.247420449839334e-14,2.6664192721329884e-16,2.105357142456137e-14,5.307063764970654e-16,3.766140657544807e-14,7.367288093166639e-16,8.517873709212368e-14,1.971124758378812e-15,1.479540371006541e-13,3.535321663098512e-15,0.0,0.0,0.0,0.0,0.0,0.0,0.0,0.0,0.3002643510132572,0.011250579082727568,0.0,0.0,1.0,0.0,1.0,0.0,5
XGBoost,xgboost_regressor,Boosting,1450,raw,2.363598450697735,0.24553089094683325,1.0047277222586173,0.07715429881233744,2.230552166067777,0.2298559610617583,4.081418921029553,0.3033808687674648,6.927005559792391,1.0807308267294764,0.015707739812235694,0.003314605904834009,0.07926488150710989,0.019853095457572342,1.0,0.0,0.35379310344827586,0.041565672290494265,0.48890141647008745,0.06533933926490403,0.000689655172413793,0.001542115846551579,0.9995100097372355,0.0010956515358544212,0.8579028237982895,0.3177389453977902,5
XGBoost,xgboost_regressor,Boosting,1450,projected,4.203089965785093e-14,1.4491907783227267e-15,2.0379518265046014e-14,8.934605750027433e-16,3.793356241549103e-14,1.8195304995312337e-15,8.167572014996178e-14,6.818661578339253e-15,1.2278397207206006e-13,1.3689536176916598e-14,0.0,0.0,0.0,0.0,0.0,0.0,0.0,0.0,0.48890141647008745,0.06533933926490403,0.000689655172413793,0.001542115846551579,0.9995100097372355,0.0010956515358544212,0.8579028237982895,0.3177389453977902,5
XGBoost,xgboost_regressor,Boosting,2400,raw,2.012586923715568,0.1624504661286134,0.9073332494361571,0.06696356705036655,1.853366450540077,0.19511616402717152,3.7029215963761013,0.19617534758818114,6.123264212841284,0.9197392613369025,0.017347324646347834,0.005185305187882737,0.09232191568618021,0.027758161640635756,1.0,0.0,0.3466666666666667,0.0505310341935198,0.42925979742694487,0.040219327083843306,0.00041666666666666664,0.0009316949906249122,0.9997386921774403,0.0005843020542958636,0.8745722451713582,0.28046498606202036,5
XGBoost,xgboost_regressor,Boosting,2400,projected,4.2652392726844206e-14,8.317722239678177e-16,2.1017552534978967e-14,1.0760032937798772e-15,3.7479049758191416e-14,1.2462663323295342e-15,8.368081786768404e-14,5.435004114677674e-15,1.34290590427702e-13,1.2404183058054209e-14,0.0,0.0,0.0,0.0,0.0,0.0,0.0,0.0,0.42925979742694487,0.040219327083843306,0.00041666666666666664,0.0009316949906249122,0.9997386921774403,0.0005843020542958636,0.8745722451713582,0.28046498606202036,5
XGBoost,xgboost_regressor,Boosting,3350,raw,1.8445334758401877,0.0932885160583337,0.8401170592055189,0.02903883012328179,1.7002447322998933,0.13153659793343506,3.427556621318465,0.11167817621020047,6.113315351170306,0.47797174846243307,0.017591220303337325,0.005847094105372931,0.08945860928083692,0.026482907811160857,1.0,0.0,0.34089552238805976,0.058138112267404896,0.3878227027338816,0.028091012316642048,0.00029850746268656717,0.0006674829783581462,0.9998003255123674,0.0004464857277187468,0.8662180932862256,0.29914543757153506,5
XGBoost,xgboost_regressor,Boosting,3350,projected,4.213847322064903e-14,6.953046020071832e-16,2.044076394370075e-14,5.829928485726004e-16,3.7608643576543115e-14,8.255223625417716e-16,8.310599953132422e-14,3.499414201231919e-15,1.306554696221705e-13,1.1588390403190813e-14,0.0,0.0,0.0,0.0,0.0,0.0,0.0,0.0,0.3878227027338816,0.028091012316642048,0.00029850746268656717,0.0006674829783581462,0.9998003255123674,0.0004464857277187468,0.8662180932862256,0.29914543757153506,5
XGBoost,xgboost_regressor,Boosting,4300,raw,1.6882333161893566,0.12561981520851004,0.7647520128785807,0.03312940409661843,1.568379630796056,0.1257534163985222,3.137628764491669,0.2028420415087261,5.4970245404499725,0.7954739353715005,0.01954299983701512,0.006304668650963393,0.10909980132644959,0.0337272855399494,1.0,0.0,0.34651162790697676,0.05264758801242683,0.3552567089874431,0.012856509153474766,0.0,0.0,1.0,0.0,1.0,0.0,5
XGBoost,xgboost_regressor,Boosting,4300,projected,4.2708021699599014e-14,1.0667094501905638e-15,2.1311779497535196e-14,1.5108214508093499e-15,3.7420117939629785e-14,1.0600791769680837e-15,8.576384901437862e-14,4.46037674923105e-15,1.4148028459153283e-13,1.3497959249156327e-14,0.0,0.0,0.0,0.0,0.0,0.0,0.0,0.0,0.3552567089874431,0.012856509153474766,0.0,0.0,1.0,0.0,1.0,0.0,5
XGBoost,xgboost_regressor,Boosting,500,raw,3.0750429499090983,0.26655283174582756,1.2363955879252346,0.09086453415811603,2.8412087462235105,0.29129057903928346,5.273326902874307,0.4989675795364661,7.095078629980149,0.8284205271830178,0.021689030656218477,0.0068435306048697,0.1264050984644569,0.05588147203092567,1.0,0.0,0.33399999999999996,0.028809720581775864,0.6264961461940526,0.07201011666247853,0.0,0.0,1.0,0.0,1.0,0.0,5
XGBoost,xgboost_regressor,Boosting,500,projected,4.449497142453965e-14,3.085431969354265e-15,2.238807442667536e-14,2.09076984392868e-15,3.977034079758219e-14,3.6602378874978745e-15,8.850540534325101e-14,2.154033572184541e-15,1.1882387956198787e-13,1.3928630436829947e-14,0.0,0.0,0.0,0.0,0.0,0.0,0.0,0.0,0.6264961461940526,0.07201011666247853,0.0,0.0,1.0,0.0,1.0,0.0,5
XGBoost,xgboost_regressor,Boosting,5250,raw,1.622565193608835,0.13395841946555576,0.7468138567157571,0.02735582460626093,1.5012787300761263,0.14667471608799443,3.042565161456676,0.11224536121138408,5.412942235045416,0.3230921484689209,0.021386486603281452,0.00733698305772571,0.11970313548801237,0.03896873122336197,1.0,0.0,0.35771428571428576,0.05599886620167425,0.34369530014598393,0.019950419422785935,0.00019047619047619048,0.0004259177099999599,0.9999338960313355,0.00014781296751635814,0.930590832902293,0.15520361589211457,5
XGBoost,xgboost_regressor,Boosting,5250,projected,4.241054797638338e-14,7.332272050745391e-16,2.072848036934568e-14,5.092056565356713e-16,3.741147261645666e-14,1.0019817029584399e-15,8.629593647003927e-14,1.106634902407724e-15,1.338813049808906e-13,7.86754294009392e-15,0.0,0.0,0.0,0.0,0.0,0.0,0.0,0.0,0.34369530014598393,0.019950419422785935,0.00019047619047619048,0.0004259177099999599,0.9999338960313355,0.00014781296751635814,0.930590832902293,0.15520361589211457,5
XGBoost,xgboost_regressor,Boosting,6200,raw,1.5628119401374594,0.12489051381043793,0.7376900307121946,0.03280358981296199,1.4351125815790928,0.13869918071442297,2.940943431239519,0.14894143726454334,5.201221378741594,0.3366271783555413,0.02307815014445713,0.008042676553620185,0.12119811762146497,0.035902576043417414,1.0,0.0,0.3696774193548387,0.06614034128319289,0.3291093624963694,0.014798525664977184,0.0,0.0,1.0,0.0,1.0,0.0,5
XGBoost,xgboost_regressor,Boosting,6200,projected,4.1960401114677185e-14,6.783347436485108e-16,2.0706614550744558e-14,5.264284617228687e-16,3.721407873747603e-14,1.1569144703687147e-15,8.55051710670004e-14,1.4800909394808743e-15,1.4070618771372149e-13,1.0975395904120957e-14,0.0,0.0,0.0,0.0,0.0,0.0,0.0,0.0,0.3291093624963694,0.014798525664977184,0.0,0.0,1.0,0.0,1.0,0.0,5
XGBoost,xgboost_regressor,Boosting,7150,raw,1.4863997702635448,0.13999683828119772,0.7014698214090505,0.020387387192505848,1.3619450540191482,0.14698018281474318,2.798862522609183,0.15932370055029013,5.445988803539079,0.7121533506360486,0.024124519665622596,0.007115093943277035,0.1294891434021338,0.03453231166087959,1.0,0.0,0.3756643356643357,0.05847090633279389,0.31943930958605965,0.01772809133675153,0.0,0.0,1.0,0.0,1.0,0.0,5
XGBoost,xgboost_regressor,Boosting,7150,projected,4.219866890594045e-14,5.996378956424636e-16,2.0610360530766426e-14,4.099514652140406e-16,3.7271686938520215e-14,1.198787649145584e-15,8.456722349936901e-14,1.849349221424781e-15,1.349165414795154e-13,9.538823639772975e-15,0.0,0.0,0.0,0.0,0.0,0.0,0.0,0.0,0.31943930958605965,0.01772809133675153,0.0,0.0,1.0,0.0,1.0,0.0,5
XGBoost,xgboost_regressor,Boosting,8100,raw,1.4416999883327672,0.09819383285387624,0.6958182724234078,0.022697028245918016,1.3148292961537873,0.1113087982351054,2.72660573880776,0.15952936073982674,5.936170722219158,0.9578771692162239,0.025611326397699634,0.007656034030069365,0.13057532472564365,0.03369725561045602,1.0,0.0,0.3833333333333333,0.06493962116609202,0.31260396319709194,0.012000361152953687,0.0,0.0,1.0,0.0,1.0,0.0,5
XGBoost,xgboost_regressor,Boosting,8100,projected,4.259202689995719e-14,5.711293129685098e-16,2.103161432585299e-14,2.262230069872091e-16,3.743442929745277e-14,9.393733104911136e-16,8.639583195048517e-14,4.0819786458342977e-16,1.490414264719093e-13,1.225276212185636e-14,0.0,0.0,0.0,0.0,0.0,0.0,0.0,0.0,0.31260396319709194,0.012000361152953687,0.0,0.0,1.0,0.0,1.0,0.0,5
XGBoost,xgboost_regressor,Boosting,9050,raw,1.3981622735746453,0.08704454634367666,0.6908256918416182,0.023862407396957382,1.2678467791193169,0.09085435732454764,2.692231952625,0.13847834646535082,5.8176111339390335,0.5558019841313059,0.02604199163895255,0.007694184246975146,0.1372234091044388,0.03283279622644295,1.0,0.0,0.3876243093922652,0.06050114773306707,0.3079372712070812,0.011174326214769513,0.0,0.0,1.0,0.0,1.0,0.0,5
XGBoost,xgboost_regressor,Boosting,9050,projected,4.224763660957047e-14,2.3577847533415215e-16,2.093217896856052e-14,5.155734975754392e-16,3.716150394675299e-14,8.89953523745868e-16,8.605648111020775e-14,1.27003028503082e-15,1.5043244260647755e-13,1.1949985850630907e-14,0.0,0.0,0.0,0.0,0.0,0.0,0.0,0.0,0.3079372712070812,0.011174326214769513,0.0,0.0,1.0,0.0,1.0,0.0,5
