model,model_key,model_category,regime,split,prediction_type,component,unit,MSE,RMSE,MAE,bias,maximum_absolute_error,R2,nMSE_component,nRMSE_component,nMAE_component,negative_count,negative_magnitude_mean,projection_displacement_mean,projection_displacement_standardized_mean
XGBoost,xgboost_regressor,Boosting,mild,ood,raw,S_O,g O2/m^3,0.28458936255206124,0.5334691767591275,0.38060439081880715,-0.26211832896077436,1.8697283655971697,0.9198543304364869,0.15117243756559565,0.3888089988228097,0.27739636812914303,2,5.75203588232398e-05,,
XGBoost,xgboost_regressor,Boosting,mild,ood,projected,S_O,g O2/m^3,0.2845831339300677,0.5334633388810028,0.3805468570724273,-0.2620607996511128,1.8697283655964463,0.9198560845325489,0.15116912895292997,0.38880474399488746,0.27735443573772656,0,0.0,5.7702769835207684e-05,4.2055580990127484e-05
XGBoost,xgboost_regressor,Boosting,mild,ood,raw,S_F,g COD/m^3,15.068479312762465,3.8818139204194817,0.7123434330720773,-0.14500962311266227,62.651719534428025,0.6240253173806598,1.216075295741322,1.1027580404337671,0.20236478730684182,0,0.0,,
XGBoost,xgboost_regressor,Boosting,mild,ood,projected,S_F,g COD/m^3,15.068479542897116,3.8818139500621505,0.712343423784614,-0.14500963740271472,62.651721000227184,0.624025311638554,1.216075314313937,1.1027580488547508,0.2023647846684298,0,0.0,5.493422995902127e-08,1.5605890705807418e-08
XGBoost,xgboost_regressor,Boosting,mild,ood,raw,S_A,g COD/m^3,26.362962333479945,5.134487543414624,1.7885706152793304,-0.08853471259071546,54.1882851952316,0.8744553969377632,0.06879888477085773,0.2622954150778426,0.0913691713075484,35,0.01922795684930558,,
XGBoost,xgboost_regressor,Boosting,mild,ood,projected,S_A,g COD/m^3,26.33506578205684,5.131770238626905,1.7693429096957007,-0.06930697554482651,54.18828514334179,0.874588244735022,0.06872608370993807,0.26215660149982506,0.09038692352246594,0,0.0,0.019228737461455668,0.00098230049858514
XGBoost,xgboost_regressor,Boosting,mild,ood,raw,S_NH4,g N/m^3,21.296006570843808,4.614759643886538,2.6830913581265796,-1.1712640526140583,21.041357567802322,0.9151023055600115,0.13825028401088252,0.3718202307713803,0.21618193035924227,47,0.016724969293766965,,
XGBoost,xgboost_regressor,Boosting,mild,ood,projected,S_NH4,g N/m^3,11.502542296702595,3.391539812047412,1.9393666725663896,-0.27474527251164127,20.084724807411277,0.9541444862941828,0.07467267321111244,0.2732630110554893,0.15625857452819666,0,0.0,1.1380742759481934,0.0916968753678459
XGBoost,xgboost_regressor,Boosting,mild,ood,raw,S_NO2,g N/m^3,10.408111623025185,3.2261605079451927,1.9605417554759708,0.2006883757142255,23.566364553148176,0.6436497746124125,0.5850258723485543,0.7648698401352705,0.4648123536930059,83,0.05839952927393218,,
XGBoost,xgboost_regressor,Boosting,mild,ood,projected,S_NO2,g N/m^3,9.51767515107489,3.0850729571721462,1.8602604719384852,0.41217632607353155,22.52034478349048,0.6741363075172727,0.5349756430042347,0.731420291627348,0.4410373030968005,0,0.0,0.23970556041833485,0.05683026409417008
XGBoost,xgboost_regressor,Boosting,mild,ood,raw,S_NO3,g N/m^3,30.203243953240417,5.495747806553756,3.521963437545694,-1.2669719422014942,21.74634026153342,0.8922457154911471,0.21241668831459545,0.46088684979569056,0.2953604661207917,55,0.05723171533395847,,
XGBoost,xgboost_regressor,Boosting,mild,ood,projected,S_NO3,g N/m^3,26.133835211037855,5.112126290599427,3.0694212578189735,-0.45872743827523893,27.336591534565358,0.9067638986395854,0.1837969039710534,0.4287154113990462,0.2574091723286712,0,0.0,1.4663947118557112,0.12297544630746832
XGBoost,xgboost_regressor,Boosting,mild,ood,raw,S_N2,g N/m^3,12.485015932984663,3.5334142034277076,2.192758561605797,0.12972505072870116,19.457984261543977,0.7578649061164646,0.35834910112157736,0.5986226700698675,0.371491964823614,24,0.02518249214316408,,
XGBoost,xgboost_regressor,Boosting,mild,ood,projected,S_N2,g N/m^3,10.834999837917588,3.2916560935063655,2.0121643817920587,0.4443342070101119,18.854567213802827,0.7898654100992336,0.31098978755103646,0.557664583375201,0.3408961263809247,0,0.0,0.4458103295902781,0.07552813071990587
XGBoost,xgboost_regressor,Boosting,mild,ood,raw,S_PO4,g P/m^3,3.8579108570023877,1.9641565255860816,1.3140271598628528,0.07470087294948267,12.531482929885126,0.8972914053743518,0.09495060314466325,0.3081405574484853,0.20614704391839156,16,0.011512339742233356,,
XGBoost,xgboost_regressor,Boosting,mild,ood,projected,S_PO4,g P/m^3,3.119165915446513,1.7661160537876646,1.1646884035083083,0.052022572965002754,11.941241668541839,0.916958903547953,0.07676866987280388,0.27707159701565204,0.18271849989335678,0,0.0,0.2973804779564264,0.04665360680684418
XGBoost,xgboost_regressor,Boosting,mild,ood,raw,S_I,g COD/m^3,0.15350980051531557,0.39180326761694517,0.27285449810755513,0.008223267729578003,1.6588661378214624,0.9997122136504514,0.0002878303698609267,0.01696556423644456,0.011814935957533503,0,0.0,,
XGBoost,xgboost_regressor,Boosting,mild,ood,projected,S_I,g COD/m^3,2.232277353205367e-23,4.724698247724787e-12,4.442810563887178e-12,4.442810563887178e-12,8.526512829121202e-12,1.0,4.185512677681889e-26,2.0458525552155241e-13,1.923791714919391e-13,0,0.0,0.27285449810761175,0.011814935957535952
XGBoost,xgboost_regressor,Boosting,mild,ood,raw,S_ALK,mol/m^3,1.1239914133200273,1.0601846128481716,0.7854463101525968,0.2346220565999243,3.7999067335331205,0.9995827054156575,0.0004158405723955717,0.02039216938914474,0.015107702949660002,0,0.0,,
XGBoost,xgboost_regressor,Boosting,mild,ood,projected,S_ALK,mol/m^3,0.2495538935003789,0.4995536943116114,0.32635026144768936,-0.014621435361479106,2.9870029446432795,0.9999073502813054,9.232689208026359e-05,0.009608688364197456,0.006277199018908994,0,0.0,0.7419341152818507,0.014270765648793142
XGBoost,xgboost_regressor,Boosting,mild,ood,raw,X_I,g COD/m^3,3.4793490101730042,1.8653013188686176,1.3147118492787857,-0.9752972894053257,6.988628963433683,0.9958740907775043,0.0040962409765046255,0.06400188260125342,0.0451101559736496,0,0.0,,
XGBoost,xgboost_regressor,Boosting,mild,ood,projected,X_I,g COD/m^3,5.268710242267087,2.295367125813883,1.609686003912131,-1.014651352405513,10.087662305161857,0.9937522162577918,0.006202857696828446,0.07875822304260327,0.055231255993403054,0,0.0,0.6662851212938775,0.0228614549727964
XGBoost,xgboost_regressor,Boosting,mild,ood,raw,X_S,g COD/m^3,251.1288905942793,15.847046746768918,7.506321528405731,-4.803129881753095,80.20494217713406,0.9184687851756278,0.13921038027780824,0.3731090728966642,0.17673177287110411,0,0.0,,
XGBoost,xgboost_regressor,Boosting,mild,ood,projected,X_S,g COD/m^3,251.1288905863656,15.847046746519226,7.506321528352931,-4.803129881700816,80.2049421771138,0.9184687851781971,0.13921038027342136,0.3731090728907853,0.176731772869861,0,0.0,6.804304083137443e-11,1.6020319929226107e-12
XGBoost,xgboost_regressor,Boosting,mild,ood,raw,X_H,g COD/m^3,137.429965064411,11.723052719510008,8.716292427509979,-2.879849920974576,40.07550220645612,0.9479338103287607,0.06608202643704628,0.2570642457383879,0.19113171220189892,0,0.0,,
XGBoost,xgboost_regressor,Boosting,mild,ood,projected,X_H,g COD/m^3,421.61646064147385,20.533301260184,14.67334388946618,-1.7623879465227057,106.21826709448487,0.8402680041577025,0.20273067875223338,0.45025623677216664,0.3217585188479189,0,0.0,11.693527205348136,0.2564168073782901
XGBoost,xgboost_regressor,Boosting,mild,ood,raw,X_PAO,g COD/m^3,6.130114186307186,2.4759067402281505,1.5251796684123435,0.3195835284444604,23.49720254676322,0.9789791354276252,0.020198659751700467,0.14212198898024353,0.08754835733716546,0,0.0,,
XGBoost,xgboost_regressor,Boosting,mild,ood,projected,X_PAO,g COD/m^3,6.662160019531405,2.581116041469543,1.6102070227945535,0.3977814797290548,23.510189687294144,0.9771546892482238,0.02195174500117439,0.14816121287696854,0.09242909719952963,0,0.0,0.47692961243404397,0.027376711740142928
XGBoost,xgboost_regressor,Boosting,mild,ood,raw,X_PP,g P/m^3,3.0449394083861594,1.7449754750099382,1.1694790708187697,0.13453800003201727,11.04405030380012,0.8700027448749728,0.10929833613622505,0.3306029886982649,0.2215694613304253,13,0.01627634932597478,,
XGBoost,xgboost_regressor,Boosting,mild,ood,projected,X_PP,g P/m^3,3.4339611921068127,1.8530950305116067,1.2407265215899919,-0.025359176000224606,11.936407765070278,0.8533942816890566,0.12326230322348783,0.351087315668749,0.23506800070787093,0,0.0,0.428038477743169,0.0810961540986365
XGBoost,xgboost_regressor,Boosting,mild,ood,raw,X_PHA,g COD/m^3,31.11224109635774,5.5778348036095275,3.4324656195320253,0.39716941932707045,35.82541452141213,0.8457642958729705,0.14003741410123008,0.3742157320333154,0.23028337692273523,50,0.07005033717801173,,
XGBoost,xgboost_regressor,Boosting,mild,ood,projected,X_PHA,g COD/m^3,30.977181858114477,5.565714855983415,3.362415281520613,0.46721975733844373,35.82541452141193,0.8464338380202171,0.13942950718718006,0.3734026073652674,0.22558371487803677,0,0.0,0.0700503380116555,0.004699662044714784
XGBoost,xgboost_regressor,Boosting,mild,ood,raw,X_AOB,g COD/m^3,0.39903096945151495,0.6316889815815335,0.44564351995881396,-0.09526097922993258,2.31120607655898,0.9531415931401266,0.05968908594087408,0.24431349930135682,0.17235812397664707,0,0.0,,
XGBoost,xgboost_regressor,Boosting,mild,ood,projected,X_AOB,g COD/m^3,0.38842883004203943,0.6232405876080596,0.4406880326050153,-0.09053730248787405,2.2980336425631736,0.9543866076880378,0.05810316389768237,0.24104597880421563,0.1704415281653366,0,0.0,0.013170552514170727,0.005093873514167053
XGBoost,xgboost_regressor,Boosting,mild,ood,raw,X_NOB,g COD/m^3,0.23527981642800427,0.4850565084894793,0.35816661673824446,-0.014817821485507452,1.892385178184977,0.9585648381459075,0.04643227290021802,0.21548149085296867,0.15911192860572604,0,0.0,,
XGBoost,xgboost_regressor,Boosting,mild,ood,projected,X_NOB,g COD/m^3,0.23362134904280524,0.483343924181121,0.3563658925957387,-0.012639020715317445,1.8571895457953485,0.9588569110724285,0.04610497576357972,0.21472069244388095,0.15831197495898408,0,0.0,0.008764057222373091,0.003893344555005887
XGBoost,xgboost_regressor,Boosting,mild,ood,raw,X_MeP,g TSS/m^3,1.8258996787812778,1.3512585536385247,0.8381068379170263,0.035275820967805384,10.621712084463876,0.9421272145791394,0.058396842521229085,0.24165438651352697,0.14988411596305823,1,0.0016871472199757895,,
XGBoost,xgboost_regressor,Boosting,mild,ood,projected,X_MeP,g TSS/m^3,1.465560983666763,1.2106035617272746,0.7315818146714946,0.06252482131950007,8.694334804144425,0.9535483261678738,0.04687230901183457,0.2165001362859492,0.1308335507907437,0,0.0,0.40029905453213765,0.07158809258556297
XGBoost,xgboost_regressor,Boosting,mild,ood,raw,X_MeOH,g TSS/m^3,0.7458472791516723,0.8636245012455773,0.5335941538661452,-0.05300183559039419,5.325774838573238,0.8933785301946364,0.1330895673872936,0.36481442869943287,0.22540218129439268,4,0.0013549944017237673,,
XGBoost,xgboost_regressor,Boosting,mild,ood,projected,X_MeOH,g TSS/m^3,0.7355025154238403,0.8576144328448772,0.5182663779511417,-0.044293764580223736,6.159231021424024,0.8948573502483949,0.13124363971852626,0.3622756405260037,0.2189273837341103,0,0.0,0.08304248555617655,0.03507901510698669
XGBoost,xgboost_regressor,Boosting,severe,ood,raw,S_O,g O2/m^3,0.9664818724995515,0.9830980991231504,0.7208204897946613,-0.5442084883833945,2.68288083853051,0.7836098610418722,0.5133903081215506,0.7165126015092481,0.5253564876430967,1,6.837068940512836e-07,,
XGBoost,xgboost_regressor,Boosting,severe,ood,projected,S_O,g O2/m^3,0.9664818915599219,0.9830981088171831,0.7208198368583669,-0.544207815400178,2.6828771648949066,0.7836098567743569,0.5133903182463234,0.7165126085745619,0.525356011762731,0,0.0,9.279503976666418e-07,6.763192341605555e-07
XGBoost,xgboost_regressor,Boosting,severe,ood,raw,S_F,g COD/m^3,107.94169092074044,10.389499069769458,1.852322983517926,-1.391186095463523,115.84842762717702,0.31244029876327417,8.711245573273,2.9514819283324436,0.5262138024725103,0,0.0,,
XGBoost,xgboost_regressor,Boosting,severe,ood,projected,S_F,g COD/m^3,107.94169077083465,10.389499062555165,1.8523229908017076,-1.3911860775796974,115.8484276271765,0.3124402997181339,8.711245561175117,2.9514819262829843,0.5262138045417101,0,0.0,5.1154676790806285e-08,1.4532183224989895e-08
XGBoost,xgboost_regressor,Boosting,severe,ood,raw,S_A,g COD/m^3,31.820913163823487,5.641002850896593,2.1891149582377536,-0.33811675417906734,39.314798836776355,0.8612970743533341,0.08304238766373791,0.28817076129222047,0.111830988344793,45,0.029906401517412935,,
XGBoost,xgboost_regressor,Boosting,severe,ood,projected,S_A,g COD/m^3,31.772898425989908,5.636745375302127,2.1592078260712433,-0.3082096209274702,39.314798836827386,0.8615063639038065,0.0829170845823266,0.2879532680528676,0.11030318180537231,0,0.0,0.029907386764282257,0.001527819545553724
XGBoost,xgboost_regressor,Boosting,severe,ood,raw,S_NH4,g N/m^3,105.46711659901247,10.269718428419178,5.733265560336707,-3.855726970159181,37.946081198146345,0.7598034761220739,0.6846757289972325,0.8274513453957474,0.4619404450548268,44,0.012165827460897465,,
XGBoost,xgboost_regressor,Boosting,severe,ood,projected,S_NH4,g N/m^3,34.11921291256867,5.84116537281463,3.2472605773295986,-1.1031691448279306,30.634966381777566,0.9222950564751992,0.22149649793254592,0.47063414446100904,0.261638150285251,0,0.0,3.004759973010288,0.24209940122393098
XGBoost,xgboost_regressor,Boosting,severe,ood,raw,S_NO2,g N/m^3,25.028528790993597,5.0028520656715,2.7350446895050626,-0.03018810486671543,25.9760260731314,0.422335277363982,1.4068197402072102,1.186094321800425,0.648434319765747,89,0.06091370982777638,,
XGBoost,xgboost_regressor,Boosting,severe,ood,projected,S_NO2,g N/m^3,22.956916403574905,4.791337642409989,2.605545554647001,0.41481733308045715,25.042392519596532,0.4701486109075095,1.2903772107634848,1.1359477148018233,0.6177321949543475,0,0.0,0.46633538948344816,0.11056048635063248
XGBoost,xgboost_regressor,Boosting,severe,ood,raw,S_NO3,g N/m^3,89.18686157377682,9.443879582765593,5.500803481537516,-2.696259086403048,37.493295142218656,0.7513242547296006,0.6272431466634362,0.7919868349053766,0.4613108310624578,57,0.07588969204574823,,
XGBoost,xgboost_regressor,Boosting,severe,ood,projected,S_NO3,g N/m^3,74.76087298934299,8.64643701124012,4.9364880738768475,-0.6728528974074189,44.134127239121554,0.7915475947955453,0.5257864711648151,0.7251113508729643,0.41398596105700725,0,0.0,2.6227151340001367,0.21994730445587854
XGBoost,xgboost_regressor,Boosting,severe,ood,raw,S_N2,g N/m^3,21.7606896030071,4.664835431503142,2.8648530480806484,0.24767075819859316,24.460977582309354,0.5913591373823794,0.6245825877099289,0.7903053762375205,0.48535662174453686,19,0.017218199366082747,,
XGBoost,xgboost_regressor,Boosting,severe,ood,projected,S_N2,g N/m^3,22.99064400870044,4.794855994573814,2.962561376534201,0.9508884767405186,25.817136742024086,0.5682620003663994,0.6598851502430121,0.8123331522491324,0.5019101354566257,0,0.0,0.8128114797952716,0.13770459682492775
XGBoost,xgboost_regressor,Boosting,severe,ood,raw,S_PO4,g P/m^3,5.030200496090708,2.242810847149333,1.5036546296367124,-0.1636872393784647,13.225299699099399,0.8724832503568022,0.12380290492598638,0.35185636973911155,0.2358961568238549,18,0.011585585127274195,,
XGBoost,xgboost_regressor,Boosting,severe,ood,projected,S_PO4,g P/m^3,4.135641523109397,2.0336276756351928,1.334058561327425,-0.2097042694892862,12.711307181692078,0.8951605278703697,0.1017860887834164,0.3190393216884345,0.2092896077280278,0,0.0,0.416901131145157,0.06540423091466223
XGBoost,xgboost_regressor,Boosting,severe,ood,raw,S_I,g COD/m^3,0.1394827146989944,0.3734738474096873,0.267425514240756,0.006153568240488424,1.4908522199894634,0.9997385152943759,0.0002615296302011167,0.016171877757425596,0.011579854266941653,0,0.0,,
XGBoost,xgboost_regressor,Boosting,severe,ood,projected,S_I,g COD/m^3,2.5764448621820395e-23,5.075869247904283e-12,4.717287301521841e-12,4.717287301521841e-12,1.0828671292983927e-11,1.0,4.8308256223299157e-26,2.1979139251412725e-13,2.0426435241979005e-13,0,0.0,0.2674255142408746,0.011579854266946788
XGBoost,xgboost_regressor,Boosting,severe,ood,raw,S_ALK,mol/m^3,2.333342116482918,1.5275281066097992,1.056735334907133,0.43482286311102825,6.817792678256723,0.9991447569207073,0.0008632613290584671,0.02938130917876988,0.02032582409494646,0,0.0,,
XGBoost,xgboost_regressor,Boosting,severe,ood,projected,S_ALK,mol/m^3,0.6754041051065333,0.8218297299967514,0.535580683639876,-0.06713133817301539,3.722935187625268,0.9997524432090186,0.00024987773601954725,0.015807521501473507,0.010301651136963234,0,0.0,0.9617565062131034,0.01849894947364069
XGBoost,xgboost_regressor,Boosting,severe,ood,raw,X_I,g COD/m^3,12.349846953488656,3.5142349030035906,2.3452734892641462,-2.067696746854183,14.022625299875003,0.9856843546793189,0.014539486839788358,0.12057979449222975,0.08047060118885184,0,0.0,,
XGBoost,xgboost_regressor,Boosting,severe,ood,projected,X_I,g COD/m^3,14.595433860959789,3.820397081581938,2.7313738131716647,-1.71061398972392,14.323102012872525,0.9830813243887256,0.017183218491827537,0.13108477597275564,0.09371840590172428,0,0.0,0.9002664602149512,0.030889780494805757
XGBoost,xgboost_regressor,Boosting,severe,ood,raw,X_S,g COD/m^3,1646.0892481141045,40.57202543765968,18.99926250987218,-14.953646232741827,164.66450765315886,0.7449598054650971,0.9124904333344591,0.955243651292412,0.44732607494983917,0,0.0,,
XGBoost,xgboost_regressor,Boosting,severe,ood,projected,X_S,g COD/m^3,1646.0892481149015,40.5720254376695,18.999262509876264,-14.953646232747278,164.6645076531184,0.7449598054649735,0.912490433334901,0.9552436512926432,0.44732607494993537,0,0.0,9.066377278562262e-12,2.1346233623154175e-13
XGBoost,xgboost_regressor,Boosting,severe,ood,raw,X_H,g COD/m^3,440.9037816065055,20.99770896089632,14.061773270469784,-5.031800112139016,70.20404567980432,0.8590872941643377,0.21200482251930533,0.46043981422038793,0.30834793854519377,0,0.0,,
XGBoost,xgboost_regressor,Boosting,severe,ood,projected,X_H,g COD/m^3,1285.396503064929,35.8524267388545,26.275577110666024,5.250286856502356,158.98078150147307,0.5891876938351379,0.6180719441921774,0.7861755174210002,0.5761734228195583,0,0.0,18.867852988086742,0.4137361242957913
XGBoost,xgboost_regressor,Boosting,severe,ood,raw,X_PAO,g COD/m^3,11.68444377362922,3.418251566755908,2.140394413742977,0.7843900819189978,21.718580677026637,0.9588584485022992,0.0385001154951708,0.19621446301221224,0.1228629117328236,0,0.0,,
XGBoost,xgboost_regressor,Boosting,severe,ood,projected,X_PAO,g COD/m^3,13.248871408981437,3.639899917440236,2.4156004939853997,1.250874381131269,19.657643504358198,0.9533500151210259,0.043654887584607574,0.20893752076783043,0.13866029007022634,0,0.0,0.7591291007201287,0.043575525658606416
XGBoost,xgboost_regressor,Boosting,severe,ood,raw,X_PP,g P/m^3,4.266517134956209,2.065554921796128,1.319014612149399,0.3671477182546669,13.356811297178012,0.8244080791680813,0.1531469633395964,0.3913399587821264,0.24990045943814218,13,0.019250011791785558,,
XGBoost,xgboost_regressor,Boosting,severe,ood,projected,X_PP,g P/m^3,4.604403236590105,2.1457873232429407,1.4132809659606316,0.09639881028231573,13.438509635680559,0.8105021067480471,0.16527541115383837,0.4065407865809264,0.26776015933077485,0,0.0,0.5138936917425482,0.09736227975485079
XGBoost,xgboost_regressor,Boosting,severe,ood,raw,X_PHA,g COD/m^3,48.83785683687739,6.988408748554809,4.047039765200718,-0.22842696626762524,42.237943509768925,0.7846430697963545,0.21982110387036813,0.46885083328321825,0.27151502359347074,65,0.08448127159227928,,
XGBoost,xgboost_regressor,Boosting,severe,ood,projected,X_PHA,g COD/m^3,48.68230924462529,6.977270902338915,3.9625584925251487,-0.14394569359230894,42.23794350976843,0.7853289772897949,0.2191209780735412,0.46810359758662523,0.26584719325956846,0,0.0,0.08448127267620405,0.005667830333944925
XGBoost,xgboost_regressor,Boosting,severe,ood,raw,X_AOB,g COD/m^3,1.2181307308529596,1.1036895989602147,0.7380702873508217,-0.17920636113187002,4.01523682638887,0.8798924166474728,0.18221420252428985,0.4268655555608696,0.2854577804754108,0,0.0,,
XGBoost,xgboost_regressor,Boosting,severe,ood,projected,X_AOB,g COD/m^3,1.1688296778360894,1.0811242656772113,0.7269609510994233,-0.16191736700307607,3.9090394359749716,0.8847534961561104,0.17483949976739738,0.4181381347920773,0.28116110775571374,0,0.0,0.02387704697070437,0.009234742204606121
XGBoost,xgboost_regressor,Boosting,severe,ood,raw,X_NOB,g COD/m^3,0.4299913949065318,0.6557372910751164,0.47834021601887533,0.00260533141737645,2.207192562410805,0.9200857723248249,0.08485843833168302,0.2913047173179367,0.21249784525860863,0,0.0,,
XGBoost,xgboost_regressor,Boosting,severe,ood,projected,X_NOB,g COD/m^3,0.42229560633677504,0.6498427550852399,0.47579377676261725,0.011163445851092985,2.1767325700238604,0.9215160404817894,0.08333968096235862,0.28868612880143485,0.21136661514891736,0,0.0,0.013835280063615792,0.006146184459539004
XGBoost,xgboost_regressor,Boosting,severe,ood,raw,X_MeP,g TSS/m^3,2.025443622895501,1.423180811736689,0.9172380735276457,0.014288050651440863,7.458187472607655,0.9357603960084131,0.06477875737444871,0.2545167133499266,0.1640356712994154,0,0.0,,
XGBoost,xgboost_regressor,Boosting,severe,ood,projected,X_MeP,g TSS/m^3,1.8186844799334154,1.348586104011685,0.8104115792504065,0.016574814938016588,7.8477423752201165,0.942318033710783,0.058166082400191534,0.2411764549042703,0.14493119209486574,0,0.0,0.40008692376058247,0.07155015585515502
XGBoost,xgboost_regressor,Boosting,severe,ood,raw,X_MeOH,g TSS/m^3,1.0206334202582736,1.0102640349226897,0.5912897908443032,-0.011165135174176506,6.6872673166211545,0.8611265094804578,0.1821226196838677,0.4267582684422971,0.24977411702835975,5,0.0005161965737352147,,
XGBoost,xgboost_regressor,Boosting,severe,ood,projected,X_MeOH,g TSS/m^3,0.9127201287851475,0.9553638724513019,0.5741108723657237,-0.011741912009587012,5.559488951658995,0.8758098376596717,0.16286648819561875,0.40356720406348523,0.24251735518174902,0,0.0,0.08563191741969786,0.03617284941180803
LightGBM,lightgbm_regressor,Boosting,mild,ood,raw,S_O,g O2/m^3,0.24807498894582716,0.49807126894233433,0.35791726920482386,-0.23486315381582973,1.7567151226111912,0.9301374587133864,0.13177618601657484,0.36300989795951133,0.26086128526926294,7,0.0001628552481789187,,
LightGBM,lightgbm_regressor,Boosting,mild,ood,projected,S_O,g O2/m^3,0.24805419345312724,0.49805039248365945,0.35775443698466647,-0.23470032115364114,1.7567151226112672,0.9301433151117823,0.13176513955547864,0.3629946825443572,0.26074260806118105,0,0.0,0.00016303989223244618,0.00011882856597673445
LightGBM,lightgbm_regressor,Boosting,mild,ood,raw,S_F,g COD/m^3,14.879285380578661,3.8573676750575205,0.7106568473091848,-0.17451308482433442,61.848299911924194,0.6287459084323437,1.2008067299983929,1.0958132733264334,0.201885656660953,0,0.0,,
LightGBM,lightgbm_regressor,Boosting,mild,ood,projected,S_F,g COD/m^3,14.879286052522177,3.857367762156232,0.710656863148096,-0.17451308141935334,61.848301856192066,0.628745891666634,1.2008067842264205,1.0958132980697124,0.20188566116052128,0,0.0,8.788635586574426e-08,2.496703540207297e-08
LightGBM,lightgbm_regressor,Boosting,mild,ood,raw,S_A,g COD/m^3,20.83872201471408,4.564944908179515,1.5830393745139026,0.011386748389555711,42.44622846409041,0.9007627044879127,0.05438238755291666,0.23320031636538716,0.08086960311263179,33,0.018545952027252746,,
LightGBM,lightgbm_regressor,Boosting,mild,ood,projected,S_A,g COD/m^3,20.81310841649725,4.562138579273678,1.5644937151445846,0.029932680988468158,42.446130229063826,0.900884680500337,0.05431554426838756,0.23305695498823364,0.07992219767420461,0,0.0,0.018547209529850006,0.0009474846284138457
LightGBM,lightgbm_regressor,Boosting,mild,ood,raw,S_NH4,g N/m^3,19.646678756055916,4.432457417286252,2.523656399573224,-1.1714105322787496,19.906236067829358,0.921677441061845,0.12754311043526695,0.3571317830091113,0.2033359432099727,70,0.030022369294954863,,
LightGBM,lightgbm_regressor,Boosting,mild,ood,projected,S_NH4,g N/m^3,11.253912560245624,3.3546851655923873,1.8776250386222932,-0.4104363814201579,22.088267730504164,0.9551356623310703,0.07305860854765638,0.2702935599448429,0.1512839300498633,0,0.0,1.086645340068507,0.08755314518843256
LightGBM,lightgbm_regressor,Boosting,mild,ood,raw,S_NO2,g N/m^3,10.581480835947643,3.2529188179153263,1.909343562537568,0.11842268650705952,25.949784000128695,0.6377140044806324,0.5947707212416009,0.7712137973620551,0.4526741003260175,64,0.03272523404274396,,
LightGBM,lightgbm_regressor,Boosting,mild,ood,projected,S_NO2,g N/m^3,9.636879387868317,3.1043323578296698,1.8278408194643772,0.29375622386904865,24.571963016177897,0.670055023785215,0.5416759518732751,0.7359863802226745,0.43335113424560917,0,0.0,0.20487200205439157,0.04857179767516929
LightGBM,lightgbm_regressor,Boosting,mild,ood,raw,S_NO3,g N/m^3,29.34593104420224,5.41718848150978,3.548680786051545,-1.2838007206625308,20.909959167759084,0.8953042988425457,0.20638728401387946,0.45429867269658564,0.2976010482983566,56,0.07888544516593998,,
LightGBM,lightgbm_regressor,Boosting,mild,ood,projected,S_NO3,g N/m^3,26.730365611349093,5.1701417399670095,3.125740865027329,-0.3818999578225144,29.77838103247595,0.9046356932530106,0.18799224842839926,0.43358072884804194,0.26213227230735575,0,0.0,1.5659006800265736,0.13132026011996698
LightGBM,lightgbm_regressor,Boosting,mild,ood,raw,S_N2,g N/m^3,12.879547238603068,3.588808609915423,2.230196354078532,0.1961469731954881,20.264757612138613,0.7502133440168502,0.36967307054953485,0.6080074592877417,0.37783458700184885,23,0.017095898088336385,,
LightGBM,lightgbm_regressor,Boosting,mild,ood,projected,S_N2,g N/m^3,10.47380906936544,3.2363264775614713,2.0236642913394105,0.48745851907592946,19.781495948452672,0.7968703639673488,0.3006227693638893,0.5482907708177198,0.3428444138339269,0,0.0,0.44672146158670056,0.07568249254591408
LightGBM,lightgbm_regressor,Boosting,mild,ood,raw,S_PO4,g P/m^3,3.6920035734415872,1.9214587097935742,1.3252213088265696,0.07802184178483489,11.595146455577307,0.9017083306389052,0.09086730593430968,0.3014420440720068,0.20790320299069964,20,0.013905381768966128,,
LightGBM,lightgbm_regressor,Boosting,mild,ood,projected,S_PO4,g P/m^3,3.0589818239673123,1.7489945179923556,1.1716075801445238,0.014981402661295475,11.350058759547682,0.9185611757838266,0.07528742367570956,0.2743855383866095,0.18380399329370167,0,0.0,0.30154603498199334,0.04730710720114633
LightGBM,lightgbm_regressor,Boosting,mild,ood,raw,S_I,g COD/m^3,0.008019702379011843,0.08955279101743197,0.07608511486394985,-0.004916935890702909,0.18898059581287896,0.999984965384201,1.5036915520551622e-05,0.003877746190837098,0.0032945792195985674,0,0.0,,
LightGBM,lightgbm_regressor,Boosting,mild,ood,projected,S_I,g COD/m^3,2.1946442351694684e-23,4.684703016381581e-12,4.392992636326198e-12,4.392992636326198e-12,8.128608897095546e-12,1.0,4.1149507054369193e-26,2.0285341272546833e-13,1.9022199384688518e-13,0,0.0,0.07608511486417194,0.003294579219608184
LightGBM,lightgbm_regressor,Boosting,mild,ood,raw,S_ALK,mol/m^3,0.7879532455827143,0.8876673056853644,0.6467554491673636,0.24344282307904622,2.935209395567938,0.9997074634039014,0.00029151728810473655,0.01707387736001218,0.012440047245490462,0,0.0,,
LightGBM,lightgbm_regressor,Boosting,mild,ood,projected,S_ALK,mol/m^3,0.24352578673812636,0.4934833196148846,0.3295736233942871,-0.022537632334118717,2.6847050751650556,0.9999095882844394,9.009668699437919e-05,0.009491927464660653,0.006339198921587224,0,0.0,0.5565798452983726,0.010705560471602316
LightGBM,lightgbm_regressor,Boosting,mild,ood,raw,X_I,g COD/m^3,2.771451919998697,1.664767827656066,1.1726669760461674,-0.9742903252893662,6.114940004892389,0.9967135349161602,0.0032628330431693593,0.057121213600284784,0.0402363378892566,0,0.0,,
LightGBM,lightgbm_regressor,Boosting,mild,ood,projected,X_I,g COD/m^3,4.016304483007722,2.0040719755058003,1.452056892985812,-0.9068322974061969,8.539595799833634,0.9952373539825002,0.004728399177349967,0.06876335635605614,0.04982271435458335,0,0.0,0.6222937260699688,0.021352030150058546
LightGBM,lightgbm_regressor,Boosting,mild,ood,raw,X_S,g COD/m^3,216.3904074071564,14.710214390251299,7.128285821049564,-4.127108563085742,72.85064709607357,0.9297469409015572,0.11995350607544282,0.3463430468126115,0.16783115217202949,0,0.0,,
LightGBM,lightgbm_regressor,Boosting,mild,ood,projected,X_S,g COD/m^3,216.39040740552184,14.710214390195741,7.128285821041183,-4.127108563077736,72.85064708552846,0.9297469409020879,0.11995350607453674,0.34634304681130346,0.16783115217183217,0,0.0,3.089462833708959e-11,7.273952251506285e-13
LightGBM,lightgbm_regressor,Boosting,mild,ood,raw,X_H,g COD/m^3,134.58874590587178,11.601238981499854,8.447507856705053,-2.876450525694291,34.90116735568762,0.9490102237262081,0.06471585043998454,0.25439310218633,0.18523777786471948,0,0.0,,
LightGBM,lightgbm_regressor,Boosting,mild,ood,projected,X_H,g COD/m^3,367.45023391683884,19.168991468432523,13.711692993813426,0.05165277323851825,85.37868273824532,0.8607892131465749,0.17668531066431478,0.4203395183233606,0.30067134402499834,0,0.0,11.737929461213563,0.2573904643843814
LightGBM,lightgbm_regressor,Boosting,mild,ood,raw,X_PAO,g COD/m^3,6.385953818790628,2.527044482946556,1.6011735051100189,0.30524416587643177,23.27304136105831,0.9781018319870639,0.021041648565689613,0.14505739748695898,0.09191055525287457,0,0.0,,
LightGBM,lightgbm_regressor,Boosting,mild,ood,projected,X_PAO,g COD/m^3,6.845277664354753,2.6163481542705194,1.656472866458685,0.48025139621688484,23.201362823410683,0.9765267578434154,0.02255511565462508,0.15018360647762152,0.09508484897586247,0,0.0,0.4804984865593422,0.02758157223866912
LightGBM,lightgbm_regressor,Boosting,mild,ood,raw,X_PP,g P/m^3,3.122365991270086,1.7670217857372574,1.2079540053396824,0.12075429439971076,11.109724000674428,0.866697180494644,0.11207756933167701,0.3347798819100052,0.22885892099604688,17,0.021030590974492232,,
LightGBM,lightgbm_regressor,Boosting,mild,ood,projected,X_PP,g P/m^3,3.3948259981526885,1.842505359056708,1.255075528319706,-0.03019835447599028,11.424468446965678,0.855065076115642,0.12185754240237803,0.349080996908136,0.2377865629900531,0,0.0,0.41600471522093635,0.07881623789803054
LightGBM,lightgbm_regressor,Boosting,mild,ood,raw,X_PHA,g COD/m^3,29.78815484213234,5.457852585232798,3.3658103597980102,0.44124711599852484,34.63082039787898,0.8523283159675976,0.13407765008055283,0.36616615092134447,0.22581148994625228,54,0.0864577418329382,,
LightGBM,lightgbm_regressor,Boosting,mild,ood,projected,X_PHA,g COD/m^3,29.609372312454155,5.441449467968453,3.2793526170650154,0.5277048587314678,34.63082039787918,0.8532146117913257,0.13327294292155809,0.3650656693275308,0.22001105866316034,0,0.0,0.08645774273327464,0.005800431283110717
LightGBM,lightgbm_regressor,Boosting,mild,ood,raw,X_AOB,g COD/m^3,0.39512036666479067,0.6285860057818585,0.4462408398265572,-0.09665045803046944,2.2920331305278276,0.9536008171865697,0.05910411804693277,0.24311338516612524,0.1725891447975663,0,0.0,,
LightGBM,lightgbm_regressor,Boosting,mild,ood,projected,X_AOB,g COD/m^3,0.38487760723846315,0.6203850475619662,0.44165577453508564,-0.09039301485073821,2.280162814085296,0.9548036295628282,0.057571953893082436,0.23994156349636975,0.17081581428437606,0,0.0,0.01326092730588239,0.005128827078746298
LightGBM,lightgbm_regressor,Boosting,mild,ood,raw,X_NOB,g COD/m^3,0.22476363040108385,0.4740924281203865,0.35146924164876514,-0.026685294775823227,1.6838198162701516,0.96041684515921,0.044356912476682296,0.21061080807186106,0.1561366868682701,0,0.0,,
LightGBM,lightgbm_regressor,Boosting,mild,ood,projected,X_NOB,g COD/m^3,0.22267598713577982,0.47188556572094875,0.34914438317190694,-0.02353626610059162,1.6875159214753372,0.9607845003108705,0.04394491784286907,0.2096304315763078,0.1551038917983191,0,0.0,0.008525564829837568,0.0037873967006812805
LightGBM,lightgbm_regressor,Boosting,mild,ood,raw,X_MeP,g TSS/m^3,1.562385326697659,1.2499541298374348,0.7614786084000544,0.04363009522377551,9.428685778922967,0.9504794311497844,0.049968993883355385,0.22353745521356233,0.13618018954299635,1,0.0006236360116996418,,
LightGBM,lightgbm_regressor,Boosting,mild,ood,projected,X_MeP,g TSS/m^3,1.3194235671536765,1.1486616417177324,0.68275264404667,0.0775585340118614,7.179690304176457,0.9581802232244885,0.04219846860441959,0.2054226584494018,0.12210111151068649,0,0.0,0.31099244576172225,0.05561680885462458
LightGBM,lightgbm_regressor,Boosting,mild,ood,raw,X_MeOH,g TSS/m^3,0.6635715271006255,0.814598997728714,0.48345553629383614,-0.0673856860768343,4.574078103343441,0.9051401358989597,0.11840821833230658,0.3441049524960467,0.20422250065883826,3,0.00046354309577531467,,
LightGBM,lightgbm_regressor,Boosting,mild,ood,projected,X_MeOH,g TSS/m^3,0.6621623824365463,0.8137336065547166,0.48367487104058454,-0.05494393065603164,5.086228244239141,0.9053415780432863,0.11815676946472917,0.34373939178501084,0.20431515259288316,0,0.0,0.07740749627154504,0.03269866879486219
LightGBM,lightgbm_regressor,Boosting,severe,ood,raw,S_O,g O2/m^3,0.897273125293722,0.9472450186164729,0.6951020694592579,-0.520851872712633,2.5510395460133677,0.7991053305908826,0.4766269698079045,0.6903817565723362,0.5066120995930493,8,0.00030788786030024826,,
LightGBM,lightgbm_regressor,Boosting,severe,ood,projected,S_O,g O2/m^3,0.8972279785394286,0.9472211877589249,0.6947942093010505,-0.520544011474961,2.5510395539972124,0.7991154387084926,0.47660298807916546,0.6903643878990032,0.5063877214937986,0,0.0,0.00030811368298031715,0.00022456287602400074
LightGBM,lightgbm_regressor,Boosting,severe,ood,raw,S_F,g COD/m^3,103.34451076188826,10.165850223266535,1.8518712504486992,-1.4231453313052338,105.78228972484288,0.3417231068200125,8.340238180608146,2.8879470529440368,0.5260854727059546,0,0.0,,
LightGBM,lightgbm_regressor,Boosting,severe,ood,projected,S_F,g COD/m^3,103.34451229920799,10.165850298878496,1.851871236520332,-1.4231453191485024,105.78229322051536,0.341723097027697,8.340238304674848,2.8879470744241225,0.5260854687491398,0,0.0,8.001169301182405e-08,2.2729976141662255e-08
LightGBM,lightgbm_regressor,Boosting,severe,ood,raw,S_A,g COD/m^3,33.20425963375017,5.762313739614511,2.1005399814566115,-0.3304074140538765,44.23204902535335,0.8552672598859117,0.08665247871415803,0.2943679308521192,0.10730613360439771,36,0.01609519440262923,,
LightGBM,lightgbm_regressor,Boosting,severe,ood,projected,S_A,g COD/m^3,33.18502153844906,5.760644194744981,2.0844448794391397,-0.3143122030489908,44.232049025350044,0.8553511160621439,0.08660227344947305,0.29428264211379007,0.10648391494504829,0,0.0,0.016096110726530086,0.0008222701892750876
LightGBM,lightgbm_regressor,Boosting,severe,ood,raw,S_NH4,g N/m^3,100.74732591003797,10.03729674314942,5.52843159425828,-3.828581428447462,38.05566759131358,0.7705525830805331,0.6540355993066269,0.8087246745998461,0.4454365708740787,79,0.02623925526829829,,
LightGBM,lightgbm_regressor,Boosting,severe,ood,projected,S_NH4,g N/m^3,35.23383582616967,5.935809618423561,3.234763990355863,-1.1695572992529666,32.92672848273459,0.9197565538791763,0.22873245242278104,0.4782598168598121,0.2606312757758527,0,0.0,2.889407233960145,0.2328052049139336
LightGBM,lightgbm_regressor,Boosting,severe,ood,raw,S_NO2,g N/m^3,25.766187960083045,5.076040579042197,2.7279782032049606,-0.03932125778437533,27.844072659475934,0.40530991870745137,1.4482825640625747,1.2034461201327522,0.6467589715512467,80,0.03838089491934878,,
LightGBM,lightgbm_regressor,Boosting,severe,ood,projected,S_NO2,g N/m^3,24.080882644503156,4.907227592490811,2.622792321569374,0.36060624220978543,27.270862889292253,0.4442071881319245,1.353553832460616,1.1634233247019832,0.6218211210404111,0,0.0,0.41686990897929405,0.09883303073512612
LightGBM,lightgbm_regressor,Boosting,severe,ood,raw,S_NO3,g N/m^3,88.56401364982622,9.410845533204029,5.5940181003638205,-2.68206404683681,36.944208980982054,0.7530609137951336,0.6228627134379839,0.7892165187310666,0.46912803693470134,61,0.09052659286786513,,
LightGBM,lightgbm_regressor,Boosting,severe,ood,projected,S_NO3,g N/m^3,76.31877689641199,8.736061864273397,5.023115306396803,-0.6194195721115106,44.07360987919386,0.7872037608685091,0.5367430687132209,0.7326275102077596,0.42125073260548146,0,0.0,2.594278583643908,0.21756254580718112
LightGBM,lightgbm_regressor,Boosting,severe,ood,raw,S_N2,g N/m^3,22.814915710674754,4.776496175092654,2.9866357528792915,0.3044681248322094,25.470567718476868,0.571561976819426,0.6548413378860922,0.8092226750938781,0.5059887593083056,26,0.018290960378930337,,
LightGBM,lightgbm_regressor,Boosting,severe,ood,projected,S_N2,g N/m^3,24.89004791145956,4.988992675025647,3.096761105285358,1.0091513618037322,30.1591906543949,0.532593367458024,0.714402476041717,0.8452233290922092,0.5246459358249318,0,0.0,0.7950725722267579,0.1346993130960954
LightGBM,lightgbm_regressor,Boosting,severe,ood,raw,S_PO4,g P/m^3,4.971762423965729,2.2297449235205646,1.4997190715748585,-0.17808755907859894,16.094479452606098,0.8739646690435092,0.12236463162197604,0.34980656314880093,0.23527873909810176,21,0.012010450635370656,,
LightGBM,lightgbm_regressor,Boosting,severe,ood,projected,S_PO4,g P/m^3,4.180435210599925,2.0446112614871135,1.3556668077834195,-0.27179621823469935,13.271983345254622,0.894024997499808,0.10288854754981826,0.3207624472250738,0.2126795499356366,0,0.0,0.3603710617109876,0.05653568765900247
LightGBM,lightgbm_regressor,Boosting,severe,ood,raw,S_I,g COD/m^3,0.008975125121277816,0.09473713697002785,0.08193401306663559,-0.00599264623579858,0.19054560080141414,0.9999831745606949,1.682833001237437e-05,0.0041022347583206855,0.0035478437183191457,0,0.0,,
LightGBM,lightgbm_regressor,Boosting,severe,ood,projected,S_I,g COD/m^3,2.5627613119486046e-23,5.062372281794974e-12,4.7096578488966165e-12,4.7096578488966165e-12,1.0224709967587842e-11,1.0,4.8051690107554186e-26,2.1920695725171266e-13,2.039339877207169e-13,0,0.0,0.08193401306701396,0.0035478437183355297
LightGBM,lightgbm_regressor,Boosting,severe,ood,raw,S_ALK,mol/m^3,1.9788598179946622,1.406719523570588,0.8988067911878855,0.48135687607469274,5.031336680224868,0.9992746858027054,0.0007321143112426968,0.02705761096702177,0.017288140303015172,0,0.0,,
LightGBM,lightgbm_regressor,Boosting,severe,ood,projected,S_ALK,mol/m^3,0.6899304038020798,0.8306204932471145,0.5464481635526239,-0.07382076060802992,3.8480341186293288,0.9997471188648774,0.0002552519980403775,0.015976607838974376,0.010510682176018334,0,0.0,0.8099605997548438,0.015579224173384046
LightGBM,lightgbm_regressor,Boosting,severe,ood,raw,X_I,g COD/m^3,11.411281550813706,3.3780588435984513,2.205612709575866,-2.047873629003822,12.105479027929974,0.9867723171022994,0.013434512877611585,0.11590734608993333,0.07567858569237941,0,0.0,,
LightGBM,lightgbm_regressor,Boosting,severe,ood,projected,X_I,g COD/m^3,12.845968032205064,3.584127234377299,2.54455897229012,-1.648547557251407,12.444665889434845,0.9851092630667858,0.015123570668689664,0.12297792756706247,0.08730844875789695,0,0.0,0.8535229861828693,0.029285926840110114
LightGBM,lightgbm_regressor,Boosting,severe,ood,raw,X_S,g COD/m^3,1525.9116677204217,39.06291934457052,18.488527575631046,-14.33545975624781,152.33073963411175,0.7635797639621555,0.8458713891142537,0.919712666605312,0.43530113169979784,0,0.0,,
LightGBM,lightgbm_regressor,Boosting,severe,ood,projected,X_S,g COD/m^3,1525.911667721117,39.06291934457942,18.488527575635096,-14.335459756252913,152.3307396340536,0.7635797639620479,0.8458713891146392,0.9197126666055215,0.43530113169989315,0,0.0,8.381821903213905e-12,1.9734489646348335e-13
LightGBM,lightgbm_regressor,Boosting,severe,ood,raw,X_H,g COD/m^3,439.1632999061086,20.95622341706894,13.955871896461655,-5.241671905131563,68.67140678860292,0.8596435515522122,0.21116792673980828,0.45953011516091985,0.30602572286610263,0,0.0,,
LightGBM,lightgbm_regressor,Boosting,severe,ood,projected,X_H,g COD/m^3,1167.5658862729665,34.16966324494531,24.768515848793232,5.372701596326878,170.9849143520139,0.6268463208079927,0.5614140971914119,0.7492757150684999,0.5431264361826965,0,0.0,18.283907095704606,0.40093130169805435
LightGBM,lightgbm_regressor,Boosting,severe,ood,raw,X_PAO,g COD/m^3,12.749915418487145,3.5707023704709897,2.2242777531139466,0.7655096870426296,27.846865516839642,0.955106865851425,0.04201083300800954,0.20496544344842507,0.12767798285000484,0,0.0,,
LightGBM,lightgbm_regressor,Boosting,severe,ood,projected,X_PAO,g COD/m^3,14.179700379604432,3.7655942930172963,2.472338676462107,1.2448365169361475,25.639417914016377,0.9500725165278222,0.04672195894628569,0.21615262882113112,0.14191717499795609,0,0.0,0.724172239153162,0.04156893202820717
LightGBM,lightgbm_regressor,Boosting,severe,ood,raw,X_PP,g P/m^3,4.269325958185566,2.066234729692047,1.3749108233324288,0.39116521141835126,13.572419936223042,0.8242924798043569,0.15324778626718044,0.3914687551608435,0.26049055353325473,15,0.023027486610448813,,
LightGBM,lightgbm_regressor,Boosting,severe,ood,projected,X_PP,g P/m^3,4.628422833217337,2.151376962137816,1.451137738300667,0.15962915468637517,13.880157362135714,0.8095135610617242,0.16613759643699677,0.4075997993583863,0.27493250201256186,0,0.0,0.46175391060652465,0.08748387875695447
LightGBM,lightgbm_regressor,Boosting,severe,ood,raw,X_PHA,g COD/m^3,50.550136410243894,7.1098619121783155,4.0772937758462255,-0.3829280560321028,44.57895218000372,0.7770925486135295,0.22752814120432197,0.4769990997940373,0.27354475863211447,67,0.08574595532276794,,
LightGBM,lightgbm_regressor,Boosting,severe,ood,projected,X_PHA,g COD/m^3,50.38907067953277,7.098525951176961,3.9915478194068243,-0.29718209959294595,44.578952180003235,0.7778027890616885,0.2268031780504542,0.4762385726192852,0.2677920809376974,0,0.0,0.08574595643999199,0.005752677694456624
LightGBM,lightgbm_regressor,Boosting,severe,ood,raw,X_AOB,g COD/m^3,1.2341267003955438,1.1109125529921533,0.7419933918450881,-0.17930974046745496,3.8810133678291123,0.8783152154518382,0.1846069611666762,0.4296591220568652,0.28697508949150197,0,0.0,,
LightGBM,lightgbm_regressor,Boosting,severe,ood,projected,X_AOB,g COD/m^3,1.1865053117090876,1.0892682459840126,0.7320621956559193,-0.16172105139556237,3.762895703704597,0.8830106802046375,0.1774835111601848,0.4212879195516824,0.28313407696164994,0,0.0,0.02316376597034416,0.00895887198640653
LightGBM,lightgbm_regressor,Boosting,severe,ood,raw,X_NOB,g COD/m^3,0.44297188803424925,0.6655613330371959,0.48230079153477295,-0.004824218047642361,2.3767881034364504,0.9176733378076878,0.08742012767858887,0.29566894946644107,0.21425729122390255,0,0.0,,
LightGBM,lightgbm_regressor,Boosting,severe,ood,projected,X_NOB,g COD/m^3,0.43535637158547663,0.6598154072052854,0.48030383758889805,0.004043201574544645,2.3767635637279265,0.9190886873299348,0.08591721194449012,0.2931163795226908,0.2133701644543601,0,0.0,0.013549245465041906,0.006019116456826968
LightGBM,lightgbm_regressor,Boosting,severe,ood,raw,X_MeP,g TSS/m^3,1.7887150627006796,1.3374285262026826,0.8333400868984924,-0.003838816658571321,8.254139508509187,0.9432685531294067,0.057207585414332365,0.23918107244163858,0.1490316467668819,0,0.0,,
LightGBM,lightgbm_regressor,Boosting,severe,ood,projected,X_MeP,g TSS/m^3,1.6982393165764251,1.3031651148555294,0.7683400573280239,-0.002652524214825318,8.468407302075592,0.9461381102161435,0.05431394456439513,0.23305352296070345,0.13740726723794794,0,0.0,0.31690846023282765,0.05667480833501311
LightGBM,lightgbm_regressor,Boosting,severe,ood,raw,X_MeOH,g TSS/m^3,0.9427677815566508,0.9709622966710143,0.5657531759849199,-0.002639070510022119,6.785758571423878,0.8717213742217,0.1682282146778974,0.4101563295597148,0.2389868761066316,4,0.0004718301042123827,,
LightGBM,lightgbm_regressor,Boosting,severe,ood,projected,X_MeOH,g TSS/m^3,0.8522738412500471,0.9231867856777669,0.5443066114561992,0.0018790982732103023,5.999179710929511,0.8840345212456973,0.15208040573197473,0.38997487833445726,0.22992736450775217,0,0.0,0.07923808301789466,0.033471949841302064
CatBoost,catboost_regressor,Boosting,mild,ood,raw,S_O,g O2/m^3,0.21655034752005586,0.4653497045449324,0.3366535922813776,-0.22866102832911353,1.6818545331471317,0.9390153853939941,0.11503045509754443,0.33916139977530524,0.24536365336085036,4,0.00018194942765188517,,
CatBoost,catboost_regressor,Boosting,mild,ood,projected,S_O,g O2/m^3,0.21652658785718912,0.46532417501908185,0.3364717233035579,-0.22847913189046665,1.6818571703049603,0.9390220765579645,0.11501783408416894,0.3391427930594559,0.24523110156917502,0,0.0,0.00018229550568263562,0.00013286265850438503
CatBoost,catboost_regressor,Boosting,mild,ood,raw,S_F,g COD/m^3,12.850303780538844,3.5847320374804648,0.6521184892110867,-0.14812282638287003,56.78463907652068,0.6793711704300389,1.0370613149429848,1.0183620745800508,0.1852558937743557,0,0.0,,
CatBoost,catboost_regressor,Boosting,mild,ood,projected,S_F,g COD/m^3,12.850304796251818,3.584732179152554,0.6521185383168295,-0.1481228087113526,56.7846400797703,0.6793711450869134,1.0370613969143259,1.0183621148267084,0.18525590772447126,0,0.0,1.3049652454559062e-07,3.707186759631218e-08
CatBoost,catboost_regressor,Boosting,mild,ood,raw,S_A,g COD/m^3,20.362336979409125,4.512464623618575,1.771802896228484,0.019917171760665035,33.18819717846122,0.9030313254951278,0.053139175248627026,0.23051935981306867,0.09051259199147016,101,0.12440200784625903,,
CatBoost,catboost_regressor,Boosting,mild,ood,projected,S_A,g COD/m^3,19.969740697844426,4.4687515815767185,1.6474005373171272,0.14431872274486285,33.18819718610274,0.9049009311831864,0.05211462474496321,0.22828627804790022,0.0841574946051365,0,0.0,0.12440300052842256,0.006355130163356338
CatBoost,catboost_regressor,Boosting,mild,ood,raw,S_NH4,g N/m^3,19.016753769115958,4.360820309198254,2.5656958364063454,-1.1144337523233472,19.8829432681251,0.9241886714600626,0.12345373771365861,0.35135984078101273,0.20672314304507086,91,0.06943823953074284,,
CatBoost,catboost_regressor,Boosting,mild,ood,projected,S_NH4,g N/m^3,10.073556672271419,3.1738866823299503,1.7987070482673997,-0.23109542003006298,18.96772309459395,0.959841215608128,0.06539592605347617,0.2557262717310761,0.14492535286488617,0,0.0,1.0878989469121707,0.08765415074925847
CatBoost,catboost_regressor,Boosting,mild,ood,raw,S_NO2,g N/m^3,9.628394335398644,3.1029654099584554,1.8562265511089406,-0.018691515765303434,24.53552322046236,0.6703455328102437,0.541199018554073,0.7356622992610625,0.4400809265084648,104,0.09961882744008611,,
CatBoost,catboost_regressor,Boosting,mild,ood,projected,S_NO2,g N/m^3,8.606473997554488,2.9336792594887546,1.7109425637537952,0.2404462346272553,22.451441519124195,0.7053337762023796,0.4837582590030876,0.6955273244115486,0.40563647158786287,0,0.0,0.2819436371087742,0.06684422058712038
CatBoost,catboost_regressor,Boosting,mild,ood,raw,S_NO3,g N/m^3,26.035848669772733,5.102533554007532,3.3087204012071325,-1.2681632814867427,21.5611109732453,0.9071134792893284,0.18310777347145665,0.4279109410513555,0.2774773836507872,57,0.0969222997190799,,
CatBoost,catboost_regressor,Boosting,mild,ood,projected,S_NO3,g N/m^3,22.685821239726927,4.762963493427902,2.8377451342434377,-0.31725329402876157,24.987132698813376,0.9190651692921795,0.15954733295867393,0.39943376542134484,0.23798024608859283,0,0.0,1.4946826568716687,0.1253477425489463
CatBoost,catboost_regressor,Boosting,mild,ood,raw,S_N2,g N/m^3,10.384417292328541,3.222486197383713,2.021651213273073,0.01896504837569766,17.15717043851717,0.7986040330664855,0.2980570166951881,0.5459459833126241,0.34250336291327305,37,0.038504715196997656,,
CatBoost,catboost_regressor,Boosting,mild,ood,projected,S_N2,g N/m^3,9.299378773515654,3.0494882805998214,1.8877106425863712,0.3230369011859862,16.70706358256343,0.8196473304903923,0.2669138783935669,0.5166370857706277,0.31981146849076986,0,0.0,0.4194863544440871,0.07106838516457896
CatBoost,catboost_regressor,Boosting,mild,ood,raw,S_PO4,g P/m^3,2.9901577856795245,1.7292072708844144,1.1789386327160367,0.07778940867365854,11.170877220574663,0.9203934680557359,0.07359353177708894,0.2712812779700968,0.18495410256281705,34,0.037975809025751026,,
CatBoost,catboost_regressor,Boosting,mild,ood,projected,S_PO4,g P/m^3,2.6538147570479405,1.6290533315542313,1.0400128509840978,0.08650944297365742,11.132633323556185,0.9293478791511042,0.06531548321251272,0.2555689402343577,0.16315916551518408,0,0.0,0.2747205018676952,0.043098667283036365
CatBoost,catboost_regressor,Boosting,mild,ood,raw,S_I,g COD/m^3,0.022315333847451387,0.14938317792660386,0.12120951686466465,-0.002451502529118654,0.4421265791389075,0.9999581652217294,4.184117739271745e-05,0.006468475662218839,0.005248521424906415,0,0.0,,
CatBoost,catboost_regressor,Boosting,mild,ood,projected,S_I,g COD/m^3,2.1933577965669283e-23,4.6833297946727265e-12,4.393365671262472e-12,4.393365671262472e-12,8.377298854611581e-12,1.0,4.1125386372984067e-26,2.0279395053350105e-13,1.9023814671924962e-13,0,0.0,0.12120951686466654,0.005248521424906496
CatBoost,catboost_regressor,Boosting,mild,ood,raw,S_ALK,mol/m^3,0.5711106375374315,0.7557186232569841,0.5628462783287385,0.2329356111995776,2.4926424642061846,0.9997879686861657,0.0002112925166512335,0.0145359043974303,0.010826092464117896,0,0.0,,
CatBoost,catboost_regressor,Boosting,mild,ood,projected,S_ALK,mol/m^3,0.21248156319018222,0.4609572249028994,0.3022235807484656,-0.008229969992286973,2.5375983590565454,0.9999211138051936,7.861132550783416e-05,0.008866302809392095,0.005813133276344932,0,0.0,0.5181519764067558,0.009966417871148521
CatBoost,catboost_regressor,Boosting,mild,ood,raw,X_I,g COD/m^3,2.1268153855407905,1.4583605128845167,0.99813043887792,-0.8643543780962947,5.521741107073467,0.9974779629211983,0.002503901823657375,0.050039003024214775,0.034247671689070266,0,0.0,,
CatBoost,catboost_regressor,Boosting,mild,ood,projected,X_I,g COD/m^3,3.11264270800043,1.7642683208629095,1.2537365672423975,-0.7801052798104431,8.363214939899166,0.9963089413514644,0.0036645172900018176,0.060535256586569594,0.043017983088231654,0,0.0,0.5554126033575956,0.019057217123992793
CatBoost,catboost_regressor,Boosting,mild,ood,raw,X_S,g COD/m^3,204.9074787775527,14.314589717402058,7.0878702658223665,-4.302716860454258,68.15245758542991,0.9334749752137291,0.11358807811752358,0.3370283046236971,0.16687959251663198,0,0.0,,
CatBoost,catboost_regressor,Boosting,mild,ood,projected,X_S,g COD/m^3,204.90747878056573,14.3145897175073,7.087870265852457,-4.302716860484777,68.1524575854275,0.9334749752127509,0.11358807811919382,0.337028304626175,0.16687959251734047,0,0.0,3.347607820577044e-11,7.881738915244817e-13
CatBoost,catboost_regressor,Boosting,mild,ood,raw,X_H,g COD/m^3,110.6260873884105,10.517893676416895,7.4108483409722945,-2.961863945572796,33.735206578928626,0.9580886246616411,0.05319361049099942,0.2306374004601149,0.16250580669002165,0,0.0,,
CatBoost,catboost_regressor,Boosting,mild,ood,projected,X_H,g COD/m^3,304.2501752541575,17.44276856620409,12.77305686595427,-0.3245818561937885,81.52138979283538,0.8847329450686661,0.14629610154669054,0.3824867338179071,0.28008883927951084,0,0.0,10.161071165175663,0.22281296156101746
CatBoost,catboost_regressor,Boosting,mild,ood,raw,X_PAO,g COD/m^3,4.663389284349257,2.159488199631861,1.3173770650852616,0.31232369072111704,20.939347615281015,0.9840087033266793,0.015365817109034906,0.12395893315544027,0.0756200731169787,0,0.0,,
CatBoost,catboost_regressor,Boosting,mild,ood,projected,X_PAO,g COD/m^3,5.095291140140897,2.2572751582695667,1.3717518440892533,0.4508025115600631,20.614218839255386,0.9825276623308309,0.016788929039111142,0.1295720997711743,0.07874129396784821,0,0.0,0.419596583749325,0.02408568145271669
CatBoost,catboost_regressor,Boosting,mild,ood,raw,X_PP,g P/m^3,2.8484716199617557,1.6877415738085484,1.106462626075471,0.01007442216706422,11.369098197516507,0.8783905220324807,0.10224610963870914,0.31975945590194693,0.20963036804938368,20,0.032146848838470216,,
CatBoost,catboost_regressor,Boosting,mild,ood,projected,X_PP,g P/m^3,2.901577837999636,1.7034018427839146,1.0988221216999785,-0.09366572228835525,11.416605448590362,0.8761232642486371,0.10415236145246996,0.3227264498804986,0.20818279837412176,0,0.0,0.36179261950490443,0.06854521625675818
CatBoost,catboost_regressor,Boosting,mild,ood,raw,X_PHA,g COD/m^3,28.09760626953032,5.30071752402732,3.3238860477814924,0.5744668841822177,32.50755841234123,0.8607090349472645,0.1264684248310279,0.355623993609863,0.22299879690968155,57,0.10046018898754029,,
CatBoost,catboost_regressor,Boosting,mild,ood,projected,X_PHA,g COD/m^3,27.79384412513552,5.271986734157771,3.2234258578439183,0.6749270741197222,32.50755841234083,0.8622149042314078,0.1251011795377317,0.3536964511240277,0.21625894446848568,0,0.0,0.10046018993783083,0.006739852441213136
CatBoost,catboost_regressor,Boosting,mild,ood,raw,X_AOB,g COD/m^3,0.3231450040689292,0.5684584453316963,0.3898682579810186,-0.10950060621311238,2.0992867643018958,0.9620529201124144,0.04833767651104102,0.2198583100795624,0.15078635396709486,0,0.0,,
CatBoost,catboost_regressor,Boosting,mild,ood,projected,X_AOB,g COD/m^3,0.31117603263332483,0.557831545032481,0.38422868832875057,-0.10317640506269403,2.087921529575815,0.9634584424306312,0.04654729676777033,0.21574822541047778,0.14860518089542005,0,0.0,0.012505470587142919,0.004836644881640588
CatBoost,catboost_regressor,Boosting,mild,ood,raw,X_NOB,g COD/m^3,0.18072541611890022,0.42511812019590534,0.3099939016742173,-0.018926979043067345,1.6340503303776064,0.9681724213248598,0.03566600811169043,0.18885446277938583,0.13771168290495736,0,0.0,,
CatBoost,catboost_regressor,Boosting,mild,ood,projected,X_NOB,g COD/m^3,0.17919531379608614,0.4233146746760454,0.30864289736395867,-0.016363053285617876,1.6361067522240944,0.968441887862031,0.035364043711612364,0.1880533001880381,0.13711151278492353,0,0.0,0.007171814096524529,0.003186006509740424
CatBoost,catboost_regressor,Boosting,mild,ood,raw,X_MeP,g TSS/m^3,1.4709875542327147,1.2128427574227068,0.7532962675119618,0.08044903691081849,7.740628265331393,0.9533763283535447,0.04704586432292468,0.21690058626689943,0.13471688811764565,2,0.0028529321094633176,,
CatBoost,catboost_regressor,Boosting,mild,ood,projected,X_MeP,g TSS/m^3,1.350770752686114,1.1622266356808872,0.699815576381011,0.07219145873070663,7.469417061709706,0.9571866588118602,0.04320103006948505,0.20784857485555452,0.1251525870660302,0,0.0,0.2882800158772439,0.051554996779366216
CatBoost,catboost_regressor,Boosting,mild,ood,raw,X_MeOH,g TSS/m^3,0.6958796301268876,0.8341940002942286,0.5073499194857174,-0.06359231862336043,5.255661360869642,0.9005215798921573,0.12417330131251134,0.3523823226447538,0.214316025959127,8,0.002035792821209753,,
CatBoost,catboost_regressor,Boosting,mild,ood,projected,X_MeOH,g TSS/m^3,0.6778941971259699,0.8233433045370381,0.49576257464324025,-0.051141793136526975,5.291476152554328,0.9030926602664463,0.1209639666882866,0.347798744517985,0.20942127067745678,0,0.0,0.061816891208794,0.026112846286534958
CatBoost,catboost_regressor,Boosting,severe,ood,raw,S_O,g O2/m^3,0.8353785674657769,0.9139904635529721,0.6727208368131062,-0.5101632135928774,2.449216524538258,0.8129631921299745,0.443748892092742,0.6661447981428227,0.49029995816730454,3,3.1650095501691106e-05,,
CatBoost,catboost_regressor,Boosting,severe,ood,projected,S_O,g O2/m^3,0.835374669984983,0.9139883314271485,0.6726891390811032,-0.5101315511543684,2.4492155350831273,0.8129640647551468,0.4437468217705534,0.666143244182926,0.49027685587014846,0,0.0,3.199086230726675e-05,2.3315939677585004e-05
CatBoost,catboost_regressor,Boosting,severe,ood,raw,S_F,g COD/m^3,101.7340766460662,10.086331178682673,1.820407113317323,-1.404710800986584,104.90076111945399,0.3519811414134216,8.210270908992921,2.865357029934127,0.5171470405919323,0,0.0,,
CatBoost,catboost_regressor,Boosting,severe,ood,projected,S_F,g COD/m^3,101.73407226232516,10.08633096137169,1.8204070867226436,-1.4047107891641808,104.90075202552981,0.35198116933667967,8.210270555210757,2.8653569681997313,0.5171470330368313,0,0.0,1.1251371543933668e-07,3.1963254010485243e-08
CatBoost,catboost_regressor,Boosting,severe,ood,raw,S_A,g COD/m^3,30.823998964958626,5.551936505847183,2.1891881311024988,-0.43647246674740303,45.76784780562404,0.8656424844077024,0.08044076102457101,0.28362080499245995,0.11183472638228328,106,0.11786944144032721,,
CatBoost,catboost_regressor,Boosting,severe,ood,projected,S_A,g COD/m^3,30.578671566289472,5.529798510460347,2.0713185784856916,-0.318602508169308,45.7678477056132,0.8667118323475781,0.07980053511904982,0.282489884985374,0.10581335755681638,0,0.0,0.1178703622583712,0.00602141018602497
CatBoost,catboost_regressor,Boosting,severe,ood,raw,S_NH4,g N/m^3,97.88060364191112,9.893462671982501,5.5131100930096375,-3.7562840942429245,37.720869252087084,0.7770814116475024,0.6354252947675844,0.7971356815295526,0.44420208748390233,84,0.060108525549766166,,
CatBoost,catboost_regressor,Boosting,severe,ood,projected,S_NH4,g N/m^3,31.024282478948546,5.5699445669547325,3.028804416752158,-1.022387995786199,31.035977438148606,0.9293436186789612,0.20140470231731983,0.4487813524616635,0.24403670919027662,0,0.0,2.934502123682814,0.23643858857791392
CatBoost,catboost_regressor,Boosting,severe,ood,raw,S_NO2,g N/m^3,24.791745485683823,4.979130997039928,2.6526082529741783,-0.22226092732946232,28.302153740197387,0.4278002954451019,1.3935104709791617,1.1804704447715588,0.628889990252254,125,0.10913723378053004,,
CatBoost,catboost_regressor,Boosting,severe,ood,projected,S_NO2,g N/m^3,22.871259001021507,4.782390511137867,2.485445057679356,0.2502504165394181,27.807535575115086,0.47212560524468916,1.2855625240588324,1.133826496452977,0.5892583333192618,0,0.0,0.4908167724751941,0.1163646214669952
CatBoost,catboost_regressor,Boosting,severe,ood,raw,S_NO3,g N/m^3,84.28917730115835,9.180913750883315,5.419879963771179,-2.75376193465536,36.849237635800606,0.7649802491787945,0.5927981752818611,0.7699338772140508,0.45452438698050135,65,0.13253229727326493,,
CatBoost,catboost_regressor,Boosting,severe,ood,projected,S_NO3,g N/m^3,71.31438253696369,8.444784339280885,4.797797631835276,-0.6002732392346136,44.48048094294223,0.8011572902898055,0.5015476149235559,0.7082002647016986,0.40235504144801687,0,0.0,2.6274554333529636,0.2203448375510485
CatBoost,catboost_regressor,Boosting,severe,ood,raw,S_N2,g N/m^3,20.798586005295554,4.560546678337539,2.8400927272829986,0.23537126171564268,23.409390791871736,0.6094263425706762,0.5969679686116135,0.7726370225478543,0.4811617868074677,35,0.03047172407919587,,
CatBoost,catboost_regressor,Boosting,severe,ood,projected,S_N2,g N/m^3,22.702771673401063,4.764742561083554,2.9617162467762226,0.9357315554299144,26.411389505848977,0.5736679135780942,0.6516225422378623,0.8072314056315341,0.5017669555736145,0,0.0,0.8044749756788254,0.13629224603163712
CatBoost,catboost_regressor,Boosting,severe,ood,raw,S_PO4,g P/m^3,4.31865956216295,2.0781384848375604,1.3734260474516145,-0.12761365143917197,12.653735208555894,0.8905209781179655,0.10629051458240725,0.3260222608694186,0.2154656527436019,23,0.02211021473674518,,
CatBoost,catboost_regressor,Boosting,severe,ood,projected,S_PO4,g P/m^3,3.9015011922302887,1.9752218083623643,1.2802166144524363,-0.212789124215058,13.359596136684544,0.9010960395815412,0.09602344509839965,0.30987649975175535,0.20084278217820548,0,0.0,0.32534045434992975,0.05104002031305383
CatBoost,catboost_regressor,Boosting,severe,ood,raw,S_I,g COD/m^3,0.022195678816424966,0.1489821426091898,0.11895050400229093,-0.00194222593903552,0.42646155815713627,0.9999583903241777,4.161682460403269e-05,0.006451110338851188,0.005150703384590769,0,0.0,,
CatBoost,catboost_regressor,Boosting,severe,ood,projected,S_I,g COD/m^3,2.549303140327606e-23,5.0490624281420864e-12,4.694887441777003e-12,4.694887441777003e-12,1.0061285138363019e-11,1.0,4.77993498333619e-26,2.1863062418920617e-13,2.0329441089352405e-13,0,0.0,0.11895050400225543,0.005150703384589231
CatBoost,catboost_regressor,Boosting,severe,ood,raw,S_ALK,mol/m^3,1.6527771274446237,1.2856037987827447,0.8441549021748607,0.4624500935831806,4.91987458905561,0.9993942053375392,0.0006114742324309845,0.02472800502327239,0.01623693604605436,0,0.0,,
CatBoost,catboost_regressor,Boosting,severe,ood,projected,S_ALK,mol/m^3,0.6159789646903949,0.784843273966462,0.5078719566762214,-0.054890249086513306,3.5526570656702177,0.9997742243870626,0.00022789235062203604,0.015096103822577402,0.009768686361816733,0,0.0,0.76237369729363,0.014663911723143125
CatBoost,catboost_regressor,Boosting,severe,ood,raw,X_I,g COD/m^3,10.544068482987743,3.2471631438823247,2.0974379182313267,-1.9637929314822917,12.162542845030273,0.9877775696162141,0.012413542088707498,0.11141607643741319,0.07196691175208132,0,0.0,,
CatBoost,catboost_regressor,Boosting,severe,ood,projected,X_I,g COD/m^3,12.111219295049967,3.480117712815181,2.463779031802784,-1.5774354357320586,13.215331078300053,0.9859609661170783,0.014258550265226294,0.11940917161267929,0.08453674200183112,0,0.0,0.8027775357581305,0.027544758092852818
CatBoost,catboost_regressor,Boosting,severe,ood,raw,X_S,g COD/m^3,1547.6979512597939,39.34079245846217,18.50062272272921,-14.496039743075368,154.65134440798678,0.7602042616931018,0.8579483620550376,0.926255019989116,0.4355859045784583,0,0.0,,
CatBoost,catboost_regressor,Boosting,severe,ood,projected,X_S,g COD/m^3,1547.6979512605103,39.34079245847128,18.50062272273266,-14.496039743080765,154.65134440796334,0.7602042616929909,0.8579483620554345,0.9262550199893301,0.4355859045785396,0,0.0,8.408094961017318e-12,1.9796347962259413e-13
CatBoost,catboost_regressor,Boosting,severe,ood,raw,X_H,g COD/m^3,416.4174243494327,20.406308444925376,13.267516345513725,-5.086072196819993,69.13004246624092,0.8669131260149529,0.20023076649847701,0.4474715259080482,0.29093139507128074,0,0.0,,
CatBoost,catboost_regressor,Boosting,severe,ood,projected,X_H,g COD/m^3,1075.7486885281248,32.79860802729477,23.600153073721966,5.630254871965034,154.97209203247473,0.6561910674765996,0.5172645808475312,0.7192110822613422,0.5175064630657404,0,0.0,17.243779587697937,0.3781232840498441
CatBoost,catboost_regressor,Boosting,severe,ood,raw,X_PAO,g COD/m^3,11.176950429140902,3.343194644219942,2.02466431994086,0.7560892850777787,24.046277794047562,0.9606453597127522,0.0368279304297655,0.19190604583953447,0.11621977334284068,0,0.0,,
CatBoost,catboost_regressor,Boosting,severe,ood,projected,X_PAO,g COD/m^3,13.088913950300633,3.617860410560451,2.320067987981127,1.2310536232257883,22.228459653081316,0.9539132338887528,0.043127829493282435,0.20767240908046122,0.13317653353570388,0,0.0,0.7053992465760244,0.04049132478201167
CatBoost,catboost_regressor,Boosting,severe,ood,raw,X_PP,g P/m^3,4.023024301467156,2.0057478160195403,1.3109620144766831,0.253565866647332,13.962841355075494,0.83442922123519,0.14440676920366324,0.3800089067425437,0.24837481458209093,18,0.03193570011293177,,
CatBoost,catboost_regressor,Boosting,severe,ood,projected,X_PP,g P/m^3,4.200230522045458,2.0494463940404635,1.3322340796771304,0.0836928937670155,13.863143858818072,0.8271361576729296,0.15076760023000632,0.38828803771170484,0.25240501926506054,0,0.0,0.4275464008731359,0.08100292523311259
CatBoost,catboost_regressor,Boosting,severe,ood,raw,X_PHA,g COD/m^3,49.582483851118944,7.041483071847787,4.025332583164812,-0.1774734752088559,45.99010826718156,0.7813595393894125,0.22317269918686605,0.4724115781676673,0.27005869343993333,65,0.12369418889529453,,
CatBoost,catboost_regressor,Boosting,severe,ood,projected,X_PHA,g COD/m^3,49.259787811592005,7.018531741866814,3.901638393186181,-0.05377928523054197,45.9901082671813,0.7827825098668746,0.22172023169099825,0.4708717783972599,0.26176007695506237,0,0.0,0.12369418997914015,0.008298616484905187
CatBoost,catboost_regressor,Boosting,severe,ood,raw,X_AOB,g COD/m^3,1.127952866259116,1.0620512540640947,0.689001526423605,-0.1974965374407338,3.758295849022079,0.8887839461967468,0.16872493797646515,0.4107614124725753,0.266479832405942,0,0.0,,
CatBoost,catboost_regressor,Boosting,severe,ood,projected,X_AOB,g COD/m^3,1.079052671727374,1.0387746010214989,0.6780851272340092,-0.17995383196748832,3.6605652190195777,0.8936055010938665,0.16141019767462184,0.401758880019623,0.26225778047287934,0,0.0,0.023020656554245286,0.00890352265588227
CatBoost,catboost_regressor,Boosting,severe,ood,raw,X_NOB,g COD/m^3,0.40128646042023136,0.6334717518723557,0.4543494457681345,-0.0010038350288067003,2.1314365904769375,0.925420606224089,0.07919354377385072,0.281413474755298,0.20184018609959783,0,0.0,,
CatBoost,catboost_regressor,Boosting,severe,ood,projected,X_NOB,g COD/m^3,0.3955502022035904,0.6289278195497401,0.4526065503794847,0.007616361223055298,2.1249436547868497,0.9264866941750534,0.07806149806340751,0.27939487837719484,0.20106592229698117,0,0.0,0.01268928548772094,0.0056370878586249375
CatBoost,catboost_regressor,Boosting,severe,ood,raw,X_MeP,g TSS/m^3,1.6541495673752318,1.2861374605287073,0.8101612672459654,0.07331606394468028,7.1435304728517295,0.947536474503728,0.05290384401460966,0.23000835640169612,0.1448864271653804,2,0.0019219761968718766,,
CatBoost,catboost_regressor,Boosting,severe,ood,projected,X_MeP,g TSS/m^3,1.5502409896413927,1.2450867398062646,0.7553869018468884,0.05401397014721429,7.207089738072684,0.9508320714828276,0.04958058758324974,0.22266698808590765,0.13509076990086943,0,0.0,0.2939240402849454,0.052564354501497115
CatBoost,catboost_regressor,Boosting,severe,ood,raw,X_MeOH,g TSS/m^3,0.8211633952544031,0.9061806636948303,0.5520632827460362,-0.04058276509545481,5.200928610618837,0.8882675946893843,0.14652903360188474,0.38279110961709223,0.2332039570559371,12,0.0029732390242706427,,
CatBoost,catboost_regressor,Boosting,severe,ood,projected,X_MeOH,g TSS/m^3,0.7779997967349451,0.8820429676239957,0.5351303514110364,-0.03826451682929342,5.10563852082343,0.8941406921902131,0.13882688758029246,0.37259480347999013,0.22605110571571307,0,0.0,0.059932890170081826,0.025317001840695783
AdaBoost,adaboost_regressor,Boosting,mild,ood,raw,S_O,g O2/m^3,1.0031769868073428,1.0015872337481857,0.7993032473350491,-0.19074326519110066,3.006608945298387,0.7174866601569689,0.5328825682218984,0.7299880603283169,0.5825571727314305,0,0.0,,
AdaBoost,adaboost_regressor,Boosting,mild,ood,projected,S_O,g O2/m^3,1.0057016147821185,1.002846755382954,0.8013317579137487,-0.19277177576980092,3.0066089452983906,0.7167756778573401,0.5342236379002261,0.7309060390366371,0.5840356146013002,0,0.0,0.0020285105787096504,0.001478441869877129
AdaBoost,adaboost_regressor,Boosting,mild,ood,raw,S_F,g COD/m^3,20.990225256337187,4.581509058851372,1.5375939323718917,0.35471584073958695,76.03412750491466,0.47627141962654684,1.6939794558205927,1.3015296599849704,0.43680457296676556,0,0.0,,
AdaBoost,adaboost_regressor,Boosting,mild,ood,projected,S_F,g COD/m^3,21.292224751452412,4.614349873108065,1.5577561605595214,0.37487806892727715,76.03412750491027,0.46873620907408053,1.7183517974294054,1.3108591829137886,0.4425323228545206,0,0.0,0.0201622281877164,0.005727749887779761
AdaBoost,adaboost_regressor,Boosting,mild,ood,raw,S_A,g COD/m^3,107.89919682181862,10.38745381803542,6.2499687903627725,3.701231584743362,73.96793426335338,0.4861669313039879,0.2815823318756951,0.5306433188834992,0.3192798004144236,0,0.0,,
AdaBoost,adaboost_regressor,Boosting,mild,ood,projected,S_A,g COD/m^3,108.06809440076576,10.395580522547347,6.263023674392622,3.714286468773343,73.96793426333532,0.48536261427622496,0.2820231004405124,0.5310584717717178,0.31994670946745934,0,0.0,0.013054884030169423,0.0006669090530520876
AdaBoost,adaboost_regressor,Boosting,mild,ood,raw,S_NH4,g N/m^3,68.60746765904146,8.282962492915289,6.546351186302196,0.7431422246776764,33.53086866111479,0.7264925794306838,0.4453887566937437,0.6673745250560166,0.527452347821829,0,0.0,,
AdaBoost,adaboost_regressor,Boosting,mild,ood,projected,S_NH4,g N/m^3,55.08372917195017,7.421841359928826,5.986981240625273,1.268217768000489,41.97217901802295,0.7804057022475828,0.35759479961969715,0.5979923073248494,0.4823828147717818,0,0.0,1.5161159908292234,0.12215643740689736
AdaBoost,adaboost_regressor,Boosting,mild,ood,raw,S_NO2,g N/m^3,25.71109883350224,5.070611287951606,4.025698378651392,2.001471045303317,25.539535157943256,0.11971006882629665,1.4451860787920323,1.2021589240994854,0.9544271798408048,0,0.0,,
AdaBoost,adaboost_regressor,Boosting,mild,ood,projected,S_NO2,g N/m^3,24.890907143122437,4.9890787870229545,3.97064208466196,2.0675001923886795,24.834819348274404,0.14779157912459973,1.3990842135799055,1.1828289029187211,0.9413742338765758,0,0.0,0.26591798207112294,0.0630448001377893
AdaBoost,adaboost_regressor,Boosting,mild,ood,raw,S_NO3,g N/m^3,96.17652213443154,9.806962941422361,7.535560921460625,-1.3755279080956315,29.036710251941457,0.6568768459047039,0.6764007984387225,0.822435893209144,0.6319505655615874,0,0.0,,
AdaBoost,adaboost_regressor,Boosting,mild,ood,projected,S_NO3,g N/m^3,95.17417482531816,9.755725233180677,7.545074122296504,-2.373490808704027,44.79135968840967,0.6604528597027615,0.669351380294349,0.818138973704559,0.6327483658462898,0,0.0,2.7283212856553307,0.22880369457213637
AdaBoost,adaboost_regressor,Boosting,mild,ood,raw,S_N2,g N/m^3,26.311331217817497,5.129457204989383,3.8989071052941706,1.0569187358964882,21.264427283897568,0.48971657795041257,0.7551966246440338,0.8690204972519543,0.6605436123116911,0,0.0,,
AdaBoost,adaboost_regressor,Boosting,mild,ood,projected,S_N2,g N/m^3,24.11486804672954,4.910689162096247,3.7211071069393302,1.0775327198472988,21.815210252449802,0.5323149069391662,0.692153004417123,0.831957333291271,0.6304211574774004,0,0.0,0.6279953149740125,0.10639347967651942
AdaBoost,adaboost_regressor,Boosting,mild,ood,raw,S_PO4,g P/m^3,14.964570567750833,3.8684067221209864,3.213194011487036,1.1075801944012846,12.682865455841103,0.6016004337165339,0.36830685152555825,0.6068828977039625,0.5040918994957955,0,0.0,,
AdaBoost,adaboost_regressor,Boosting,mild,ood,projected,S_PO4,g P/m^3,11.797305526793592,3.4347205893338093,2.823494428662414,1.209395734593618,10.440144279525025,0.6859220661288566,0.29035436970186784,0.5388454042690425,0.4429550984696198,0,0.0,0.8923486268968058,0.13999332525106398
AdaBoost,adaboost_regressor,Boosting,mild,ood,raw,S_I,g COD/m^3,4.095719966930559,2.0237885183315374,1.7771864743209236,0.009411584136396959,4.934631018778935,0.9923217130495916,0.007679461434846888,0.08763253639400657,0.07695436404504363,0,0.0,,
AdaBoost,adaboost_regressor,Boosting,mild,ood,projected,S_I,g COD/m^3,2.5160589561711732e-23,5.016033249661702e-12,4.661435681896365e-12,4.659967226909127e-12,9.904965736495797e-12,1.0,4.717602247645375e-26,2.1720042006509506e-13,2.0184590847411096e-13,0,0.0,1.7771864743207653,0.07695436404503679
AdaBoost,adaboost_regressor,Boosting,mild,ood,raw,S_ALK,mol/m^3,21.58258024046478,4.645705569713257,3.682326468584493,1.2123445999391003,15.407997505803067,0.9919872218383949,0.007984858616008712,0.0893580361020133,0.07082787675231034,0,0.0,,
AdaBoost,adaboost_regressor,Boosting,mild,ood,projected,S_ALK,mol/m^3,1.2040869698358656,1.0973089673541658,0.8863955372921509,0.1514562216575717,5.803365917137967,0.9995529690301587,0.00044547334509577086,0.021106239482574125,0.017049415472729645,0,0.0,3.4943752597987463,0.0672127206370401
AdaBoost,adaboost_regressor,Boosting,mild,ood,raw,X_I,g COD/m^3,34.22326414556494,5.85006531122217,4.817808386357539,-2.7592133026333263,16.06654486627214,0.9594170976383105,0.040291082191790284,0.2007263863865194,0.1653077728621431,0,0.0,,
AdaBoost,adaboost_regressor,Boosting,mild,ood,projected,X_I,g COD/m^3,50.7189001135963,7.121720305768565,5.787196174016914,-3.6990334709622843,21.080998023595654,0.9398561118411289,0.059711410473946076,0.24435918332230952,0.19856923188394637,0,0.0,1.71872222188712,0.05897248704895857
AdaBoost,adaboost_regressor,Boosting,mild,ood,raw,X_S,g COD/m^3,741.3617063208411,27.227958173921913,18.170368362626224,1.5581440924362027,133.52490880498527,0.7593103668894059,0.41096524106048077,0.6410657072878573,0.4278102666260284,0,0.0,,
AdaBoost,adaboost_regressor,Boosting,mild,ood,projected,X_S,g COD/m^3,754.9671384422195,27.476665344292044,18.306684802373518,1.6944605321878548,133.5249088049998,0.754893243051358,0.41850725414777995,0.6469213662786073,0.43101975425280387,0,0.0,0.13631643975544291,0.003209487626967302
AdaBoost,adaboost_regressor,Boosting,mild,ood,raw,X_H,g COD/m^3,1035.3673928288065,32.177125303992064,25.54938673101243,-11.798534183296578,89.06303897096745,0.6077446790503394,0.49784757925902134,0.7055831483666694,0.5602494492032453,0,0.0,,
AdaBoost,adaboost_regressor,Boosting,mild,ood,projected,X_H,g COD/m^3,2932.2241777781805,54.15001549194774,41.658198641705226,-27.075091196779386,168.37317243931238,-0.11089121013193104,1.4099349842988662,1.1874068318393938,0.9134850511102616,0,0.0,28.219230324459502,0.6187940404466789
AdaBoost,adaboost_regressor,Boosting,mild,ood,raw,X_PAO,g COD/m^3,19.152746019711504,4.376385040157174,3.401030650048095,0.07663556862667965,16.41171850569448,0.9343230373801603,0.06310809038875904,0.2512132368900155,0.19522594801897303,0,0.0,,
AdaBoost,adaboost_regressor,Boosting,mild,ood,projected,X_PAO,g COD/m^3,20.66435413036531,4.545806213463714,3.494971695513994,-0.5970893226952497,20.931703476419997,0.929139559811091,0.06808882271723792,0.2609383504148785,0.200618351541921,0,0.0,1.2226590744989145,0.07018307139327759
AdaBoost,adaboost_regressor,Boosting,mild,ood,raw,X_PP,g P/m^3,11.128731865018883,3.33597539934258,2.6538563506702886,-0.1893761349885479,11.972475827953389,0.5248823042289554,0.39946669309831295,0.6320337752828664,0.5027995256509097,0,0.0,,
AdaBoost,adaboost_regressor,Boosting,mild,ood,projected,X_PP,g P/m^3,11.699220542130151,3.4204123351037885,2.7357294055012304,-0.5454597158136658,11.075677676914337,0.500526495407236,0.41994442839284396,0.6480311939967427,0.5183111915789436,0,0.0,1.1524671145459713,0.21834637672669507
AdaBoost,adaboost_regressor,Boosting,mild,ood,raw,X_PHA,g COD/m^3,116.20135440632725,10.779673204987583,8.980606623973793,4.5684473334142055,47.02245248933771,0.4239438534219724,0.5230268412913415,0.7232059466648082,0.6025069583844305,0,0.0,,
AdaBoost,adaboost_regressor,Boosting,mild,ood,projected,X_PHA,g COD/m^3,116.18734744783,10.779023492312744,8.9795973605257,4.567438069966496,47.02245248933409,0.424013291464054,0.5229637954232759,0.723162357581806,0.6024392471177221,0,0.0,0.0010092634488464394,6.771126675894618e-05
AdaBoost,adaboost_regressor,Boosting,mild,ood,raw,X_AOB,g COD/m^3,2.918281503977344,1.7082978381937222,1.3741741966318053,-0.29672752542847414,4.92452479635147,0.6573047394467224,0.4365314194284166,0.6607052439843478,0.5314788074792687,0,0.0,,
AdaBoost,adaboost_regressor,Boosting,mild,ood,projected,X_AOB,g COD/m^3,2.9225527417956543,1.7095475254568544,1.3695476562681974,-0.31555170871602933,5.52248343546988,0.6568031658476589,0.4371703329482404,0.6611885759359734,0.5296894359707423,0,0.0,0.03340476767480422,0.012919705617703382
AdaBoost,adaboost_regressor,Boosting,mild,ood,raw,X_NOB,g COD/m^3,0.9285872351464908,0.9636323132536033,0.7734505402867123,-0.08392592410954523,2.784208457702819,0.8364663702646469,0.18325590596154867,0.42808399404970593,0.3435976481194454,0,0.0,,
AdaBoost,adaboost_regressor,Boosting,mild,ood,projected,X_NOB,g COD/m^3,0.918782813697415,0.9585315924357501,0.7679225200163086,-0.0948278027666634,2.7407458883747164,0.8381930283171557,0.18132101167582676,0.42581804996480216,0.34114188053673317,0,0.0,0.02264738627249657,0.010060874295074974
AdaBoost,adaboost_regressor,Boosting,mild,ood,raw,X_MeP,g TSS/m^3,9.604574588276995,3.0991248100515403,2.5277640261201313,-0.05438711012560827,9.599536951435791,0.6955783000208364,0.30717833856533416,0.5542367170851586,0.4520565389489705,0,0.0,,
AdaBoost,adaboost_regressor,Boosting,mild,ood,projected,X_MeP,g TSS/m^3,5.414061199911546,2.3268135292523007,1.803946910402879,-0.3179841344805115,8.494543651984397,0.8283986761600054,0.1731552302493197,0.416119250034554,0.3226115999506903,0,0.0,1.4155650230854286,0.25315473215885004
AdaBoost,adaboost_regressor,Boosting,mild,ood,raw,X_MeOH,g TSS/m^3,2.820645760564034,1.6794778237785797,1.3090633593382213,0.25551888605316,7.4176821719243735,0.5967788511159168,0.5033182187823354,0.7094492362264797,0.5529778287665033,0,0.0,,
AdaBoost,adaboost_regressor,Boosting,mild,ood,projected,X_MeOH,g TSS/m^3,2.7170862731628485,1.6483586603536404,1.2779500700017372,0.22526596796853648,6.017695194930701,0.6115830410186582,0.4848389834719244,0.6963038011327558,0.5398348750199629,0,0.0,0.14966280023212122,0.06322093558657971
AdaBoost,adaboost_regressor,Boosting,severe,ood,raw,S_O,g O2/m^3,1.8793685345574962,1.3709006289871983,1.0908783743460093,-0.47438027598915833,3.655223983466227,0.5792194039866814,0.9983111101040002,0.9991551982069653,0.7950662325865466,0,0.0,,
AdaBoost,adaboost_regressor,Boosting,severe,ood,projected,S_O,g O2/m^3,1.911705053352216,1.3826442251541848,1.0940922723096564,-0.4814881214817038,4.889635660631498,0.5719794298138448,1.0154881061967098,1.0077142979022922,0.797408621807899,0,0.0,0.007107845492555107,0.005180419807076111
AdaBoost,adaboost_regressor,Boosting,severe,ood,raw,S_F,g COD/m^3,115.23054676836446,10.734549211232135,2.6926971623729488,-0.7643836726715181,115.21176219492034,0.26601223648074235,9.299479949585145,3.049504869578854,0.764949971105023,0,0.0,,
AdaBoost,adaboost_regressor,Boosting,severe,ood,projected,S_F,g COD/m^3,168.61498551348296,12.985183306888008,3.2452511964743094,-0.20155063058217323,127.60149885886715,-0.07403236020095827,13.607777806819481,3.6888721591862574,0.9219212779144804,0,0.0,0.5628330420893793,0.1598914000799885
AdaBoost,adaboost_regressor,Boosting,severe,ood,raw,S_A,g COD/m^3,113.82117523016574,10.66870072830641,6.507167559020763,3.3495513770379186,63.04164160101898,0.5038693602635491,0.2970367980687437,0.5450108238087972,0.33241880546843,0,0.0,,
AdaBoost,adaboost_regressor,Boosting,severe,ood,projected,S_A,g COD/m^3,123.84867831449913,11.128732107230325,6.7256984637829325,3.5680822817998727,63.0416416010117,0.46016087183747756,0.32320536822075396,0.5685115374561487,0.3435824617997121,0,0.0,0.2242648454063079,0.011456574821894657
AdaBoost,adaboost_regressor,Boosting,severe,ood,raw,S_NH4,g N/m^3,177.52377517761755,13.32380483111403,9.555115958871449,-2.203274115076108,45.4915935980815,0.5956977389884435,1.1524560839773086,1.0735250737534305,0.769874423596791,0,0.0,,
AdaBoost,adaboost_regressor,Boosting,severe,ood,projected,S_NH4,g N/m^3,82.26119408786549,9.069795702653147,7.254209365164652,0.24618951064868763,38.03653663441426,0.8126539009777223,0.5340265747894687,0.7307712191852308,0.5844858688995128,0,0.0,3.3737722673687993,0.2718314451512077
AdaBoost,adaboost_regressor,Boosting,severe,ood,raw,S_NO2,g N/m^3,36.77646714158591,6.064360406636953,4.57099807934015,1.831491252924149,22.413800692280073,0.1511899133870952,2.0671554601516378,1.4377605712188792,1.0837088116332878,0,0.0,,
AdaBoost,adaboost_regressor,Boosting,severe,ood,projected,S_NO2,g N/m^3,35.22897019040475,5.935399749840339,4.5446210811748164,2.121417598740554,21.473605898351927,0.18690653119348544,1.9801727502603748,1.4071861107402868,1.0774552571928682,0,0.0,0.5002666249404303,0.11860502678055183
AdaBoost,adaboost_regressor,Boosting,severe,ood,raw,S_NO3,g N/m^3,164.53435277790723,12.827094479183788,9.067255501321922,-2.467149515345683,48.08510328448841,0.5412362081405595,1.1571552507795688,1.0757115090857627,0.7604022184776047,0,0.0,,
AdaBoost,adaboost_regressor,Boosting,severe,ood,projected,S_NO3,g N/m^3,137.28936965991142,11.717054649523122,8.838641238447451,-2.457798112735655,40.68595737654373,0.6172021784885857,0.965543743880793,0.9826208545928552,0.7412300673630777,0,0.0,3.9759868388614494,0.3334359787773961
AdaBoost,adaboost_regressor,Boosting,severe,ood,raw,S_N2,g N/m^3,33.37938556955022,5.777489555987983,4.355743864127483,1.2276384824060718,28.78384220374046,0.37317331566081313,0.9580662835389246,0.9788086041402193,0.737939814572261,0,0.0,,
AdaBoost,adaboost_regressor,Boosting,severe,ood,projected,S_N2,g N/m^3,32.4698608841592,5.698233137048642,4.289997023706169,1.593432045150732,28.263898699258338,0.39025314901126196,0.9319608019594682,0.9653811692587898,0.7268011405035701,0,0.0,1.014075822505547,0.17180232533527476
AdaBoost,adaboost_regressor,Boosting,severe,ood,raw,S_PO4,g P/m^3,15.96296095730173,3.9953674370828187,3.356825999603879,0.6243543297204774,13.099830549120615,0.5953352361325679,0.3928791584490394,0.6268007326487737,0.526625155022644,0,0.0,,
AdaBoost,adaboost_regressor,Boosting,severe,ood,projected,S_PO4,g P/m^3,12.506529174309344,3.5364571500739754,2.9454336790734157,0.6948963346311663,12.409778820107398,0.6829565837653648,0.30780972717179217,0.5548060266181255,0.46208515664320887,0,0.0,0.9038820587142296,0.1418027116534306
AdaBoost,adaboost_regressor,Boosting,severe,ood,raw,S_I,g COD/m^3,4.118561781588341,2.0294240024175187,1.7824645600549074,-0.0018358858624735852,4.902416729640752,0.992279036743888,0.007722289762023227,0.08787655979852207,0.07718291166056,0,0.0,,
AdaBoost,adaboost_regressor,Boosting,severe,ood,projected,S_I,g COD/m^3,2.88817272572913e-23,5.3741722392654385e-12,4.929798791408757e-12,4.927809271748629e-12,1.1112888387287967e-11,1.0,5.415314338747496e-26,2.327082795851384e-13,2.1346636177154435e-13,0,0.0,1.7824645600547517,0.07718291166055323
AdaBoost,adaboost_regressor,Boosting,severe,ood,raw,S_ALK,mol/m^3,22.8849269063627,4.783819280278332,3.739109637373918,1.339094038440298,18.060808129055715,0.991611956421423,0.008466684879614036,0.09201459058004897,0.0719200752075356,0,0.0,,
AdaBoost,adaboost_regressor,Boosting,severe,ood,projected,S_ALK,mol/m^3,1.8090101095189697,1.344994464493802,1.0775661627248978,0.06402815541509554,5.067068038354918,0.9993369410488039,0.0006692753970332671,0.025870357497206474,0.020726495604632675,0,0.0,3.5573542288128035,0.06842409249485094
AdaBoost,adaboost_regressor,Boosting,severe,ood,raw,X_I,g COD/m^3,52.32971794542288,7.233928251332251,5.798572181190539,-3.634125635509629,21.436001359295602,0.9393406505635815,0.0616078278753393,0.24820924212313147,0.1989595633913722,0,0.0,,
AdaBoost,adaboost_regressor,Boosting,severe,ood,projected,X_I,g COD/m^3,69.36514724930556,8.328574142631233,6.7384000712263425,-4.191054892797027,25.041625438711662,0.9195935909669416,0.08166365537723233,0.28576853461714835,0.2312067685345815,0,0.0,1.8912033531671515,0.06489062853282972
AdaBoost,adaboost_regressor,Boosting,severe,ood,raw,X_S,g COD/m^3,2478.192373626647,49.78144607809869,28.55625782504468,-8.933031738192234,184.71593785282843,0.6160362108015902,1.3737571249478082,1.1720738564390079,0.6723397143176167,0,0.0,,
AdaBoost,adaboost_regressor,Boosting,severe,ood,projected,X_S,g COD/m^3,2542.3686411547887,50.421906361766894,28.837229685060084,-7.824985343065491,220.7270706727219,0.6060929299171223,1.4093324925857618,1.187153104104842,0.678955025793351,0,0.0,1.1080463951372321,0.026088278139296647
AdaBoost,adaboost_regressor,Boosting,severe,ood,raw,X_H,g COD/m^3,1541.699000054177,39.26447503856606,29.385260568745895,-13.44054840455116,119.43751705705779,0.507273498788781,0.7413128136341973,0.8609952459997658,0.6443628656006238,0,0.0,,
AdaBoost,adaboost_regressor,Boosting,severe,ood,projected,X_H,g COD/m^3,3992.2491204534563,63.18424740751018,49.58977708281813,-20.4400117067,203.06654586627963,-0.2759215261964054,1.919638936075071,1.385510352207832,1.0874094783276091,0,0.0,34.337409402614,0.7529540692078486
AdaBoost,adaboost_regressor,Boosting,severe,ood,raw,X_PAO,g COD/m^3,25.68062421980563,5.067605373330251,3.867581385827983,0.7821488478852735,20.810992422619876,0.9095771485317292,0.08461737825141694,0.2908906637405486,0.22200689152216957,0,0.0,,
AdaBoost,adaboost_regressor,Boosting,severe,ood,projected,X_PAO,g COD/m^3,26.400680947285554,5.138159295631613,3.8705558717054553,0.5328354618384248,26.277110396205906,0.9070417902802959,0.08698995735814503,0.29494059971144193,0.22217763294882814,0,0.0,1.4728245566002034,0.0845430694145118
AdaBoost,adaboost_regressor,Boosting,severe,ood,raw,X_PP,g P/m^3,12.033647023717256,3.468954745123847,2.7746300449671657,0.17210312523792415,13.282356259028719,0.5047456441237281,0.43194869287728416,0.6572280371965914,0.5256813052876411,0,0.0,,
AdaBoost,adaboost_regressor,Boosting,severe,ood,projected,X_PP,g P/m^3,14.251165058951996,3.775071530309326,3.0988794894992124,-0.15765063914310887,13.396681846763343,0.4134819180048158,0.5115466746747894,0.7152249119506321,0.5871135930081528,0,0.0,1.1432284710010785,0.2165960236637432
AdaBoost,adaboost_regressor,Boosting,severe,ood,raw,X_PHA,g COD/m^3,137.22099458086126,11.714136527327195,9.64914479685277,3.563552325633438,46.762287435305154,0.39490604079679703,0.617637063880696,0.7858988890949623,0.6473590399832306,0,0.0,,
AdaBoost,adaboost_regressor,Boosting,severe,ood,projected,X_PHA,g COD/m^3,137.66129667271755,11.73291509697047,9.659658390026621,3.541616571399506,46.76228743530429,0.3929644710186404,0.6196188808181501,0.7871587392757258,0.6480643946780857,0,0.0,0.030790951284259033,0.0020657582701059437
AdaBoost,adaboost_regressor,Boosting,severe,ood,raw,X_AOB,g COD/m^3,4.323867011718474,2.079391019437776,1.5667024509374725,-0.32597658959493064,6.419560633566369,0.5736670914200032,0.6467860627813596,0.8042301056173908,0.6059414827756366,0,0.0,,
AdaBoost,adaboost_regressor,Boosting,severe,ood,projected,X_AOB,g COD/m^3,4.2384780653645775,2.058756436629787,1.5467499179196609,-0.3356622043542229,6.350760021862454,0.5820864340503329,0.6340131490290157,0.79624942639164,0.5982245947126172,0,0.0,0.042311331621259496,0.016364428998918372
AdaBoost,adaboost_regressor,Boosting,severe,ood,raw,X_NOB,g COD/m^3,1.1731763443338663,1.0831326531565126,0.8521982846495475,-0.028932328198284788,3.4431416934207313,0.7819642844140972,0.2315253599190862,0.4811708219739495,0.37858054404935376,0,0.0,,
AdaBoost,adaboost_regressor,Boosting,severe,ood,projected,X_NOB,g COD/m^3,1.143737831904735,1.0694567929115861,0.8418315881734789,-0.034589322300253446,3.4090868437615125,0.7874354543317915,0.22571569437429798,0.47509545817056387,0.3739752430735152,0,0.0,0.02902108647921645,0.012892326710940583
AdaBoost,adaboost_regressor,Boosting,severe,ood,raw,X_MeP,g TSS/m^3,10.26476624347528,3.203867388559533,2.5824523341163568,-0.21231302639615807,9.116189176028453,0.6744394605245049,0.3282929203632655,0.5729685160314356,0.46183680600645177,0,0.0,,
AdaBoost,adaboost_regressor,Boosting,severe,ood,projected,X_MeP,g TSS/m^3,6.3271295893189725,2.515378617488622,1.9618005116930908,-0.43726069887941976,9.319097455920685,0.7993267772912618,0.20235744303623865,0.4498415754865691,0.3508415897450354,0,0.0,1.4501182440252682,0.2593341101807686
AdaBoost,adaboost_regressor,Boosting,severe,ood,raw,X_MeOH,g TSS/m^3,3.332579241459344,1.82553533010439,1.4320057109148405,0.32843023791795917,7.058716396794468,0.5465493266159038,0.5946680264546553,0.771147214515267,0.6049114453888916,0,0.0,,
AdaBoost,adaboost_regressor,Boosting,severe,ood,projected,X_MeOH,g TSS/m^3,3.1753163329510494,1.7819417310762575,1.3897765431959808,0.30976373946320634,6.601824686412248,0.5679474589916551,0.5666059109995418,0.7527322970349697,0.5870728944056933,0,0.0,0.1785045138270711,0.0754043246088677
Random Forest,random_forest_regressor,Randomized tree ensembles,mild,ood,raw,S_O,g O2/m^3,2.652410895544015,1.6286223919448042,1.1977370149031763,-0.6643927811737982,4.756890836004093,0.25303164786405374,1.4089473229400191,1.1869908689370863,0.8729481475324186,0,0.0,,
Random Forest,random_forest_regressor,Randomized tree ensembles,mild,ood,projected,S_O,g O2/m^3,2.6716007383076827,1.6345032084115598,1.202622922611168,-0.6724299921348386,4.964504031120659,0.24762743042134683,1.4191408708684081,1.1912769916641588,0.8765091496803321,0,0.0,0.008173267972945982,0.005956932989038511
Random Forest,random_forest_regressor,Randomized tree ensembles,mild,ood,raw,S_F,g COD/m^3,34.94249342903012,5.911217592766326,1.3668926472737504,-0.09511427997248116,95.81239257813687,0.12814739933438457,2.819972881713233,1.6792774880028711,0.38831120916482165,0,0.0,,
Random Forest,random_forest_regressor,Randomized tree ensembles,mild,ood,projected,S_F,g COD/m^3,63.90833225624715,7.9942687130373065,2.028590883531028,0.5754069556153799,95.81239257813672,-0.5945812738000096,5.157610296018829,2.2710372731460904,0.5762885479381089,0,0.0,0.6705212355879377,0.19048380447517127
Random Forest,random_forest_regressor,Randomized tree ensembles,mild,ood,raw,S_A,g COD/m^3,75.04215199639091,8.662687342643212,3.5837966311565137,0.6867029169488581,80.49099053876344,0.6426373839878208,0.19583597256065238,0.44253358353988503,0.18307833390878733,0,0.0,,
Random Forest,random_forest_regressor,Randomized tree ensembles,mild,ood,projected,S_A,g COD/m^3,75.264723675902,8.675524403510257,3.684724560328196,0.9028402538626347,80.49099053875833,0.6415774623901015,0.19641681333029884,0.4431893650916037,0.18823423950816637,0,0.0,0.21613733691464831,0.011041380862352821
Random Forest,random_forest_regressor,Randomized tree ensembles,mild,ood,raw,S_NH4,g N/m^3,158.04858319109314,12.571737477019362,8.776297550946294,-2.350155686443013,40.750219267758865,0.3699306826472828,1.026026238346547,1.0129295327645191,0.7071234977609557,0,0.0,,
Random Forest,random_forest_regressor,Randomized tree ensembles,mild,ood,projected,S_NH4,g N/m^3,81.67046689310506,9.03717139890049,6.488298119817254,-0.22472311423637942,49.79087985189757,0.6744162188344354,0.5301916678938071,0.7281426150788094,0.5227748984543384,0,0.0,3.2986309607170474,0.26577716277558483
Random Forest,random_forest_regressor,Randomized tree ensembles,mild,ood,raw,S_NO2,g N/m^3,26.5196874425952,5.149726928934698,3.388713316914658,-0.33985710828143306,34.47826693064317,0.09202582181469887,1.4906357505037795,1.2209159473541902,0.8034084499483339,0,0.0,,
Random Forest,random_forest_regressor,Randomized tree ensembles,mild,ood,projected,S_NO2,g N/m^3,24.815422401638163,4.981508044923562,3.3223275409522057,-0.15741935656165112,33.517632969464316,0.1503760061191889,1.3948413183905277,1.1810340039095097,0.7876694692861481,0,0.0,0.30316928455361675,0.0718764741057913
Random Forest,random_forest_regressor,Randomized tree ensembles,mild,ood,raw,S_NO3,g N/m^3,195.87308093850325,13.99546644233422,9.911042777686498,-5.5064438254437,44.117703758851356,0.30119547013728476,1.377557697025776,1.1736940389325388,0.8311642827844123,0,0.0,,
Random Forest,random_forest_regressor,Randomized tree ensembles,mild,ood,projected,S_NO3,g N/m^3,138.52747426496435,11.769769507724625,8.916129483565243,-2.78286929271558,49.438471850033785,0.5057839185304361,0.9742512218059971,0.9870416515051414,0.7477284210804639,0,0.0,5.313496467056702,0.4456028068067321
Random Forest,random_forest_regressor,Randomized tree ensembles,mild,ood,raw,S_N2,g N/m^3,38.17381945072568,6.178496536433898,4.614462988688271,0.4135275814514269,26.88880774457298,0.2596548209302195,1.0956777276034049,1.0467462575062807,0.7817713962171404,0,0.0,,
Random Forest,random_forest_regressor,Randomized tree ensembles,mild,ood,projected,S_N2,g N/m^3,30.94275402141615,5.562621146673226,4.327805921583777,1.1845693279552245,23.87454184514977,0.39989450632606194,0.8881292702643581,0.9424061068691979,0.7332066344810202,0,0.0,1.4167163232742268,0.24001672584756012
Random Forest,random_forest_regressor,Randomized tree ensembles,mild,ood,raw,S_PO4,g P/m^3,28.29719710945319,5.319510984052312,4.380957886283969,0.48562468338851944,19.67919103928398,0.24664787376265385,0.6964484231068223,0.8345348543391237,0.6872928850897311,0,0.0,,
Random Forest,random_forest_regressor,Randomized tree ensembles,mild,ood,projected,S_PO4,g P/m^3,12.306307559883596,3.5080347147489284,2.853093751502325,0.22640507612145594,13.117403398516494,0.6723709796942434,0.3028818883084818,0.5503470616878787,0.4475986957192158,0,0.0,2.4311992222241017,0.38141109114555954
Random Forest,random_forest_regressor,Randomized tree ensembles,mild,ood,raw,S_I,g COD/m^3,99.83540124036854,9.991766672634451,7.855509058905491,-0.2558921390391905,33.728358608996636,0.8128375805176964,0.18719104817911844,0.4326558079803372,0.3401532211802036,0,0.0,,
Random Forest,random_forest_regressor,Randomized tree ensembles,mild,ood,projected,S_I,g COD/m^3,1.635638181078208e-23,4.044302388642827e-12,3.611650238137069e-12,3.571546021892876e-12,8.86757334228605e-12,1.0,3.066816196998601e-26,1.7512327649397726e-13,1.5638890529772269e-13,0,0.0,7.855509058905603,0.3401532211802084
Random Forest,random_forest_regressor,Randomized tree ensembles,mild,ood,raw,S_ALK,mol/m^3,101.26946893207824,10.063273271261108,8.311357803155255,0.9098891408988792,29.504209728588137,0.9624025589130014,0.03746643740144009,0.19356248965499512,0.15986519151641754,0,0.0,,
Random Forest,random_forest_regressor,Randomized tree ensembles,mild,ood,projected,S_ALK,mol/m^3,1.6717708085746914,1.2929697632097557,0.9998989370363146,0.20127235634316537,6.7902824388878855,0.9993793360906384,0.000618501281872311,0.024869686002688313,0.019232601802522443,0,0.0,8.283174064676324,0.15932309011057103
Random Forest,random_forest_regressor,Randomized tree ensembles,mild,ood,raw,X_I,g COD/m^3,106.78928494196059,10.333890116599875,8.500764701837001,-2.0449092069104298,29.29562342360255,0.8733662836589522,0.12572312911176928,0.35457457482420995,0.2916767060443879,0,0.0,,
Random Forest,random_forest_regressor,Randomized tree ensembles,mild,ood,projected,X_I,g COD/m^3,119.47331081255285,10.930384751350378,8.856024194289379,-0.4506248863178188,33.18767050830648,0.858325211560454,0.14065604511595634,0.3750413912036328,0.30386630570794737,0,0.0,3.618143522078832,0.12414508829867264
Random Forest,random_forest_regressor,Randomized tree ensembles,mild,ood,raw,X_S,g COD/m^3,693.9774416388143,26.34345158931939,15.141339325157018,-4.564165743964774,134.9428004985841,0.7746940873922243,0.38469832493641626,0.6202405379660509,0.3564936210701214,0,0.0,,
Random Forest,random_forest_regressor,Randomized tree ensembles,mild,ood,projected,X_S,g COD/m^3,806.063753256105,28.391261917289004,16.317416011681495,-2.9679834362386974,135.19707870229735,0.738304275253465,0.44683206839880785,0.668454986067729,0.38418363102443653,0,0.0,1.5961823077464388,0.03758114117627371
Random Forest,random_forest_regressor,Randomized tree ensembles,mild,ood,raw,X_H,g COD/m^3,564.2966502025113,23.754928966480016,18.517690078655242,-6.463397479615049,72.92088726383432,0.7862127345625192,0.2713372308545804,0.5209004039685325,0.4060577177960268,0,0.0,,
Random Forest,random_forest_regressor,Randomized tree ensembles,mild,ood,projected,X_H,g COD/m^3,8016.943339201415,89.53738514833574,73.0738030174037,27.98168309785704,260.79462532344377,-2.037268417312092,3.8548788209115354,1.9633845321056025,1.6023694941371522,0,0.0,71.92472406572337,1.5771723785841385
Random Forest,random_forest_regressor,Randomized tree ensembles,mild,ood,raw,X_PAO,g COD/m^3,103.02833736463047,10.15028755083473,7.857649493084812,-0.03769055425447372,38.70701198490972,0.6467040154494257,0.33947725408769347,0.582646766135103,0.45104476534682003,0,0.0,,
Random Forest,random_forest_regressor,Randomized tree ensembles,mild,ood,projected,X_PAO,g COD/m^3,100.3909365247657,10.019527759568597,7.874217738255635,1.241305222460436,36.40135948528834,0.6557479653976503,0.3307870469277239,0.575140893110309,0.4519958156910557,0,0.0,2.6070361219030866,0.14964907723223245
Random Forest,random_forest_regressor,Randomized tree ensembles,mild,ood,raw,X_PP,g P/m^3,14.643852850830031,3.8267287401682957,3.06044332562452,-0.3695511706668178,11.126208447308658,0.37481163998870415,0.5256422334090847,0.7250118850122973,0.5798314788277245,0,0.0,,
Random Forest,random_forest_regressor,Randomized tree ensembles,mild,ood,projected,X_PP,g P/m^3,14.879393801583005,3.8573817287874173,3.1495613801303826,-0.8463490506762322,12.813937808745852,0.36475571671381235,0.534096994097702,0.7308193990978222,0.5967157821251362,0,0.0,2.8734175051900723,0.5443975738331449
Random Forest,random_forest_regressor,Randomized tree ensembles,mild,ood,raw,X_PHA,g COD/m^3,126.8798301339029,11.264094732107987,8.652492515181896,2.4377909358065293,56.83688569162543,0.371006418997204,0.5710910782198572,0.7557056822731038,0.5804938537057903,0,0.0,,
Random Forest,random_forest_regressor,Randomized tree ensembles,mild,ood,projected,X_PHA,g COD/m^3,126.07893864172084,11.228487816341113,8.621438116765505,2.40928735861072,56.83688569162467,0.37497675539449127,0.5674862342874161,0.7533168219862185,0.5784104208245003,0,0.0,0.0631607467403078,0.004237440854630539
Random Forest,random_forest_regressor,Randomized tree ensembles,mild,ood,raw,X_AOB,g COD/m^3,6.956873378598709,2.6375885536980004,2.098324519167094,-0.6022637775144708,7.950190123811028,0.1830508702242205,1.0406445733917227,1.020119881872578,0.8115528699963259,0,0.0,,
Random Forest,random_forest_regressor,Randomized tree ensembles,mild,ood,projected,X_AOB,g COD/m^3,6.765398379054104,2.601037942640227,2.0681745085460608,-0.5859050410600172,7.8264678098731935,0.2055358754469675,1.0120027671703753,1.005983482553454,0.7998919817846055,0,0.0,0.08209968693043342,0.031753065813023236
Random Forest,random_forest_regressor,Randomized tree ensembles,mild,ood,raw,X_NOB,g COD/m^3,4.883176085445746,2.2097909596714675,1.8411536952338732,-0.2415465834429054,5.512428629541899,0.1400231667369013,0.9636906729252606,0.9816774790761275,0.8179140702058064,0,0.0,,
Random Forest,random_forest_regressor,Randomized tree ensembles,mild,ood,projected,X_NOB,g COD/m^3,4.8147053732740455,2.1942436904943,1.8267005232702271,-0.21629851863052474,5.446918370191764,0.15208155357250797,0.9501780357535059,0.9747707606168262,0.8114933934644935,0,0.0,0.052752283694256705,0.023434673151249415
Random Forest,random_forest_regressor,Randomized tree ensembles,mild,ood,raw,X_MeP,g TSS/m^3,27.631828786464546,5.256598594763019,4.309931880414221,0.2957288484067587,13.238829982306022,0.1241956407964403,0.8837350556377565,0.9400718353603391,0.7707732481486335,0,0.0,,
Random Forest,random_forest_regressor,Randomized tree ensembles,mild,ood,projected,X_MeP,g TSS/m^3,9.235175979275295,3.038943233967245,2.1122614647315006,0.27288815230418084,14.562003765783135,0.7072865700216224,0.2953640463300501,0.5434740530421394,0.3777495040023271,0,0.0,4.0446457857623885,0.7233304043782566
Random Forest,random_forest_regressor,Randomized tree ensembles,mild,ood,raw,X_MeOH,g TSS/m^3,5.843152605931357,2.4172613855210936,1.6736108979550666,-0.2187521490605036,12.08490990202491,0.16470095613937352,1.042656686213103,1.021105619518913,0.706970914699659,0,0.0,,
Random Forest,random_forest_regressor,Randomized tree ensembles,mild,ood,projected,X_MeOH,g TSS/m^3,4.634740716247846,2.1528447961355335,1.4963659247087249,-0.19331912226122147,10.315998560965772,0.3374476502814754,0.8270267306992003,0.9094101003943162,0.6320986483831622,0,0.0,0.32316949206959855,0.13651406769078192
Random Forest,random_forest_regressor,Randomized tree ensembles,severe,ood,raw,S_O,g O2/m^3,3.7333569078248683,1.932189666628219,1.4267175818204931,-0.9268112833069407,4.784948667712975,0.16412129078511573,1.9831404062230027,1.4082401805881704,1.0398363368629897,0,0.0,,
Random Forest,random_forest_regressor,Randomized tree ensembles,severe,ood,projected,S_O,g O2/m^3,3.7446962863036517,1.9351217755747703,1.4226550615379994,-0.9378044602847323,5.510331231139226,0.16158246439370416,1.9891638270204082,1.4103771931722409,1.0368754451891171,0,0.0,0.011147375544756845,0.008124555483016714
Random Forest,random_forest_regressor,Randomized tree ensembles,severe,ood,raw,S_F,g COD/m^3,153.30168847486595,12.381505904972382,2.6308170162088587,-1.3350085821008546,130.0681254978009,0.02350924626277462,12.371944924251258,3.5173775635054105,0.7473708624396873,0,0.0,,
Random Forest,random_forest_regressor,Randomized tree ensembles,severe,ood,projected,S_F,g COD/m^3,280.17958159905646,16.738565697187333,3.9372520297436995,-0.023382246149164853,155.70484964632305,-0.7846689983606998,22.611403611589076,4.755144962205577,1.1185070747916843,0,0.0,1.3116263359517744,0.3726109797295995
Random Forest,random_forest_regressor,Randomized tree ensembles,severe,ood,raw,S_A,g COD/m^3,93.16773536832264,9.652343516904205,4.127094649174176,0.4237350311013856,64.3231123320418,0.5938948261814132,0.24313793756882746,0.49309019212394345,0.21083272574282438,0,0.0,,
Random Forest,random_forest_regressor,Randomized tree ensembles,severe,ood,projected,S_A,g COD/m^3,116.19346135646393,10.779307090739364,4.642863483338665,0.9667942387366437,64.32311233204122,0.4935288956610864,0.303227704757535,0.5506611523954954,0.23718078858210456,0,0.0,0.5510880854587913,0.028152347609696912
Random Forest,random_forest_regressor,Randomized tree ensembles,severe,ood,raw,S_NH4,g N/m^3,321.6347157681701,17.934177309488444,11.638983018714978,-5.42391493576367,52.21564904052209,0.2674916772428134,2.0880013656451046,1.4449918219993858,0.9377756775904538,0,0.0,,
Random Forest,random_forest_regressor,Randomized tree ensembles,severe,ood,projected,S_NH4,g N/m^3,139.78733156183404,11.823169268932677,8.097275122746948,-1.3721524428286236,50.847135561313095,0.6816407596409245,0.9074771002374473,0.9526159248288091,0.6524133296406089,0,0.0,4.996490392264179,0.4025770254708262
Random Forest,random_forest_regressor,Randomized tree ensembles,severe,ood,raw,S_NO2,g N/m^3,42.0882075207558,6.4875424870096845,3.8720691548906188,-0.5569399176843998,30.535556584963384,0.02859361304235175,2.3657212001787125,1.5380901144532177,0.9180042059904271,0,0.0,,
Random Forest,random_forest_regressor,Randomized tree ensembles,severe,ood,projected,S_NO2,g N/m^3,39.939162249034936,6.3197438436249085,3.8277048246066157,-0.3186904002759459,30.052174803450132,0.07819411697878775,2.2449262730736153,1.4983078031811805,0.9074861495798836,0,0.0,0.3700976317699689,0.087744089529704
Random Forest,random_forest_regressor,Randomized tree ensembles,severe,ood,raw,S_NO3,g N/m^3,278.5764780249275,16.690610474902574,11.261804565501329,-6.7718681494062585,61.33660113791581,0.22325764058480413,1.9592032232037824,1.3997154079325491,0.9444424693249183,0,0.0,,
Random Forest,random_forest_regressor,Randomized tree ensembles,severe,ood,projected,S_NO3,g N/m^3,176.11992264016678,13.27101814632799,9.758555691785592,-3.138315648609727,52.31841446748818,0.5089326808155574,1.2386355178061352,1.1129400333378863,0.8183763428844802,0,0.0,6.462029968154778,0.5419216347148572
Random Forest,random_forest_regressor,Randomized tree ensembles,severe,ood,raw,S_N2,g N/m^3,41.14058377250217,6.4140925915130165,4.874330824590559,0.5373480421051746,30.346469685498498,0.22742689004375305,1.1808307889735086,1.0866603834563533,0.8257975898182747,0,0.0,,
Random Forest,random_forest_regressor,Randomized tree ensembles,severe,ood,projected,S_N2,g N/m^3,37.0591216280584,6.087620358404292,4.912995066166648,1.7317197575951346,28.32615687026916,0.30407208106822237,1.063683298047278,1.0313502305459954,0.8323479941003573,0,0.0,1.8794756024910646,0.3184163074917557
Random Forest,random_forest_regressor,Randomized tree ensembles,severe,ood,raw,S_PO4,g P/m^3,28.635825830058348,5.351245259755746,4.397982570968368,0.26584263749097065,17.86538655553764,0.27407517135040227,0.7047827269451822,0.8395133869958133,0.6899637495349515,0,0.0,,
Random Forest,random_forest_regressor,Randomized tree ensembles,severe,ood,projected,S_PO4,g P/m^3,13.007331623948595,3.606567845465907,2.912349965958249,-0.23251500435297137,14.814828035384561,0.6702611254747901,0.32013543826572843,0.5658051239302525,0.4568949217159128,0,0.0,2.575605167314818,0.4040657664932136
Random Forest,random_forest_regressor,Randomized tree ensembles,severe,ood,raw,S_I,g COD/m^3,100.29354455889427,10.01466647267368,8.197758539755132,0.09771073805449362,33.381762396101905,0.8119822371425447,0.18805006539090494,0.4336473975373367,0.3549730453934136,0,0.0,,
Random Forest,random_forest_regressor,Randomized tree ensembles,severe,ood,projected,S_I,g COD/m^3,1.9599473558034703e-23,4.427129268276984e-12,3.7935432573021896e-12,3.646454989810384e-12,1.050182163453428e-11,1.0,3.674894830396024e-26,1.9170015207078016e-13,1.6426509714159395e-13,0,0.0,8.197758539755199,0.35497304539341645
Random Forest,random_forest_regressor,Randomized tree ensembles,severe,ood,raw,S_ALK,mol/m^3,105.14925786715334,10.254231217753642,8.585279354647064,0.9809172457338273,34.18526654368381,0.9614594986100004,0.0389018341779778,0.1972354790041026,0.16513394811754561,0,0.0,,
Random Forest,random_forest_regressor,Randomized tree ensembles,severe,ood,projected,S_ALK,mol/m^3,2.4756838601583704,1.5734306022695663,1.1844137337691476,0.14141763070924385,7.19074292678053,0.9990925842065934,0.0009159231834679637,0.0302642228294064,0.02278166009310752,0,0.0,8.534236539618098,0.16415216275907568
Random Forest,random_forest_regressor,Randomized tree ensembles,severe,ood,raw,X_I,g COD/m^3,126.37226434424444,11.241541902436891,9.239629737670615,-3.217329960001878,30.970035599554336,0.8535123130240478,0.14877818982431695,0.38571775928043156,0.3170285099611279,0,0.0,,
Random Forest,random_forest_regressor,Randomized tree ensembles,severe,ood,projected,X_I,g COD/m^3,142.65888753091963,11.94398959857717,9.811811801404852,-0.9811209197925919,30.035065950333646,0.834633251454288,0.1679524471555273,0.4098200180024486,0.33666111778658825,0,0.0,4.299821761924743,0.14753470918035924
Random Forest,random_forest_regressor,Randomized tree ensembles,severe,ood,raw,X_S,g COD/m^3,2510.3349625141213,50.103243033900725,26.10553806902604,-14.799804694448845,205.14397197606394,0.6110561332437612,1.3915749953312186,1.1796503699534107,0.6146390088985398,0,0.0,,
Random Forest,random_forest_regressor,Randomized tree ensembles,severe,ood,projected,X_S,g COD/m^3,2774.279445525276,52.67142911983,27.33870394100993,-12.315206114387108,282.60981045389406,0.5701613565050743,1.5378895502406942,1.2401167486332463,0.643673148986347,0,0.0,2.4845985800902044,0.058498361716944974
Random Forest,random_forest_regressor,Randomized tree ensembles,severe,ood,raw,X_H,g COD/m^3,983.9791263519942,31.368441567154626,23.762412419942816,-8.433219917646076,102.20153277190633,0.6855205898328711,0.4731379696605387,0.6878502523518755,0.5210645018674298,0,0.0,,
Random Forest,random_forest_regressor,Randomized tree ensembles,severe,ood,projected,X_H,g COD/m^3,14633.134012504881,120.96749155250299,94.65014474284668,42.6936884573983,376.89320660475323,-3.6767448921501824,7.036217670709435,2.652586977030053,2.075497624168844,0,0.0,89.5603807796379,1.9638887825561802
Random Forest,random_forest_regressor,Randomized tree ensembles,severe,ood,raw,X_PAO,g COD/m^3,109.40819033063953,10.45983701262307,8.005371456902479,0.7818678639864293,41.39451958564754,0.6147679098839838,0.3604988004096425,0.6004155231251458,0.4595243009338104,0,0.0,,
Random Forest,random_forest_regressor,Randomized tree ensembles,severe,ood,projected,X_PAO,g COD/m^3,112.24571324627271,10.594607743860681,8.321540781202911,2.6519341322718573,36.88270939814684,0.6047768399262592,0.369848407638583,0.6081516321104327,0.47767305124577736,0,0.0,3.3784510062725106,0.19392983139563214
Random Forest,random_forest_regressor,Randomized tree ensembles,severe,ood,raw,X_PP,g P/m^3,14.060401651067878,3.7497202097047024,2.9685974074825836,0.01554485342092453,17.382034665916873,0.42133293844028374,0.5046992073590241,0.7104218516902644,0.5624303545871172,0,0.0,,
Random Forest,random_forest_regressor,Randomized tree ensembles,severe,ood,projected,X_PP,g P/m^3,17.087289805170055,4.133677515865268,3.3049003316828838,-0.7094554836898335,17.257100411553743,0.2967589385452529,0.6133495923232234,0.7831663886577509,0.6261462941179877,0,0.0,2.9433115528293943,0.5576396975034772
Random Forest,random_forest_regressor,Randomized tree ensembles,severe,ood,raw,X_PHA,g COD/m^3,139.7915963360752,11.823349624200208,8.989349182074488,1.4422643926100152,52.10714472854212,0.38357063546506753,0.6292074429276231,0.7932259721716272,0.603093494718812,0,0.0,,
Random Forest,random_forest_regressor,Randomized tree ensembles,severe,ood,projected,X_PHA,g COD/m^3,139.81181014667132,11.824204419184882,8.974938222117295,1.4272406027957065,52.10714472854191,0.3834815000181081,0.6292984260797607,0.7932833201824936,0.6021266665283835,0,0.0,0.10615590781928118,0.00712197692347333
Random Forest,random_forest_regressor,Randomized tree ensembles,severe,ood,raw,X_AOB,g COD/m^3,8.971234566527606,2.9952019241659826,2.354770548096427,-0.6636769141387274,9.449756334231232,0.11543705763026624,1.3419629854125186,1.158431260547003,0.9107365324258969,0,0.0,,
Random Forest,random_forest_regressor,Randomized tree ensembles,severe,ood,projected,X_AOB,g COD/m^3,8.58892176264512,2.9306862272589194,2.3044622818593505,-0.6209291367377547,9.233098196571168,0.15313306660206272,1.284774687876101,1.1334790196012015,0.8912791904007251,0,0.0,0.09721494017025754,0.03759907630160567
Random Forest,random_forest_regressor,Randomized tree ensembles,severe,ood,raw,X_NOB,g COD/m^3,4.555005841047867,2.134245965451936,1.7637648808287323,-0.2175712192433147,6.915698189855223,0.15344870117138676,0.8989265525814475,0.9481173727874874,0.7835348652853448,0,0.0,,
Random Forest,random_forest_regressor,Randomized tree ensembles,severe,ood,projected,X_NOB,g COD/m^3,4.442837203619249,2.1078038816785707,1.736879528026183,-0.1952484176108879,6.7982919913484325,0.1742953277217465,0.8767901667962057,0.9363707421722476,0.7715913168479838,0,0.0,0.069086492733912,0.030690981754817617
Random Forest,random_forest_regressor,Randomized tree ensembles,severe,ood,raw,X_MeP,g TSS/m^3,27.70884206257002,5.26391888829701,4.315019461996427,0.35239754248194033,14.56655621682887,0.12117769112709653,0.8861981329957509,0.9413809712309629,0.7716830935685016,0,0.0,,
Random Forest,random_forest_regressor,Randomized tree ensembles,severe,ood,projected,X_MeP,g TSS/m^3,9.627780675556386,3.102866525578628,2.1579427221235674,0.2980089190646727,13.517777625934185,0.6946422941995141,0.30792052732857056,0.5549058724942191,0.3859189814132353,0,0.0,4.346753381405586,0.7773582774967296
Random Forest,random_forest_regressor,Randomized tree ensembles,severe,ood,raw,X_MeOH,g TSS/m^3,6.157857470129005,2.4815030667176305,1.7075676986641284,-0.24271036373125304,11.005212850151073,0.16212506466596843,1.0988128664412868,1.048242751676007,0.7213150316547361,0,0.0,,
Random Forest,random_forest_regressor,Randomized tree ensembles,severe,ood,projected,X_MeOH,g TSS/m^3,4.831772259050536,2.1981292634989726,1.528727390418333,-0.21111514799488787,9.576249036836995,0.34256015363474757,0.8621851921245562,0.9285392787192991,0.6457688599249836,0,0.0,0.31162542411805927,0.1316375935419658
Extra Trees,extra_trees_regressor,Randomized tree ensembles,mild,ood,raw,S_O,g O2/m^3,0.9586984863804238,0.9791314959597734,0.7046805479810367,-0.46075124359131964,2.7427305886019475,0.73001263500694,0.5092558125747343,0.7136216172277394,0.5135931939215417,0,0.0,,
Extra Trees,extra_trees_regressor,Randomized tree ensembles,mild,ood,projected,S_O,g O2/m^3,0.9621360693454064,0.9808853497455278,0.7061009833794354,-0.462293188780329,2.7427305886020195,0.7290445475635512,0.5110818393506134,0.7148998806480621,0.5146284516069041,0,0.0,0.0015423282339977473,0.0011240969912448765
Extra Trees,extra_trees_regressor,Randomized tree ensembles,mild,ood,raw,S_F,g COD/m^3,26.312406709279024,5.129562038739665,0.9901625246470375,-0.26407747345593735,84.68965937593971,0.34347729746734756,2.1234968112244337,1.4572222930028327,0.28128851814533223,0,0.0,,
Extra Trees,extra_trees_regressor,Randomized tree ensembles,mild,ood,projected,S_F,g COD/m^3,31.698127791662696,5.630109039056233,1.131042425987659,-0.11244134172879759,84.68965937593852,0.20909779356409197,2.558142021407843,1.599419276302447,0.32131012843470386,0,0.0,0.15163613172717755,0.04307727441617006
Extra Trees,extra_trees_regressor,Randomized tree ensembles,mild,ood,raw,S_A,g COD/m^3,59.64568244002614,7.723061727063053,2.7874210291228336,0.11139437519895573,84.71963918693065,0.7159578111296092,0.15565612017960415,0.3945327872048205,0.1423954678336319,0,0.0,,
Extra Trees,extra_trees_regressor,Randomized tree ensembles,mild,ood,projected,S_A,g COD/m^3,59.55121462284323,7.716943347131896,2.7850650036077185,0.15681188299382906,84.71963918692289,0.7164076818406606,0.15540958944505662,0.3942202296243264,0.1422751102156231,0,0.0,0.0454175077954347,0.0023201544376680373
Extra Trees,extra_trees_regressor,Randomized tree ensembles,mild,ood,raw,S_NH4,g N/m^3,83.6058501647184,9.14362347019596,5.540156282618573,-2.420458796665273,30.77162668828225,0.6667007076154142,0.5427558679507689,0.7367196671399298,0.4463812519990473,0,0.0,,
Extra Trees,extra_trees_regressor,Randomized tree ensembles,mild,ood,projected,S_NH4,g N/m^3,32.31464965366023,5.684597580626111,3.5558616534746528,-0.2365549547551157,49.76311880762049,0.8711758825249543,0.2097815605695354,0.4580191705262296,0.28650274393761144,0,0.0,2.640372441086674,0.21273998347190579
Extra Trees,extra_trees_regressor,Randomized tree ensembles,mild,ood,raw,S_NO2,g N/m^3,14.114164964095396,3.7568823463206025,2.2765435516322245,-0.14856506567392225,31.431345284271615,0.5167628818481961,0.7933381164287818,0.8906952994311701,0.539731206215454,0,0.0,,
Extra Trees,extra_trees_regressor,Randomized tree ensembles,mild,ood,projected,S_NO2,g N/m^3,12.234988800583212,3.4978548855810487,2.172349525443279,0.0767542880089099,30.3993209535549,0.5811016277864254,0.6877121667682046,0.8292841290946092,0.5150285083930978,0,0.0,0.26791759535282483,0.06351887571070054
Extra Trees,extra_trees_regressor,Randomized tree ensembles,mild,ood,raw,S_NO3,g N/m^3,66.51928268272985,8.155935426591475,5.736190790119463,-2.1409716420998155,29.07563139483829,0.762683183216461,0.4678241104963147,0.6839766885620553,0.48105098635212507,0,0.0,,
Extra Trees,extra_trees_regressor,Randomized tree ensembles,mild,ood,projected,S_NO3,g N/m^3,54.54637380698943,7.385551692797867,4.94946765351551,-0.23876273596314102,50.32400744729397,0.8053982051986176,0.38361972315253895,0.619370424828744,0.41507446034443857,0,0.0,2.967454087781551,0.24885795610927222
Extra Trees,extra_trees_regressor,Randomized tree ensembles,mild,ood,raw,S_N2,g N/m^3,19.60235814674021,4.427455041752565,2.869863630904913,-0.1558058639220694,23.172082010714718,0.6198307750925753,0.5626334367094648,0.7500889525312746,0.48620550282560515,0,0.0,,
Extra Trees,extra_trees_regressor,Randomized tree ensembles,mild,ood,projected,S_N2,g N/m^3,16.018200494138952,4.002274415146837,2.6151129013146335,0.527497745795462,22.920049348652554,0.6893421280907873,0.459759745559866,0.678055857256514,0.44304623726267095,0,0.0,0.9670242817973811,0.16383096468859487
Extra Trees,extra_trees_regressor,Randomized tree ensembles,mild,ood,raw,S_PO4,g P/m^3,17.40334361781979,4.171731489180456,3.3746020690059533,0.19237496582073318,15.543364201410462,0.536673336676735,0.4283297449049358,0.654469055727569,0.529413898110807,0,0.0,,
Extra Trees,extra_trees_regressor,Randomized tree ensembles,mild,ood,projected,S_PO4,g P/m^3,7.574751939541675,2.7522267238622757,2.2353817147254462,0.30711280878279706,13.318170685808607,0.7983384906532726,0.1864292079287525,0.43177448735277596,0.3506908735189098,0,0.0,1.8231975197217776,0.2860266443877885
Extra Trees,extra_trees_regressor,Randomized tree ensembles,mild,ood,raw,S_I,g COD/m^3,121.83007884963003,11.037666367925334,8.163060623228445,-0.08581019107882326,29.981190957876564,0.7716039396855094,0.2284309961823989,0.4779445534603349,0.35347058285581207,0,0.0,,
Extra Trees,extra_trees_regressor,Randomized tree ensembles,mild,ood,projected,S_I,g COD/m^3,2.4810651374285742e-23,4.981029148106418e-12,4.512100323002717e-12,4.504367249561861e-12,1.0373923942097463e-11,1.0,4.651988952873857e-26,2.1568469933849866e-13,1.953795034349379e-13,0,0.0,8.163060623228564,0.3534705828558172
Extra Trees,extra_trees_regressor,Randomized tree ensembles,mild,ood,raw,S_ALK,mol/m^3,611.8770606900256,24.73614886537566,18.548921122659788,0.7572183801412806,63.24637786466511,0.7728336883329703,0.22637477843490794,0.475788585860262,0.35678007106987936,0,0.0,,
Extra Trees,extra_trees_regressor,Randomized tree ensembles,mild,ood,projected,S_ALK,mol/m^3,0.6288673953826194,0.7930115985170831,0.5444384584935079,0.004582114316511863,6.784280603893137,0.9997665258335137,0.00023266065430551736,0.015253217834460943,0.010472026412209786,0,0.0,18.531781944950506,0.35645040677292317
Extra Trees,extra_trees_regressor,Randomized tree ensembles,mild,ood,raw,X_I,g COD/m^3,207.63921676968675,14.409691765256007,11.024121539774148,-2.2403893748465133,39.759582881848644,0.7537756181064367,0.2444538520207335,0.49442274626146954,0.378257670990405,0,0.0,,
Extra Trees,extra_trees_regressor,Randomized tree ensembles,mild,ood,projected,X_I,g COD/m^3,204.11181205414167,14.286770525704599,10.973412554338113,-1.9237279722832052,39.854258068333664,0.7579585131263928,0.2403010350155165,0.4902050948485914,0.37651775342326665,0,0.0,1.9463793110487844,0.0667838160532749
Extra Trees,extra_trees_regressor,Randomized tree ensembles,mild,ood,raw,X_S,g COD/m^3,829.9605996957883,28.809036771398457,15.329881913496129,-8.802079037104768,125.28174472058447,0.7305459527598314,0.4600790073409437,0.6782912407962701,0.3609327415864463,0,0.0,,
Extra Trees,extra_trees_regressor,Randomized tree ensembles,mild,ood,projected,X_S,g COD/m^3,852.68106359668,29.200703135313027,15.525817636482634,-8.306147917231977,125.28174472064563,0.7231695532590438,0.4726738323021279,0.6875127870099057,0.365545928959402,0,0.0,0.4959311198815292,0.011676396448904853
Extra Trees,extra_trees_regressor,Randomized tree ensembles,mild,ood,raw,X_H,g COD/m^3,1528.2057559992782,39.0922723309771,30.670780085451128,-10.502032039809924,114.76942223216088,0.42102982627372376,0.7348247023264527,0.8572191681982226,0.6725518631979681,0,0.0,,
Extra Trees,extra_trees_regressor,Randomized tree ensembles,mild,ood,projected,X_H,g COD/m^3,2627.7990295364566,51.2620622832954,41.407300179242384,-1.8716305514276341,159.5549816831194,0.004442134394643027,1.2635547484836067,1.1240795116376807,0.9079833251048336,0,0.0,31.52085553834373,0.6911924008076709
Extra Trees,extra_trees_regressor,Randomized tree ensembles,mild,ood,raw,X_PAO,g COD/m^3,46.47291110344689,6.817104304867785,5.136040005671126,0.3582851988467484,30.62244108128634,0.8406390581154801,0.1531277380030369,0.3913153945387747,0.294818948237452,0,0.0,,
Extra Trees,extra_trees_regressor,Randomized tree ensembles,mild,ood,projected,X_PAO,g COD/m^3,45.43570389842309,6.740601152599306,5.140059076224646,0.7926293628679415,29.297766126699976,0.8441957605728336,0.14971015151287256,0.38692396089267017,0.29504965090958324,0,0.0,1.2743278608287765,0.07314896286329256
Extra Trees,extra_trees_regressor,Randomized tree ensembles,mild,ood,raw,X_PP,g P/m^3,10.169155527818269,3.188911338971071,2.467810083415375,-0.025480505067872708,11.761567332106827,0.5658493886889782,0.3650226260791575,0.6041710238658897,0.46755120676535056,0,0.0,,
Extra Trees,extra_trees_regressor,Randomized tree ensembles,mild,ood,projected,X_PP,g P/m^3,8.570561864330735,2.9275521966876585,2.3363111866731145,-0.27650594098380654,13.645861504774567,0.6340979678696665,0.3076409825903286,0.5546539304740647,0.44263743067158146,0,0.0,2.1592393380490464,0.4090894048065703
Extra Trees,extra_trees_regressor,Randomized tree ensembles,mild,ood,raw,X_PHA,g COD/m^3,85.43525556296889,9.243119363232788,6.578200548015794,0.8186324387184879,49.01275144733944,0.5764635932777645,0.3845474270098954,0.6201188813525157,0.4413300537234795,0,0.0,,
Extra Trees,extra_trees_regressor,Randomized tree ensembles,mild,ood,projected,X_PHA,g COD/m^3,85.12973885774952,9.226577851931317,6.565892632016454,0.8063245227190093,49.01275144733993,0.5779781606149788,0.3831722843696998,0.6190091149326477,0.4405043182978773,0,0.0,0.024476369579422994,0.0016421143476236491
Extra Trees,extra_trees_regressor,Randomized tree ensembles,mild,ood,raw,X_AOB,g COD/m^3,2.6639757524544074,1.6321690330521552,1.2834254641562304,-0.20112307401031299,5.619905140079457,0.6871679913844034,0.39849106912985277,0.6312614902953076,0.49638061670069694,0,0.0,,
Extra Trees,extra_trees_regressor,Randomized tree ensembles,mild,ood,projected,X_AOB,g COD/m^3,2.6617010805283248,1.631472059377152,1.2780018446472665,-0.19498139584581026,5.723612917385143,0.6874351072494492,0.3981508121110307,0.6309919271361804,0.49428296500856733,0,0.0,0.043608146666837204,0.016865988201262703
Extra Trees,extra_trees_regressor,Randomized tree ensembles,mild,ood,raw,X_NOB,g COD/m^3,1.3684209827829088,1.169795273876121,0.92511072244256,-0.024188282996298854,3.409357856749123,0.7590071865620628,0.2700567242851598,0.5196698223729754,0.41097116353880125,0,0.0,,
Extra Trees,extra_trees_regressor,Randomized tree ensembles,mild,ood,projected,X_NOB,g COD/m^3,1.364917658222279,1.1682969049955918,0.9241986122894984,-0.018300039770459665,3.361701742706601,0.7596241575475087,0.2693653461443282,0.5190041870200357,0.4105659677478698,0,0.0,0.025422345198866908,0.01129362197713809
Extra Trees,extra_trees_regressor,Randomized tree ensembles,mild,ood,raw,X_MeP,g TSS/m^3,19.236312368654314,4.3859220659576605,3.5993871228353926,0.13605740129401392,11.717223640189088,0.3902956493519739,0.6152254240119402,0.7843630690005364,0.6437018915819999,0,0.0,,
Extra Trees,extra_trees_regressor,Randomized tree ensembles,mild,ood,projected,X_MeP,g TSS/m^3,4.892475933594516,2.211894195840867,1.5901002108367017,0.0704984335930194,10.265946381416422,0.8449305768701232,0.156473627742637,0.3955674755874616,0.28436799893705983,0,0.0,3.388312810339754,0.6059540946429525
Extra Trees,extra_trees_regressor,Randomized tree ensembles,mild,ood,raw,X_MeOH,g TSS/m^3,3.434984649161513,1.8533711579609502,1.2915446774795982,-0.07361592444641131,9.685573753022869,0.5089569643948731,0.6129413268878254,0.7829056947601195,0.5455775432204089,0,0.0,,
Extra Trees,extra_trees_regressor,Randomized tree ensembles,mild,ood,projected,X_MeOH,g TSS/m^3,2.4553248864536954,1.5669476336028896,1.1264570282136674,-0.04994242214551657,7.272590352323327,0.6490027441795576,0.4381300784593007,0.6619139509477804,0.4758408042031386,0,0.0,0.3081121583197862,0.1301535109884745
Extra Trees,extra_trees_regressor,Randomized tree ensembles,severe,ood,raw,S_O,g O2/m^3,1.910419886039981,1.38217939719849,1.0314846031021114,-0.7383240620260944,3.5700577351588145,0.5722671719238541,1.0148054317863666,1.0073755167693756,0.7517781969516821,0,0.0,,
Extra Trees,extra_trees_regressor,Randomized tree ensembles,severe,ood,projected,S_O,g O2/m^3,1.9525091936998487,1.397322151008796,1.0359532295832026,-0.746344345643294,5.345124578014374,0.5628436003160231,1.0371630602561464,1.0184120287271485,0.7550350715077367,0,0.0,0.008022529606864537,0.005847070159556282
Extra Trees,extra_trees_regressor,Randomized tree ensembles,severe,ood,raw,S_F,g COD/m^3,128.8684642345493,11.352024675561152,2.1680723228632854,-1.3833526258441096,124.8140121181596,0.1791423497988074,10.400104250933175,3.224919262699948,0.6159128786938449,0,0.0,,
Extra Trees,extra_trees_regressor,Randomized tree ensembles,severe,ood,projected,S_F,g COD/m^3,223.48166745755705,14.949303243213613,3.072691088213566,-0.47480830008388636,153.43395455345586,-0.42351844962138574,18.035697511694664,4.246845595461962,0.872899853718523,0,0.0,0.9085443257602767,0.2581021607069594
Extra Trees,extra_trees_regressor,Randomized tree ensembles,severe,ood,raw,S_A,g COD/m^3,68.96090646553607,8.304270375266936,3.3078512852815836,-0.14381215427329466,53.604805124929584,0.6994090196980814,0.17996587020841232,0.4242238444599883,0.16898165952345445,0,0.0,,
Extra Trees,extra_trees_regressor,Randomized tree ensembles,severe,ood,projected,S_A,g COD/m^3,86.70745814527542,9.31168395862292,3.6651932575876534,0.24506793442616062,60.24883444895297,0.6220542742372244,0.22627868394497444,0.4756875906989528,0.1872364824552912,0,0.0,0.3955601733359444,0.020207200616639318
Extra Trees,extra_trees_regressor,Randomized tree ensembles,severe,ood,raw,S_NH4,g N/m^3,225.33291828760707,15.011093174303031,8.735580007039884,-5.549387179568616,44.86180510178753,0.48681460692878387,1.4628254291071214,1.2094732031372672,0.703842805430255,0,0.0,,
Extra Trees,extra_trees_regressor,Randomized tree ensembles,severe,ood,projected,S_NH4,g N/m^3,64.98063259196829,8.061056543156628,5.069977643994752,-1.3589466464327784,36.93851413736333,0.852009587715176,0.42184392088542033,0.6494951276841269,0.40849803739902363,0,0.0,4.534945685296089,0.3653894636693076
Extra Trees,extra_trees_regressor,Randomized tree ensembles,severe,ood,raw,S_NO2,g N/m^3,29.388848820329766,5.421148293519535,3.035040310227248,-0.29212693821985614,30.477336061687353,0.3216979973470626,1.6519074296241911,1.2852655093886987,0.719558370133968,0,0.0,,
Extra Trees,extra_trees_regressor,Randomized tree ensembles,severe,ood,projected,S_NO2,g N/m^3,25.733270245163332,5.072797082987189,2.892004879461954,0.08414854084149294,30.208296526502235,0.40606966782485643,1.4464323038439946,1.202677140318213,0.6856470111691247,0,0.0,0.44112248023645473,0.10458291833515403
Extra Trees,extra_trees_regressor,Randomized tree ensembles,severe,ood,raw,S_NO3,g N/m^3,144.79515533880485,12.033085861025212,7.698542068079743,-3.626366020211509,52.58622288889445,0.5962741313008875,1.0183312570226921,1.0091240047797356,0.6456185630544485,0,0.0,,
Extra Trees,extra_trees_regressor,Randomized tree ensembles,severe,ood,projected,S_NO3,g N/m^3,108.92434245186412,10.436682540532892,6.725909727231904,-0.6306601453396631,50.14785024935215,0.6962911177797322,0.7660550680016455,0.8752457186422825,0.5640512365755668,0,0.0,3.934283940108212,0.3299386717119577
Extra Trees,extra_trees_regressor,Randomized tree ensembles,severe,ood,raw,S_N2,g N/m^3,28.604483323581782,5.348315933411356,3.479277416834469,0.018490302949979262,28.720429183235137,0.4628405186908917,0.8210154429976952,0.906099024940263,0.589450943837486,0,0.0,,
Extra Trees,extra_trees_regressor,Randomized tree ensembles,severe,ood,projected,S_N2,g N/m^3,30.3856394255224,5.512317065039202,3.7086816127707585,1.1485785305445086,27.71217775290536,0.42939244423956235,0.8721387808863835,0.9338837084382527,0.6283160596689089,0,0.0,1.4607023869490827,0.2474687406318337
Extra Trees,extra_trees_regressor,Randomized tree ensembles,severe,ood,raw,S_PO4,g P/m^3,19.379129115631123,4.40217322644522,3.5318767819375094,-0.10074240714234438,16.869976674508653,0.5087345807266251,0.4769576245152574,0.6906211874213369,0.5540874498792024,0,0.0,,
Extra Trees,extra_trees_regressor,Randomized tree ensembles,severe,ood,projected,S_PO4,g P/m^3,8.910287041298794,2.9850103921592623,2.4163991310275392,-0.16502238676262132,14.389023673861733,0.774122156208813,0.21929929439084342,0.4682940255767133,0.37908922509660187,0,0.0,1.9034806776972122,0.29862161669779497
Extra Trees,extra_trees_regressor,Randomized tree ensembles,severe,ood,raw,S_I,g COD/m^3,122.79415897639078,11.081252590586985,8.203058026817198,-0.11764072582076675,29.185810029806007,0.7698009062871808,0.23023864324160692,0.47983189060503983,0.35520251971280487,0,0.0,,
Extra Trees,extra_trees_regressor,Randomized tree ensembles,severe,ood,projected,S_I,g COD/m^3,2.764273056026462e-23,5.257635453344462e-12,4.656358261930412e-12,4.623010122865405e-12,1.2661871551244985e-11,1.0,5.183002866538871e-26,2.276620931674588e-13,2.0162604993359469e-13,0,0.0,8.203058026817462,0.35520251971281636
Extra Trees,extra_trees_regressor,Randomized tree ensembles,severe,ood,raw,S_ALK,mol/m^3,655.4657408036777,25.602065166772732,18.833654689182474,0.5438140120913196,74.978836865396,0.7597512449735258,0.24250118427184256,0.492444092534211,0.3622567918682573,0,0.0,,
Extra Trees,extra_trees_regressor,Randomized tree ensembles,severe,ood,projected,S_ALK,mol/m^3,1.1628035454456416,1.0783336892843707,0.7669990484723512,-0.0633543772197814,5.211225937882631,0.9995737960251116,0.00043019980952829567,0.020741258629318898,0.014752878251781351,0,0.0,18.806932037340328,0.3617427938001018
Extra Trees,extra_trees_regressor,Randomized tree ensembles,severe,ood,raw,X_I,g COD/m^3,226.56551756545048,15.052093461224937,11.783525813756409,-2.6217225021128105,43.52787079637912,0.7373707055983139,0.26673580437060845,0.5164647174499033,0.40431421354396024,0,0.0,,
Extra Trees,extra_trees_regressor,Randomized tree ensembles,severe,ood,projected,X_I,g COD/m^3,221.3505769929272,14.877855255141018,11.61908166377406,-1.750159971725177,41.14634394438876,0.7434157391834129,0.2605962497583093,0.5104862875321033,0.39867183551357477,0,0.0,2.267177991109136,0.07779100253417708
Extra Trees,extra_trees_regressor,Randomized tree ensembles,severe,ood,raw,X_S,g COD/m^3,2972.8686781939996,54.52401927769081,27.387163205756877,-19.104235436358426,212.12685688954667,0.539392528757493,1.6479751820987791,1.283734856619068,0.644814092887877,0,0.0,,
Extra Trees,extra_trees_regressor,Randomized tree ensembles,severe,ood,projected,X_S,g COD/m^3,3134.07760737682,55.98283314889324,27.99101229288928,-17.09272360529026,277.6619028665624,0.5144152945603471,1.7373394773919706,1.3180817415441164,0.6590313522087915,0,0.0,2.011511831083047,0.047359822079725396
Extra Trees,extra_trees_regressor,Randomized tree ensembles,severe,ood,raw,X_H,g COD/m^3,1942.614427742086,44.075099860829425,34.4840647053993,-11.715118954986941,151.9472591179011,0.37914105791717057,0.9340895772684977,0.9664830972492472,0.7561699410200855,0,0.0,,
Extra Trees,extra_trees_regressor,Randomized tree ensembles,severe,ood,projected,X_H,g COD/m^3,4796.847153325756,69.2592748541721,56.30676272261821,9.605050281574982,235.80419161261798,-0.5330707969714827,2.306523037039102,1.5187241477763833,1.2347001958944717,0,0.0,41.91740584348628,0.9191689719634799
Extra Trees,extra_trees_regressor,Randomized tree ensembles,severe,ood,raw,X_PAO,g COD/m^3,52.16861547790313,7.22278446846527,5.375985274780105,1.0508216694335935,37.63281981092234,0.8163115145376529,0.171895022136649,0.41460224569658205,0.3085922856326342,0,0.0,,
Extra Trees,extra_trees_regressor,Randomized tree ensembles,severe,ood,projected,X_PAO,g COD/m^3,53.33733272418254,7.303241247842121,5.553457011772496,1.953749637587412,31.920311811469148,0.8121963986018329,0.17574593278628614,0.41922062543043626,0.31877951758257955,0,0.0,1.7344728221528825,0.0995622021263324
Extra Trees,extra_trees_regressor,Randomized tree ensembles,severe,ood,raw,X_PP,g P/m^3,10.196098938466998,3.193133091254888,2.4836271082321693,0.3149068571632982,16.20171908313852,0.5803714034266775,0.365989761893299,0.6049708768968132,0.4705478996997981,0,0.0,,
Extra Trees,extra_trees_regressor,Randomized tree ensembles,severe,ood,projected,X_PP,g P/m^3,10.720985188683725,3.2742915552350746,2.615026557862212,-0.050069085649002004,15.963536928062764,0.5587692905138544,0.3848305945389236,0.6203471564687982,0.4954428345473792,0,0.0,2.1438011273460673,0.40616448198005933
Extra Trees,extra_trees_regressor,Randomized tree ensembles,severe,ood,raw,X_PHA,g COD/m^3,103.1928206800086,10.158386716403772,7.2392290554111485,-0.0091625098765599,44.430330455113214,0.5449577332000952,0.4644749221724205,0.6815239703579181,0.4856783134872442,0,0.0,,
Extra Trees,extra_trees_regressor,Randomized tree ensembles,severe,ood,projected,X_PHA,g COD/m^3,103.25748707151728,10.161569124476657,7.232796762391039,-0.02043791423402058,44.43033045511214,0.5446725782718359,0.46476598812996706,0.6817374774280545,0.4852467723380484,0,0.0,0.048481438775249824,0.0032526092543235757
Extra Trees,extra_trees_regressor,Randomized tree ensembles,severe,ood,raw,X_AOB,g COD/m^3,3.718853869420553,1.9284330087977009,1.5157827168507063,-0.2551377726936251,6.95749873660438,0.63332133425077,0.5562851137056093,0.7458452344190512,0.5862476480231513,0,0.0,,
Extra Trees,extra_trees_regressor,Randomized tree ensembles,severe,ood,projected,X_AOB,g COD/m^3,3.5757350950405846,1.8909614208229064,1.4875508114373177,-0.23064178450715891,6.8037353816774875,0.6474328328672749,0.5348766780760121,0.731352635926071,0.5753286106414623,0,0.0,0.059084158884608454,0.022851526670982274
Extra Trees,extra_trees_regressor,Randomized tree ensembles,severe,ood,raw,X_NOB,g COD/m^3,1.5119747994167168,1.2296238446845102,0.9733029996528816,-0.031018660461390925,4.0168421515043775,0.7189983339411259,0.298386948658012,0.546248065129765,0.4323800995269365,0,0.0,,
Extra Trees,extra_trees_regressor,Randomized tree ensembles,severe,ood,projected,X_NOB,g COD/m^3,1.4782734731563991,1.2158427008278658,0.9619009863637571,-0.015544995127754747,3.935504673418187,0.7252617510504562,0.2917360204068112,0.5401259301374182,0.42731486943670016,0,0.0,0.03267725709430234,0.014516543850928949
Extra Trees,extra_trees_regressor,Randomized tree ensembles,severe,ood,raw,X_MeP,g TSS/m^3,19.43098024951437,4.408058557859046,3.592642327036283,0.2035932063893516,12.795106180382735,0.3837209477039346,0.6214513901559914,0.7883218823272581,0.6424956757274516,0,0.0,,
Extra Trees,extra_trees_regressor,Randomized tree ensembles,severe,ood,projected,X_MeP,g TSS/m^3,5.517198627437669,2.348871777564214,1.670128646923621,0.030879741404955585,12.513022612471364,0.8250148012202618,0.17645382336660848,0.42006407054949185,0.29868000649042326,0,0.0,3.5686119546526833,0.6381981673931556
Extra Trees,extra_trees_regressor,Randomized tree ensembles,severe,ood,raw,X_MeOH,g TSS/m^3,3.827170294216935,1.956315489438484,1.3360659409658187,-0.056994330893043746,9.766214124407119,0.4792523083987259,0.6829232377896127,0.8263916975560759,0.5643843270486549,0,0.0,,
Extra Trees,extra_trees_regressor,Randomized tree ensembles,severe,ood,projected,X_MeOH,g TSS/m^3,2.7688465466834917,1.663985140163064,1.1831506841693022,-0.021875792155778322,8.864461604311423,0.6232541703821401,0.49407512685310784,0.7029047779415842,0.49978948059954376,0,0.0,0.31823875540848373,0.13443121353889342
SVR,svr_regressor,Kernel,mild,ood,raw,S_O,g O2/m^3,0.13387173571319613,0.3658848667452593,0.2741349537577705,0.04003511524462617,1.59347020560854,0.9622992237020067,0.07111199247722719,0.2666683192230138,0.19979811684794277,11,0.0011295649278922275,,
SVR,svr_regressor,Kernel,mild,ood,projected,S_O,g O2/m^3,0.13524324194367182,0.3677543228075937,0.27432218824104865,0.039847976152287246,1.5934695675803852,0.9619129819810713,0.07184052968655273,0.2680308371933213,0.1999345791875867,0,0.0,0.002446949577495612,0.0017834132820489853
SVR,svr_regressor,Kernel,mild,ood,raw,S_F,g COD/m^3,33.817828098307324,5.815309802435922,1.20272569045161,-0.6070480850363922,92.38055880814042,0.15620900276462213,2.7292087311787885,1.6520316979945597,0.3416741381149051,26,0.011462666768342334,,
SVR,svr_regressor,Kernel,mild,ood,projected,S_F,g COD/m^3,33.9404667737307,5.825844726194709,1.2058543524451701,-0.578818114292133,92.38055733472304,0.15314903658541335,2.7391060712082163,1.6550244926309146,0.34256293836136964,0,0.0,0.028230123092004764,0.008019703123425119
SVR,svr_regressor,Kernel,mild,ood,raw,S_A,g COD/m^3,72.36299415134397,8.506644118061127,5.333666161552305,0.5231291660965585,99.13889659296812,0.6553959580791072,0.1888442290102608,0.4345621117979118,0.27247045939868436,182,1.2779072839773455,,
SVR,svr_regressor,Kernel,mild,ood,projected,S_A,g COD/m^3,59.05200245853974,7.684530074021426,4.0668662490440814,1.812143721423012,99.13889655515698,0.7187850092524488,0.15410680564808896,0.3925643968167375,0.20775595652719758,0,0.0,1.289015065168999,0.06584936445969913
SVR,svr_regressor,Kernel,mild,ood,raw,S_NH4,g N/m^3,22.934837718481205,4.789033067173499,3.561041889048282,0.8144902835659205,20.822214734667273,0.9085690155956224,0.14888931489458562,0.38586178211191846,0.2869201256725384,79,0.1959629276522586,,
SVR,svr_regressor,Kernel,mild,ood,projected,S_NH4,g N/m^3,19.700816772398472,4.438560213898024,3.137848863302466,1.3571006598970305,30.575532416967484,0.9214616168999887,0.12789456581777006,0.35762349729536796,0.2528226340074846,0,0.0,1.0156050813064008,0.08182929228051838
SVR,svr_regressor,Kernel,mild,ood,raw,S_NO2,g N/m^3,16.50230580742093,4.062303017676172,2.846122857343593,-0.886719576494963,23.165136094835972,0.43499833525227805,0.9275722821219097,0.9631055404896753,0.6747691348711765,157,0.7484797539706847,,
SVR,svr_regressor,Kernel,mild,ood,projected,S_NO2,g N/m^3,11.394699902372901,3.3756036352588703,2.047107709828596,-0.059216813853370416,21.767242071203082,0.6098712210722532,0.6404806646950737,0.8003003590496969,0.4853357242766416,0,0.0,0.8469565716049664,0.2007995373849554
SVR,svr_regressor,Kernel,mild,ood,raw,S_NO3,g N/m^3,30.661654020082686,5.537296634647875,4.180702341418822,-1.1247781718596295,22.009918373749876,0.8906102736544782,0.21564064493460147,0.4643712361189068,0.35060392141215363,83,0.322430379062412,,
SVR,svr_regressor,Kernel,mild,ood,projected,S_NO3,g N/m^3,26.223059058187445,5.120845541332744,3.6078497642185305,-1.073144426257809,33.892706743590566,0.9064455801230176,0.18442440723393286,0.42944662908670367,0.3025631034931914,0,0.0,1.8671727555861506,0.15658567307623097
SVR,svr_regressor,Kernel,mild,ood,raw,S_N2,g N/m^3,17.252043475839308,4.153557929756043,2.990820668993127,-0.02408569346912492,18.839474306870883,0.6654129086316227,0.49517391930147614,0.7036859521842653,0.5066977578898056,86,0.2670299960360098,,
SVR,svr_regressor,Kernel,mild,ood,projected,S_N2,g N/m^3,14.038253138849335,3.74676569041211,2.602726422334706,0.39975321893534643,16.596112574376413,0.7277413372973149,0.4029306346604886,0.6347681739505286,0.4409477493150831,0,0.0,0.594030201104884,0.10063919048680575
SVR,svr_regressor,Kernel,mild,ood,raw,S_PO4,g P/m^3,5.865325351795744,2.4218433788739815,1.7953914099947672,0.5260052363261536,8.153393389508977,0.8438483038529282,0.14435693317844472,0.37994332890372573,0.2816643697726337,12,0.01961728859144357,,
SVR,svr_regressor,Kernel,mild,ood,projected,S_PO4,g P/m^3,5.686052241692138,2.384544451607505,1.7530930188480973,0.6179758645429553,8.501334042492019,0.848621065556193,0.13994467728065474,0.3740918032791613,0.275028518883296,0,0.0,0.30596635459707466,0.04800057522803141
SVR,svr_regressor,Kernel,mild,ood,raw,S_I,g COD/m^3,7.768467344409954,2.7871970408297213,1.9921429277749534,-0.07673690096827651,9.690587836209847,0.9854363770187251,0.014565850658967948,0.12068906602906473,0.08626224333174239,0,0.0,,
SVR,svr_regressor,Kernel,mild,ood,projected,S_I,g COD/m^3,2.1142479514340412e-23,4.598095205010485e-12,4.3382690032937416e-12,4.3382690032937416e-12,8.363087999896379e-12,1.0,3.9642079384908883e-26,1.991031877818858e-13,1.8785239311049863e-13,0,0.0,1.9921429277749674,0.08626224333174301
SVR,svr_regressor,Kernel,mild,ood,raw,S_ALK,mol/m^3,41.03310819313812,6.405709031257829,4.464897449079442,0.38795385054274684,23.883856082484172,0.9847659923155846,0.015180926647653727,0.12321090312003125,0.08588027404225992,0,0.0,,
SVR,svr_regressor,Kernel,mild,ood,projected,S_ALK,mol/m^3,0.3835135961822923,0.6192847456399134,0.4426904513525166,0.1977534124540187,4.298121344034996,0.9998576162194729,0.00014188766165646914,0.011911660743005953,0.008514949718696086,0,0.0,4.449776090848203,0.08558942158627403
SVR,svr_regressor,Kernel,mild,ood,raw,X_I,g COD/m^3,14.696609041621684,3.833615661698716,2.682460225939002,-0.6030553211722114,16.040064227804734,0.9825723505727799,0.01730233213050556,0.13153832951085231,0.09204009171408953,0,0.0,,
SVR,svr_regressor,Kernel,mild,ood,projected,X_I,g COD/m^3,18.580628390574546,4.310525303321458,2.9269634098318433,-0.9714618360829733,23.93460753024641,0.9779665719615105,0.021874991890765267,0.14790196716327092,0.1004294408840316,0,0.0,0.7047089108716964,0.024179845114259677
SVR,svr_regressor,Kernel,mild,ood,raw,X_S,g COD/m^3,264.0381408812421,16.24925047136766,10.927495417694074,0.7106710917321075,81.41581377353782,0.914277682925794,0.14636647306066877,0.3825787148557389,0.2572812303472051,22,0.167181725569891,,
SVR,svr_regressor,Kernel,mild,ood,projected,X_S,g COD/m^3,268.92149468740234,16.398826015523255,10.864817226681163,0.9823563525940718,81.41581377348766,0.9126922589337902,0.14907350345760126,0.3861003800277866,0.25580551047880534,0,0.0,0.27168526086697237,0.006396664149579325
SVR,svr_regressor,Kernel,mild,ood,raw,X_H,g COD/m^3,162.14460236118992,12.733601311537516,9.780472978222885,-3.1930682089085693,57.18894632670387,0.9385705175960085,0.07796584896776079,0.2792236540262318,0.21446716732129795,0,0.0,,
SVR,svr_regressor,Kernel,mild,ood,projected,X_H,g COD/m^3,516.4581983221494,22.725716673454976,15.974636843072348,-8.002033241075448,102.58656476358169,0.8043366270339609,0.24833451932522937,0.4983317362211937,0.35029339791117964,0,0.0,12.57672608090453,0.27578367863734776
SVR,svr_regressor,Kernel,mild,ood,raw,X_PAO,g COD/m^3,12.24184347818233,3.498834588571219,2.552518396788586,-0.09913593909641266,22.682831811049255,0.9580213147667156,0.0403367414756648,0.20084008931402317,0.1465196509892888,0,0.0,,
SVR,svr_regressor,Kernel,mild,ood,projected,X_PAO,g COD/m^3,12.752028802678597,3.5709982921696555,2.60469771295734,-0.2428901702491735,22.536532418217696,0.9562718307787983,0.04201779658599689,0.20498242994460986,0.1495148478911111,0,0.0,0.4676188212255211,0.0268422537397527
SVR,svr_regressor,Kernel,mild,ood,raw,X_PP,g P/m^3,5.731975330578052,2.39415440825734,1.8005166493074907,-0.42890323792859497,8.355036522510204,0.7552854229652972,0.20574969888747863,0.4535964052850051,0.3411258175182386,14,0.03173983164331508,,
SVR,svr_regressor,Kernel,mild,ood,projected,X_PP,g P/m^3,5.580206873486623,2.3622461500628216,1.7368261832277707,-0.4562085254457848,8.320542964614575,0.7617648566059498,0.20030195835367043,0.4475510678723384,0.3290590241798275,0,0.0,0.38081890780717526,0.07214993613199296
SVR,svr_regressor,Kernel,mild,ood,raw,X_PHA,g COD/m^3,61.391674993170845,7.8352839765493405,5.788768190167484,1.4646567428627981,34.66575066765812,0.6956571469479276,0.27632633042282667,0.5256675093848074,0.3883672073710166,58,0.23865999372930877,,
SVR,svr_regressor,Kernel,mild,ood,projected,X_PHA,g COD/m^3,60.06884227698511,7.75040916835912,5.550023043502559,1.7032315855899962,34.66575066765352,0.7022149527579069,0.270372208625897,0.51997327683824,0.3723498470557199,0,0.0,0.23874514666523056,0.016017360315317225
SVR,svr_regressor,Kernel,mild,ood,raw,X_AOB,g COD/m^3,0.5400463705336614,0.7348784733094728,0.5645722216377099,-0.21398943411109267,2.5435036018525077,0.936582083870713,0.08078288827343164,0.28422330705526533,0.21835526516754167,0,0.0,,
SVR,svr_regressor,Kernel,mild,ood,projected,X_AOB,g COD/m^3,0.5593017860145245,0.7478648180082578,0.5682240366798189,-0.2195114995870955,3.6038744517254218,0.9343209107740522,0.08366321144996174,0.28924593592643916,0.21976764964432205,0,0.0,0.017071731474841978,0.006602702559904338
SVR,svr_regressor,Kernel,mild,ood,raw,X_NOB,g COD/m^3,0.43287143656895516,0.65792965928658,0.47102607815046904,-0.17502931860967064,2.901856869444612,0.9237669498873625,0.08542681211938769,0.29227865491579724,0.2092486128401088,0,0.0,,
SVR,svr_regressor,Kernel,mild,ood,projected,X_NOB,g COD/m^3,0.4381622461240361,0.6619382494795387,0.47265446343178,-0.17932797550929455,2.9124388232787783,0.9228351846659244,0.08647094891299051,0.29405943091999365,0.2099720066755871,0,0.0,0.009183932241333853,0.004079869822627456
SVR,svr_regressor,Kernel,mild,ood,raw,X_MeP,g TSS/m^3,2.52209146127831,1.5881093983974497,1.1553476804109095,0.16063955868454352,5.9033493890254505,0.9200610747421962,0.08066279850967033,0.284011968954955,0.20661836638720152,1,6.740782442297958e-05,,
SVR,svr_regressor,Kernel,mild,ood,projected,X_MeP,g TSS/m^3,1.8972435506044312,1.37740464301687,0.9481424964809371,0.10140575508320734,5.730390006965717,0.9398659355871465,0.06067859813799563,0.2463302623268112,0.16956251096250033,0,0.0,0.46797407029993354,0.08369085735520956
SVR,svr_regressor,Kernel,mild,ood,raw,X_MeOH,g TSS/m^3,1.1044525413219732,1.0509293702823104,0.7186658336476189,-0.12640503536414874,4.4702092883419215,0.8421146572794952,0.19707936870337092,0.44393622143656053,0.3035806246231142,35,0.02230782459047766,,
SVR,svr_regressor,Kernel,mild,ood,projected,X_MeOH,g TSS/m^3,0.9521455738738793,0.975779469897722,0.6716820560278722,-0.07183775256500272,4.059516534697379,0.8638874694688538,0.1699015952176339,0.41219121196070385,0.28373361939599506,0,0.0,0.09930339883098772,0.04194799089209402
SVR,svr_regressor,Kernel,severe,ood,raw,S_O,g O2/m^3,0.26247972858735624,0.5123277550429571,0.39307106708390593,-0.0338328257840663,2.043122906048597,0.9412321880431999,0.13942791124122852,0.3734004703280762,0.28648247118523334,12,0.0009686255504280949,,
SVR,svr_regressor,Kernel,severe,ood,projected,S_O,g O2/m^3,0.26217832105411504,0.5120335155574438,0.3920845390939086,-0.03288255348501301,2.043122906048611,0.9412996715830954,0.1392678050760082,0.37318601940052387,0.2857634587721231,0,0.0,0.0009878305856126169,0.0007199617854810202
SVR,svr_regressor,Kernel,severe,ood,raw,S_F,g COD/m^3,145.8611496892944,12.077298940131207,2.655221310407964,-2.164481760998887,128.9531635154912,0.07090348829113324,11.771469241447942,3.430957481731294,0.7543037119272966,124,0.1614668521933057,,
SVR,svr_regressor,Kernel,severe,ood,projected,S_F,g COD/m^3,145.40765810544087,12.058509779630354,2.500328084167761,-1.9962628427348732,128.95316350788346,0.07379210839007755,11.734870995499938,3.425619797277558,0.7103011517461912,0,0.0,0.16821904263100057,0.04778820046978456
SVR,svr_regressor,Kernel,severe,ood,raw,S_A,g COD/m^3,117.60951872170578,10.84479223967457,7.343875430010225,-0.7262364026934653,56.32111604207188,0.487356498959855,0.306923160763876,0.5540064627455856,0.375162046437348,194,2.650460043377664,,
SVR,svr_regressor,Kernel,severe,ood,projected,S_A,g COD/m^3,64.19928333423498,8.012445527692215,4.6929165860803295,1.9238058670512306,56.32111608505718,0.7201642713069244,0.16753955950065838,0.4093159653625282,0.2397377524949681,0,0.0,2.6509602990395584,0.13542436827669063
SVR,svr_regressor,Kernel,severe,ood,raw,S_NH4,g N/m^3,86.23016730806938,9.28601999287474,6.892484890668251,0.818651140140764,31.95677154052125,0.8036147463900214,0.5597925170143367,0.7481928341105231,0.5553410189047608,43,0.11802680548779693,,
SVR,svr_regressor,Kernel,severe,ood,projected,S_NH4,g N/m^3,44.27764178285929,6.6541447070874025,4.947206680348578,2.5430018089704145,21.75841115040215,0.8991597003434679,0.2874434007826224,0.5361374830979666,0.39860614019145857,0,0.0,2.685688547875411,0.2163911910285486
SVR,svr_regressor,Kernel,severe,ood,raw,S_NO2,g N/m^3,33.78704757096298,5.81266269199951,3.783815116223321,-1.401636630127909,28.976383074454542,0.22018646694113364,1.8991242307160723,1.3780871636859813,0.8970806182518425,178,1.1631454198201898,,
SVR,svr_regressor,Kernel,severe,ood,projected,S_NO2,g N/m^3,21.76710344636889,4.665522848124194,2.574382021220162,-0.06556264124497811,28.459950348764504,0.49760979241173287,1.2234994342337644,1.1061190868228268,0.6103438313650175,0,0.0,1.3632722116526816,0.32320952290491484
SVR,svr_regressor,Kernel,severe,ood,raw,S_NO3,g N/m^3,104.97149496253084,10.245559768140092,6.888064673011925,-4.431843635448942,47.57693404768897,0.7073126659988838,0.7382550484276965,0.8592176955973942,0.5776499468457547,78,0.5320611628909323,,
SVR,svr_regressor,Kernel,severe,ood,projected,S_NO3,g N/m^3,73.49578867567462,8.572968486800509,6.072466209331578,-3.057617878517169,40.204843355448546,0.7950749729203057,0.516889247384343,0.7189501007610632,0.509251865300678,0,0.0,2.7818012145025692,0.2332886521795994
SVR,svr_regressor,Kernel,severe,ood,raw,S_N2,g N/m^3,34.15052255412214,5.843844843433314,4.18441823200669,0.7468122980679219,27.69072203110633,0.3586922450550235,0.9801997150656628,0.9900503598634076,0.7089142315392656,58,0.2138956878901582,,
SVR,svr_regressor,Kernel,severe,ood,projected,S_N2,g N/m^3,25.89905958653217,5.0891118661837424,3.6634002070092695,1.1327201151607924,24.353291595361792,0.5136452822265732,0.7433634664580911,0.8621852854567231,0.6206445910946434,0,0.0,0.9086617660081271,0.15394332541894282
SVR,svr_regressor,Kernel,severe,ood,raw,S_PO4,g P/m^3,9.020186213728735,3.0033624845710407,2.330441754478019,0.5515101055327061,12.473587447062698,0.771336186689778,0.22200412430892769,0.47117313623436524,0.36560407074064993,6,0.009338806651461763,,
SVR,svr_regressor,Kernel,severe,ood,projected,S_PO4,g P/m^3,8.183277669906996,2.86064287703079,2.1877440638422248,0.6904974635057382,11.109929875450584,0.7925520124485541,0.2014061960627213,0.4487830166825849,0.3432173895539229,0,0.0,0.6342592086289799,0.09950377353732114
SVR,svr_regressor,Kernel,severe,ood,raw,S_I,g COD/m^3,30.432111766561174,5.5165307727376245,4.234518290453471,-0.043201080775967855,19.856560899406407,0.942949692340199,0.05706010923090512,0.23887257948727628,0.1833598594111896,0,0.0,,
SVR,svr_regressor,Kernel,severe,ood,projected,S_I,g COD/m^3,2.2394198523543463e-23,4.7322508939767194e-12,4.4584306616949715e-12,4.4584306616949715e-12,8.675726803630823e-12,1.0,4.198904840038175e-26,2.049122944100274e-13,1.9305554097285097e-13,0,0.0,4.234518290453453,0.18335985941118882
SVR,svr_regressor,Kernel,severe,ood,raw,S_ALK,mol/m^3,160.22511016491083,12.658005773616587,9.693859843187285,0.47544080366832947,39.47068306217703,0.941272471092232,0.05927812324323284,0.24347099055787497,0.1864569901895121,0,0.0,,
SVR,svr_regressor,Kernel,severe,ood,projected,S_ALK,mol/m^3,1.0699023382035004,1.0343608355905112,0.7481269046117746,0.4270014209239908,4.110936719254141,0.9996078472317438,0.00039582935906221897,0.019895460765265504,0.01438988113818685,0,0.0,9.603090150446363,0.1847110763860653
SVR,svr_regressor,Kernel,severe,ood,raw,X_I,g COD/m^3,53.054080387927854,7.283823198563228,5.534230022281591,-1.3243614686651517,23.89451098008638,0.9385009870560436,0.06246062048400099,0.24992122855812185,0.18988950288698456,0,0.0,,
SVR,svr_regressor,Kernel,severe,ood,projected,X_I,g COD/m^3,59.625197637009975,7.721735403198557,5.831523429215552,-1.6855672558400625,32.11205851198417,0.9308839061114172,0.07019680321772682,0.2649467931825687,0.20009018067359274,0,0.0,1.0815336573370817,0.037109387886015685
SVR,svr_regressor,Kernel,severe,ood,raw,X_S,g COD/m^3,1042.3244966447446,32.28505066814585,20.085614665943964,-4.378292036133462,154.90437314057039,0.8385053284945926,0.5778004641656923,0.7601318728784449,0.47290357543104883,54,1.0683259961052374,,
SVR,svr_regressor,Kernel,severe,ood,projected,X_S,g COD/m^3,1009.4191803306496,31.771357860983052,19.004903097675772,-3.2975804678659593,154.90437314059267,0.8436035807816992,0.5595597847026219,0.7480372883102967,0.4474588791574383,0,0.0,1.080711568416111,0.025444696277093327
SVR,svr_regressor,Kernel,severe,ood,raw,X_H,g COD/m^3,524.378037213198,22.899302111924676,17.343241195880378,-3.7651179792787994,84.64457814408826,0.8324089491016172,0.2521427063005381,0.5021381346806256,0.38030428791454524,0,0.0,,
SVR,svr_regressor,Kernel,severe,ood,projected,X_H,g COD/m^3,1129.9006014652532,33.61399413139196,24.543773506457228,-6.5720874269895315,137.73925998267052,0.6388841336364219,0.5433030662728225,0.7370909484404368,0.5381982641356721,0,0.0,19.565409685898793,0.4290322157382864
SVR,svr_regressor,Kernel,severe,ood,raw,X_PAO,g COD/m^3,29.506644482804866,5.432001885383037,4.0364807318007445,0.1423468382765809,29.57756703378189,0.896105526541756,0.0972240735178859,0.3118077508944989,0.23170205111646805,0,0.0,,
SVR,svr_regressor,Kernel,severe,ood,projected,X_PAO,g COD/m^3,29.4687359070141,5.42851138959974,4.053134288541281,0.11541649180819694,32.71351288853855,0.8962390046647472,0.09709916517184244,0.31160738946925254,0.23265799851509353,0,0.0,0.6701994862241316,0.03847078827651392
SVR,svr_regressor,Kernel,severe,ood,raw,X_PP,g P/m^3,8.399363141447457,2.8981654786170266,2.2637409373313773,-0.50784937793712,10.461234407317995,0.6543175004061679,0.30149579115950603,0.5490863239596357,0.4288882739260862,15,0.039485060885674286,,
SVR,svr_regressor,Kernel,severe,ood,projected,X_PP,g P/m^3,8.281843696464644,2.877819260562526,2.215560505029598,-0.5898270242536349,10.121659331468084,0.6591541070403153,0.29727742157064063,0.5452315302425572,0.4197600110113012,0,0.0,0.6055150316068793,0.1147208554033222
SVR,svr_regressor,Kernel,severe,ood,raw,X_PHA,g COD/m^3,111.8491615699342,10.575876397251161,7.878002686915761,2.052601432433742,49.309632805607755,0.506786463582813,0.5034374511027403,0.7095332628585782,0.5285334984350649,41,0.18507460526590444,,
SVR,svr_regressor,Kernel,severe,ood,projected,X_PHA,g COD/m^3,110.38557029701907,10.506453745056849,7.6931539287285124,2.2374216203176784,49.30963280560739,0.5132403611127686,0.4968497695363309,0.7048757121197544,0.5161320351798736,0,0.0,0.1853290240151958,0.012433684185839754
SVR,svr_regressor,Kernel,severe,ood,raw,X_AOB,g COD/m^3,2.0373747512129823,1.4273663689512173,1.0183144895428229,-0.5568760617215512,6.333055895759308,0.7991150280066401,0.30476089809789814,0.5520515357264194,0.393845679730873,0,0.0,,
SVR,svr_regressor,Kernel,severe,ood,projected,X_AOB,g COD/m^3,2.0144299164836195,1.4193061390988273,1.0127555821010268,-0.5514519904802122,6.281820655492355,0.8013773867009629,0.3013286927882636,0.5489341424872966,0.3916957037632738,0,0.0,0.01824053903507711,0.0070547532895782914
SVR,svr_regressor,Kernel,severe,ood,raw,X_NOB,g COD/m^3,1.1094032573450827,1.0532821356811681,0.7292434978233509,-0.40534125149161354,5.00773334307761,0.7938165611190257,0.2189397951064809,0.4679100288586267,0.323959112712777,1,0.0009115684580640664,,
SVR,svr_regressor,Kernel,severe,ood,projected,X_NOB,g COD/m^3,1.1001232504976295,1.0488676038936608,0.7274406564341865,-0.4037350644020475,5.012336680217904,0.7955412574474157,0.21710839359912418,0.46594891737091115,0.32315821850043386,0,0.0,0.01113055329770716,0.004944636710632628
SVR,svr_regressor,Kernel,severe,ood,raw,X_MeP,g TSS/m^3,4.884161776767651,2.2100139766000693,1.6140402405340892,0.4160323456669028,10.01334397901121,0.8450923961428933,0.15620772019439794,0.39523122370885366,0.2886493506991338,0,0.0,,
SVR,svr_regressor,Kernel,severe,ood,projected,X_MeP,g TSS/m^3,3.2186049179218497,1.7940470779558293,1.1752656244893265,0.31373705436375504,11.151693064529761,0.8979177188664011,0.10293904244256716,0.32084114830016297,0.21018042232676984,0,0.0,0.9883497364431821,0.1767530341087299
SVR,svr_regressor,Kernel,severe,ood,raw,X_MeOH,g TSS/m^3,1.8801433737053805,1.371183202094228,0.9069611295318396,-0.2929930169527168,8.13617673726333,0.7441764420005159,0.3354942428926534,0.5792186486057346,0.38312079595419524,33,0.030593392296512197,,
SVR,svr_regressor,Kernel,severe,ood,projected,X_MeOH,g TSS/m^3,1.6152804555159186,1.2709368416707096,0.832580370531359,-0.22225725616184017,7.900070035439708,0.7802152755602231,0.28823189819540446,0.5368723295117792,0.351700689111633,0,0.0,0.137697399317724,0.05816648091044466
k-NN,knn_regressor,Instance based,mild,ood,raw,S_O,g O2/m^3,1.2860371681938962,1.134035787880566,0.8389006827557117,-0.5242667545088602,3.004143629918823,0.637827960243563,0.6831364734522086,0.826520703583527,0.6114170204838156,0,0.0,,
k-NN,knn_regressor,Instance based,mild,ood,projected,S_O,g O2/m^3,1.2881535491443974,1.1349685234156925,0.8398144224906562,-0.5251804942438028,3.0041436299189153,0.6372319479161581,0.6842606843652084,0.8272005103753312,0.6120829825431172,0,0.0,0.0009137397349644052,0.0006659620593160187
k-NN,knn_regressor,Instance based,mild,ood,raw,S_F,g COD/m^3,34.50967883786268,5.874493921850858,1.274682960441036,-0.42295361947593785,87.6734721312583,0.13894658650978686,2.7850433363337395,1.6688449108091918,0.36211598815596213,0,0.0,,
k-NN,knn_regressor,Instance based,mild,ood,projected,S_F,g COD/m^3,34.72061633050815,5.8924202438818085,1.2930974929650032,-0.40453908695196344,87.6734721312577,0.1336834703582631,2.802066678134031,1.6739374773670703,0.36734724710292366,0,0.0,0.018414532524005076,0.005231258946972217
k-NN,knn_regressor,Instance based,mild,ood,raw,S_A,g COD/m^3,116.87045251733083,10.810663833332846,3.614951009570324,-0.6598893036756646,121.17821337556622,0.4434443904523264,0.304994434773616,0.5522630123171531,0.1846698560516394,0,0.0,,
k-NN,knn_regressor,Instance based,mild,ood,projected,S_A,g COD/m^3,116.98249245501901,10.81584450956184,3.628408848591918,-0.6464314646541414,121.1782133755651,0.44291083851964697,0.30528682311242394,0.5525276672823035,0.18535735006976145,0,0.0,0.01345783902172692,0.0006874940181288505
k-NN,knn_regressor,Instance based,mild,ood,raw,S_NH4,g N/m^3,91.71694490474671,9.576896412969429,6.206266842782319,-2.326727034117203,35.3209134026423,0.634365385003545,0.5954118035938081,0.7716293174794541,0.5000510856007705,0,0.0,,
k-NN,knn_regressor,Instance based,mild,ood,projected,S_NH4,g N/m^3,51.48174654542141,7.17507815604969,4.915827597686928,-0.5232178120335647,37.69456039983871,0.7947652029073851,0.3342113018985029,0.5781101122610665,0.3960778659893328,0,0.0,2.004464004686279,0.16150359418669258
k-NN,knn_regressor,Instance based,mild,ood,raw,S_NO2,g N/m^3,19.547478007020697,4.4212529906148434,2.94026025384624,0.07895779268476429,31.983331916368382,0.33073851954557576,1.0987372913999915,1.0482067026116517,0.6970875704345671,0,0.0,,
k-NN,knn_regressor,Instance based,mild,ood,projected,S_NO2,g N/m^3,18.17317758617418,4.263001007057608,2.897742315930796,0.2780609207008314,31.112951440744105,0.3777914607953131,1.0214897241471503,1.0106877480939156,0.6870072634268479,0,0.0,0.24312372130189797,0.057640654080077125
k-NN,knn_regressor,Instance based,mild,ood,raw,S_NO3,g N/m^3,104.97483418422914,10.24572272630043,7.676882508199636,-2.452677124591888,39.52149887265794,0.6254876407822573,0.7382785328724734,0.8592313616672016,0.6438021393988363,0,0.0,,
k-NN,knn_regressor,Instance based,mild,ood,projected,S_NO3,g N/m^3,68.69482457417706,8.288234104691847,6.359864745126657,-0.689410232579587,42.46436887579732,0.7549216341492528,0.4831245002354543,0.6950715792171727,0.5333538092873598,0,0.0,3.3030011337473204,0.27699775189629716
k-NN,knn_regressor,Instance based,mild,ood,raw,S_N2,g N/m^3,23.040167755035046,4.80001747445101,3.3459421926174127,0.24641408579929588,22.215526129198693,0.5531577042109435,0.6613065973663828,0.8132075979517055,0.5668616057808978,0,0.0,,
k-NN,knn_regressor,Instance based,mild,ood,projected,S_N2,g N/m^3,18.939521123332288,4.351956011189944,3.1996088691887667,0.8145415994164971,20.91631335655501,0.6326858732161059,0.5436084668733592,0.7372980854941638,0.5420701605248972,0,0.0,0.8437754161968137,0.14295043363245047
k-NN,knn_regressor,Instance based,mild,ood,raw,S_PO4,g P/m^3,13.008660876839773,3.6067521230103647,2.8522913119665434,-0.1359381454709199,14.687974883218246,0.6536723304021541,0.3201681537349105,0.5658340337368463,0.447472807500709,0,0.0,,
k-NN,knn_regressor,Instance based,mild,ood,projected,S_PO4,g P/m^3,9.017853442309033,3.0029740995068592,2.376422785179816,-0.015783384498658036,12.31109756658844,0.7599190111097346,0.22194671031946314,0.47111220565748785,0.37281766102632224,0,0.0,1.0106344562161276,0.15855022787563278
k-NN,knn_regressor,Instance based,mild,ood,raw,S_I,g COD/m^3,131.24410045934613,11.456181757433239,9.479669973112337,-0.4118855247598253,30.7241511700475,0.7539553797594467,0.24608225566360062,0.4960667854871969,0.41048138992645894,0,0.0,,
k-NN,knn_regressor,Instance based,mild,ood,projected,S_I,g COD/m^3,2.2224147569996388e-23,4.714249417457289e-12,4.464905482374585e-12,4.4641002006073905e-12,8.490985692333197e-12,1.0,4.1670203423120677e-26,2.0413280829675731e-13,1.9333590868603413e-13,0,0.0,9.479669973112614,0.41048138992647093
k-NN,knn_regressor,Instance based,mild,ood,raw,S_ALK,mol/m^3,674.9124096912908,25.979076382567776,21.73719364183577,0.9942936777030028,60.613594667554594,0.7494310987325152,0.24969582457387646,0.4996957319948575,0.41810504455268427,0,0.0,,
k-NN,knn_regressor,Instance based,mild,ood,projected,S_ALK,mol/m^3,1.0433345067210344,1.021437470783716,0.7607326321930574,-0.008499748586538753,5.3562417712264505,0.9996126502087536,0.00038600011826904934,0.019646885714256327,0.014632346581465032,0,0.0,21.762912052548167,0.418599726498933
k-NN,knn_regressor,Instance based,mild,ood,raw,X_I,g COD/m^3,203.80560692606957,14.276050116403681,11.908832972343784,-1.506008593918026,38.96770183462462,0.7583216197185152,0.23994053942017454,0.4898372580971914,0.40861373018069863,0,0.0,,
k-NN,knn_regressor,Instance based,mild,ood,projected,X_I,g COD/m^3,203.35765557035177,14.26035257524693,11.87167798268869,-1.471916483856609,38.657052934516514,0.7588528129458637,0.23941316585304828,0.4892986468947654,0.40733887487346154,0,0.0,1.8237315584685978,0.06257554847605265
k-NN,knn_regressor,Instance based,mild,ood,raw,X_S,g COD/m^3,1363.8019968548358,36.92968991008232,18.29617943732628,-9.185910873372299,167.99790685476358,0.5572296229225158,0.7560077781433914,0.8694870776172533,0.4307724118251674,0,0.0,,
k-NN,knn_regressor,Instance based,mild,ood,projected,X_S,g COD/m^3,1373.5386000488986,37.06128168383952,18.418149996041404,-9.063940314657469,167.99790685475682,0.5540685486040801,0.7614051509030609,0.8725853258581999,0.4336441344123532,0,0.0,0.12197055872002198,0.0028717225873012785
k-NN,knn_regressor,Instance based,mild,ood,raw,X_H,g COD/m^3,891.1158446232093,29.851563520579777,23.657083968448916,-3.463726218264601,88.95520154202359,0.6623952675571649,0.4284854527559734,0.6545880023006635,0.518754849289223,0,0.0,,
k-NN,knn_regressor,Instance based,mild,ood,projected,X_H,g COD/m^3,2377.485338022916,48.759464086707474,39.779084558072476,1.4379619964774224,147.0850888247178,0.09927501988321752,1.1431935450706552,1.0692022938016243,0.8722796538367751,0,0.0,33.91271232235029,0.7436412701257806
k-NN,knn_regressor,Instance based,mild,ood,raw,X_PAO,g COD/m^3,70.39108759622405,8.389939665827404,6.864623390294091,0.6253635376884327,25.935684298509173,0.7586208878836943,0.23193787011083003,0.4815992837524055,0.39404308489381856,0,0.0,,
k-NN,knn_regressor,Instance based,mild,ood,projected,X_PAO,g COD/m^3,68.59900904005467,8.282451873693844,6.785888127063791,0.86704910962577,23.89782409461219,0.7647661307759783,0.22603299070658683,0.47542926993043544,0.3895235236230487,0,0.0,1.2356749495879562,0.07093020860402834
k-NN,knn_regressor,Instance based,mild,ood,raw,X_PP,g P/m^3,9.544734209124256,3.0894553256398214,2.4383776531113543,0.19205218228671592,10.14785520277069,0.5925077377018388,0.3426089744336507,0.5853280912733052,0.46197493961288105,0,0.0,,
k-NN,knn_regressor,Instance based,mild,ood,projected,X_PP,g P/m^3,9.692902534750905,3.113342662597695,2.449773719154865,-0.027939665964112112,12.679593902239155,0.586182004068228,0.34792748796941464,0.5898537852463224,0.4641340378623083,0,0.0,1.5953901898327556,0.30226256612322716
k-NN,knn_regressor,Instance based,mild,ood,raw,X_PHA,g COD/m^3,87.59533375860846,9.359237883428781,6.520832424877344,0.06681376431316731,54.542083634917226,0.5657552299540785,0.39427002345792916,0.6279092477881889,0.4374812387349575,0,0.0,,
k-NN,knn_regressor,Instance based,mild,ood,projected,X_PHA,g COD/m^3,87.62096750152091,9.360607218632822,6.5256893936020095,0.07167073303781836,54.54208363491611,0.5656281533357382,0.3943854019374183,0.62800111619122,0.43780709171747806,0,0.0,0.004856968725319572,0.00032585298256452606
k-NN,knn_regressor,Instance based,mild,ood,raw,X_AOB,g COD/m^3,2.5312186634044327,1.5909804094973743,1.248578927232607,-0.14745145790807712,5.102911968651578,0.7027577229302704,0.3786325871968431,0.6153312824786686,0.48290328905596025,0,0.0,,
k-NN,knn_regressor,Instance based,mild,ood,projected,X_AOB,g COD/m^3,2.4927998700290317,1.5788603073195018,1.236932858968489,-0.13945599436433306,5.019430416667531,0.7072692611036719,0.3728857082949848,0.610643683579045,0.47839902861503003,0,0.0,0.03856371679332548,0.014914992774221399
k-NN,knn_regressor,Instance based,mild,ood,raw,X_NOB,g COD/m^3,1.5127105796333649,1.2299229974406385,0.989679132881325,-0.034276890234332655,3.794580945113802,0.7335963251880279,0.2985321542618443,0.5463809607424515,0.43965503253105337,0,0.0,,
k-NN,knn_regressor,Instance based,mild,ood,projected,X_NOB,g COD/m^3,1.496980773349491,1.2235116564011521,0.9855926530527336,-0.030357195716412568,3.7626429493062687,0.7363665036045232,0.2954278902874465,0.5435327867640061,0.43783965483712733,0,0.0,0.022439383714273203,0.009968471243960829
k-NN,knn_regressor,Instance based,mild,ood,raw,X_MeP,g TSS/m^3,9.545034525998947,3.089503928788398,2.533976535995182,0.10664484838499122,8.345058277507631,0.6974654514827732,0.3052740983264203,0.5525161520955023,0.4531675626376066,0,0.0,,
k-NN,knn_regressor,Instance based,mild,ood,projected,X_MeP,g TSS/m^3,4.410016805719008,2.1000040013578563,1.4674999977926606,0.07664531142671765,9.575509289499147,0.860222355441721,0.14104337708818662,0.37555742182546015,0.26244260265386193,0,0.0,2.099736325011615,0.3755095515173974
k-NN,knn_regressor,Instance based,mild,ood,raw,X_MeOH,g TSS/m^3,2.815657354044375,1.6779920601851412,1.1300941536035574,-0.10371755535800563,8.122523569585775,0.5974919612256937,0.5024280836511751,0.7088216162414738,0.4773772078360918,0,0.0,,
k-NN,knn_regressor,Instance based,mild,ood,projected,X_MeOH,g TSS/m^3,2.213199238939122,1.4876825060943353,1.0396047212317985,-0.05429698652471423,6.783471673247446,0.6836154499401017,0.39492498998899755,0.6284305769048778,0.43915243477045107,0,0.0,0.21076129883357392,0.08903031666543339
k-NN,knn_regressor,Instance based,severe,ood,raw,S_O,g O2/m^3,1.8969680112706806,1.3773046181838935,1.034901045339209,-0.7139214817026014,3.548780724737883,0.5752789749730394,1.0076598635878002,1.0038226255608111,0.7542682067659543,0,0.0,,
k-NN,knn_regressor,Instance based,severe,ood,projected,S_O,g O2/m^3,1.9375708884643095,1.3919665543626791,1.03991763361892,-0.7200468149541049,5.360976638305191,0.5661882072224695,1.0292279076724224,1.0145087026104913,0.7579244529963176,0,0.0,0.006125333251529119,0.0044643341972472345
k-NN,knn_regressor,Instance based,severe,ood,raw,S_F,g COD/m^3,148.44175780872692,12.183667666541423,2.4264479950633384,-1.65990379051465,130.62531767738955,0.05446570477605972,11.979732710965624,3.4611750477208783,0.6893130611374942,0,0.0,,
k-NN,knn_regressor,Instance based,severe,ood,projected,S_F,g COD/m^3,182.770989751985,13.519282146326594,2.7690793943236103,-1.3078459719442732,132.14971252838905,-0.16420232105581567,14.750213395941701,3.8406006556190793,0.7866488784088452,0,0.0,0.35205781857040747,0.1000137044395305
k-NN,knn_regressor,Instance based,severe,ood,raw,S_A,g COD/m^3,129.46330689900051,11.378194360222562,4.0236217169878294,-1.2839983695640187,85.60696382577213,0.43568748834026527,0.33785774985108824,0.5812553224281807,0.20554680860549507,0,0.0,,
k-NN,knn_regressor,Instance based,severe,ood,projected,S_A,g COD/m^3,135.78407134610106,11.652642247409,4.139174203639442,-1.1679730305342915,85.60696382577319,0.4081361570311126,0.35435291983081196,0.5952754991017285,0.2114498100624633,0,0.0,0.11602533902995318,0.005927157131667706
k-NN,knn_regressor,Instance based,severe,ood,raw,S_NH4,g N/m^3,208.51977414666808,14.440213784659425,8.793859892226932,-5.272782388340835,45.51254297528526,0.5251057720647982,1.3536771742515339,1.1634763316249859,0.7085385300252044,0,0.0,,
k-NN,knn_regressor,Instance based,severe,ood,projected,S_NH4,g N/m^3,81.34128495794013,9.018940345624875,6.002897396814885,-1.996489439473692,37.16783369433391,0.8147489518562983,0.52805467118147,0.7266737033782563,0.48366521067624785,0,0.0,3.4818207162641057,0.2805371204849088
k-NN,knn_regressor,Instance based,severe,ood,raw,S_NO2,g N/m^3,31.285606062138815,5.593353740122184,3.254342240390933,-0.15617220856886196,29.4543900889947,0.27792036442475676,1.7585215879089624,1.326092601558791,0.771551267527808,0,0.0,,
k-NN,knn_regressor,Instance based,severe,ood,projected,S_NO2,g N/m^3,28.860387386383355,5.372186462361797,3.2211846554317223,0.16456947014431553,28.598077765512244,0.3338950198014683,1.6222033274205672,1.2736574607878552,0.7636901469652803,0,0.0,0.354464624983362,0.08403775955255062
k-NN,knn_regressor,Instance based,severe,ood,raw,S_NO3,g N/m^3,150.01308375961514,12.247982844518322,8.478215684166887,-3.091532452794567,46.545866910518896,0.5817252143873888,1.055028476590467,1.0271457913025137,0.7110038990334211,0,0.0,,
k-NN,knn_regressor,Instance based,severe,ood,projected,S_NO3,g N/m^3,83.94294041600074,9.16203800559683,6.927051528564244,-0.2043603641395087,39.42902180366731,0.7659456460313953,0.5903631225229122,0.7683509110575143,0.5809194798868306,0,0.0,4.507589931023014,0.37801751401375017
k-NN,knn_regressor,Instance based,severe,ood,raw,S_N2,g N/m^3,26.462163565745257,5.144138758407014,3.5172268919264775,0.2678201049297859,26.304280665660876,0.5030708335300003,0.7595258651183829,0.8715078112778927,0.5958802540738264,0,0.0,,
k-NN,knn_regressor,Instance based,severe,ood,projected,S_N2,g N/m^3,24.333608403171176,4.932910743483119,3.5181136989626083,1.2190757063597797,24.27695918765764,0.543042665012917,0.6984313632538772,0.8357220610070535,0.5960304948226439,0,0.0,1.2025687831377396,0.20373635652628455
k-NN,knn_regressor,Instance based,severe,ood,raw,S_PO4,g P/m^3,14.657709755729782,3.828538853887966,2.970861060193172,-0.5413972399056803,15.6579669255737,0.6284236569264677,0.3607544169922473,0.6006283518052135,0.46607425185564805,0,0.0,,
k-NN,knn_regressor,Instance based,severe,ood,projected,S_PO4,g P/m^3,10.079003816832222,3.174744685298681,2.471416960887749,-0.47813959818617413,11.7978803713475,0.7444949147926263,0.2480636611311391,0.49805989713200066,0.3877205253732803,0,0.0,1.0885848238432287,0.17077922766309223
k-NN,knn_regressor,Instance based,severe,ood,raw,S_I,g COD/m^3,136.21775006184174,11.67123601260131,9.832420978562844,0.1310830922858209,34.17995330316314,0.7446360407267887,0.2554078322706925,0.5053788997086172,0.4257559430940246,0,0.0,,
k-NN,knn_regressor,Instance based,severe,ood,projected,S_I,g COD/m^3,2.583673145221296e-23,5.082984502456501e-12,4.757657971291943e-12,4.757657971291943e-12,1.028155338644865e-11,1.0,4.8443786291976513e-26,2.2009949180308553e-13,2.0601245216234395e-13,0,0.0,9.83242097856283,0.425755943094024
k-NN,knn_regressor,Instance based,severe,ood,raw,S_ALK,mol/m^3,730.9501578687305,27.03608991457031,22.5889878575709,0.9987168112064629,72.92144860917688,0.7320838382810837,0.27042798409192303,0.5200269070845498,0.43448891932455097,0,0.0,,
k-NN,knn_regressor,Instance based,severe,ood,projected,S_ALK,mol/m^3,1.4402053010661091,1.2000855390621574,0.8794668520019735,-0.15518803982289867,4.490355455055322,0.9994721195799807,0.0005328295124546004,0.02308310014825999,0.01691614535885599,0,0.0,22.50298598217756,0.43283471232177856
k-NN,knn_regressor,Instance based,severe,ood,raw,X_I,g COD/m^3,215.60529881732427,14.683504309847983,12.273128495121933,-1.9143446338919405,37.81219993801929,0.7500755273524758,0.2538323281696692,0.5038177529322178,0.42111337248790043,0,0.0,,
k-NN,knn_regressor,Instance based,severe,ood,projected,X_I,g COD/m^3,216.8084416163134,14.724416511913583,12.254862157577003,-1.471422256792202,38.579338022726176,0.7486808731802155,0.2552487893580686,0.5052215250343839,0.4204866212068717,0,0.0,1.9706301186085908,0.06761590539065324
k-NN,knn_regressor,Instance based,severe,ood,raw,X_S,g COD/m^3,3738.080460031787,61.1398434740537,28.803492754215227,-20.084588302136282,261.88660568479054,0.42083288083809856,2.072161435184246,1.4395004116651882,0.6781607102851652,0,0.0,,
k-NN,knn_regressor,Instance based,severe,ood,projected,X_S,g COD/m^3,3652.231640127301,60.43369623088845,28.42255475167511,-19.476012852539426,261.88660568480213,0.4341340428219439,2.0245721401532237,1.4228746045077985,0.6691917568119997,0,0.0,0.6085754496055548,0.014328538649404553
k-NN,knn_regressor,Instance based,severe,ood,raw,X_H,g COD/m^3,1143.267393533533,33.81223733404125,26.723003043162826,-3.7185420688713906,116.71880689172764,0.6346121112196013,0.5497303742214243,0.741438044762625,0.5859846223947054,0,0.0,,
k-NN,knn_regressor,Instance based,severe,ood,projected,X_H,g COD/m^3,3619.709862793351,60.16402465588012,49.68821452399232,10.287192733402593,171.19941224134806,-0.1568581000774043,1.740506611752682,1.319282612540877,1.0895680241580605,0,0.0,41.91458798151999,0.9191071816108911
k-NN,knn_regressor,Instance based,severe,ood,raw,X_PAO,g COD/m^3,77.87796674428432,8.824849389325822,6.993837047542681,1.3379769313205763,32.7423311229149,0.725787513601854,0.25660705569493564,0.5065639699928683,0.4014602067398091,0,0.0,,
k-NN,knn_regressor,Instance based,severe,ood,projected,X_PAO,g COD/m^3,75.24675406042354,8.67448869158428,6.886675942290772,1.920133940319172,32.78363536972095,0.735052154198506,0.24793723844187748,0.49793296581154123,0.39530894539693656,0,0.0,1.5163217395680348,0.08703989454042753
k-NN,knn_regressor,Instance based,severe,ood,raw,X_PP,g P/m^3,9.640462680966145,3.1049094481105475,2.4656925126790337,0.5818642727833382,9.736013016324176,0.6032390574527371,0.3460451553521824,0.5882560287427426,0.46715001189227623,0,0.0,,
k-NN,knn_regressor,Instance based,severe,ood,projected,X_PP,g P/m^3,10.674020048624861,3.267111881865214,2.5894035862795373,0.2506610524000074,13.494455459872821,0.5607021783692693,0.3831447771953334,0.6189868958187511,0.4905883073027974,0,0.0,1.6857298154030707,0.31937830822914887
k-NN,knn_regressor,Instance based,severe,ood,raw,X_PHA,g COD/m^3,108.29196755637079,10.40634265995363,7.11812869943316,-1.3571217573823453,50.704761781382444,0.5224723767763122,0.4874263817113388,0.6981592810464806,0.4775537167651483,0,0.0,,
k-NN,knn_regressor,Instance based,severe,ood,projected,X_PHA,g COD/m^3,108.252485822583,10.40444548366625,7.111555792718834,-1.3481621717035752,50.70476178138136,0.5226464766557574,0.48724867288326834,0.698031999899194,0.47711274187358355,0,0.0,0.008959585679769502,0.000601096667778773
k-NN,knn_regressor,Instance based,severe,ood,raw,X_AOB,g COD/m^3,3.457245265406668,1.8593668990833057,1.4333215383294573,-0.1797907006052656,6.2191212033884895,0.6591159196893414,0.5171523655148595,0.7191330652353982,0.5543547708819345,0,0.0,,
k-NN,knn_regressor,Instance based,severe,ood,projected,X_AOB,g COD/m^3,3.331742955196034,1.8253062633969221,1.4096860272096459,-0.15576254592827904,6.099796525440198,0.6714904364819712,0.4983790903722368,0.7059596945805311,0.5452134456446319,0,0.0,0.046404528416389625,0.01794752330878526
k-NN,knn_regressor,Instance based,severe,ood,raw,X_NOB,g COD/m^3,1.529331348160686,1.2366613716618977,1.0027470452555107,0.03132101174813201,4.066429777138231,0.7157726061604983,0.3018122488818947,0.5493744159331545,0.44546032158798093,0,0.0,,
k-NN,knn_regressor,Instance based,severe,ood,projected,X_NOB,g COD/m^3,1.5028677258304912,1.225915056531443,0.9945838774235798,0.04319404634027758,3.9574475325019822,0.7206908904914318,0.2965896753835856,0.5446004731760574,0.4418339161203269,0,0.0,0.028515743964453305,0.012667833365182473
k-NN,knn_regressor,Instance based,severe,ood,raw,X_MeP,g TSS/m^3,9.974501090039617,3.1582433551009994,2.588341049571349,0.0631178552846753,9.84449328744597,0.6836456009958984,0.319009514132592,0.5648092723500492,0.46288992342561414,0,0.0,,
k-NN,knn_regressor,Instance based,severe,ood,projected,X_MeP,g TSS/m^3,4.631353496372601,2.1520579677073295,1.4757113228231875,0.0014493356489684217,10.468682595978823,0.8531105427033765,0.14812227852974613,0.38486657237248617,0.2639110875025773,0,0.0,2.1986450115251817,0.39319803748178567
k-NN,knn_regressor,Instance based,severe,ood,raw,X_MeOH,g TSS/m^3,2.959167655881279,1.7202231413050106,1.1425256310637417,-0.05825036554492491,8.327618936555645,0.597357941403905,0.5280361732976473,0.7266609754883272,0.48262854373611075,0,0.0,,
k-NN,knn_regressor,Instance based,severe,ood,projected,X_MeOH,g TSS/m^3,2.3242786785180636,1.5245585192173057,1.0454217790060114,-0.0010267367431339143,7.4162125166502815,0.6837447347704213,0.41474609140267993,0.6440078348923093,0.4416096909107649,0,0.0,0.22666447421445346,0.09574817591180128
PLS,pls_regressor,Interpretable models,mild,ood,raw,S_O,g O2/m^3,0.8171281188348274,0.9039513918540241,0.75012036669988,-0.05095170760468337,2.4640874088187195,0.769881489540176,0.43405434560138606,0.6588280091202757,0.5467111531072898,84,0.09392203828627196,,
PLS,pls_regressor,Interpretable models,mild,ood,projected,S_O,g O2/m^3,0.6935511975012919,0.8327972127122496,0.6562661076172635,0.03703373822374676,2.4640878204829413,0.8046830542018276,0.3684109067275071,0.6069686208755005,0.47830723756926924,0,0.0,0.10008151076913724,0.07294253107409118
PLS,pls_regressor,Interpretable models,mild,ood,raw,S_F,g COD/m^3,39.34184878029153,6.272308090351711,1.5813016237485062,-0.5962856667967753,96.71091126560317,0.018378775866236263,3.175015168915046,1.7818572246156665,0.44922119289818946,3,0.00047434264521543907,,
PLS,pls_regressor,Interpretable models,mild,ood,projected,S_F,g COD/m^3,55.040284510951615,7.418913971124859,1.8963257141097272,-0.2705431629887992,96.71091126210715,-0.37331399345362937,4.441929996721835,2.1075886687686083,0.5387142380822382,0,0.0,0.3257428923692724,0.09253807653808103
PLS,pls_regressor,Interpretable models,mild,ood,raw,S_A,g COD/m^3,238.42460963793502,15.441004165465891,11.405447596465734,-4.566426118457767,120.7100453807787,-0.1354157624103438,0.622211837862599,0.7888040554298634,0.5826475546328893,314,6.110113900106255,,
PLS,pls_regressor,Interpretable models,mild,ood,projected,S_A,g COD/m^3,131.64062600153548,11.473474887824327,5.287743993818957,1.6158714988898895,120.71004538077776,0.373106484424219,0.3435398550769662,0.5861227303875581,0.27012452439639933,0,0.0,6.188657657965266,0.31614771979583833
PLS,pls_regressor,Interpretable models,mild,ood,raw,S_NH4,g N/m^3,135.29820091070087,11.631775484022242,9.09856564568109,-6.149344679061195,36.12185457792607,0.4606263253636037,0.8783343787879335,0.937194952391408,0.7330892698924003,236,3.226715765892791,,
PLS,pls_regressor,Interpretable models,mild,ood,projected,S_NH4,g N/m^3,58.9628356529835,7.67872617385094,4.638035498214257,-1.3577491356246105,46.11485266877306,0.7649414321915327,0.3827773412820171,0.6186900203510779,0.37369561198197027,0,0.0,5.462505848221986,0.4401248042824072
PLS,pls_regressor,Interpretable models,mild,ood,raw,S_NO2,g N/m^3,24.616335593889175,4.961485220565428,3.5870107421597397,0.11918217101681959,30.490175654313127,0.15719228859026668,1.3836509182877095,1.176286920052973,0.8504215230960938,43,0.06278871709379018,,
PLS,pls_regressor,Interpretable models,mild,ood,projected,S_NO2,g N/m^3,23.346532682506965,4.831824984672662,3.4884991518942328,0.3335789000824195,29.531717389898596,0.20066747122261297,1.3122770146586678,1.1455466008236712,0.8270660378025734,0,0.0,0.2967654307182908,0.07035822520056399
PLS,pls_regressor,Interpretable models,mild,ood,raw,S_NO3,g N/m^3,134.75122771100203,11.608239647379875,9.013170652828116,-0.2803089014450572,35.32352830575023,0.5192562046921871,0.9476932206689697,0.9734953624280753,0.755866530829372,53,0.5499708265662229,,
PLS,pls_regressor,Interpretable models,mild,ood,projected,S_NO3,g N/m^3,55.19422156352036,7.429281362522243,5.396095845641641,1.0640012633947273,47.62666890125577,0.8030869179877561,0.3881759779438252,0.6230377018638802,0.45252979267491467,0,0.0,6.827062603443995,0.5725341641235828
PLS,pls_regressor,Interpretable models,mild,ood,raw,S_N2,g N/m^3,32.44150685532551,5.695744626940845,3.8170512132245222,-1.2034404342598652,26.307000372131174,0.37082761044905344,0.9311469751449674,0.9649595717671116,0.6466757808459804,100,0.36269043544738927,,
PLS,pls_regressor,Interpretable models,mild,ood,projected,S_N2,g N/m^3,27.81145087737909,5.273656310130486,3.4052354619451544,-0.30984151864561305,25.569335433669764,0.4606231737806311,0.798253560611451,0.8934503682977869,0.5769069311117668,0,0.0,1.1256523070688293,0.19070534922686588
PLS,pls_regressor,Interpretable models,mild,ood,raw,S_PO4,g P/m^3,20.370541991180907,4.513373681757462,3.529523261106389,-1.3488722342650161,16.191151156312465,0.45767804979749716,0.5013582014046831,0.7080665232904908,0.5537182251196575,68,0.3481914195566005,,
PLS,pls_regressor,Interpretable models,mild,ood,projected,S_PO4,g P/m^3,12.96140631627741,3.600195316406793,2.7104645312689377,-0.9031244802473081,13.742135684322216,0.6549303816337433,0.31900512815110554,0.5648053896264673,0.4252227562975627,0,0.0,1.717819050267661,0.2694946725730827
PLS,pls_regressor,Interpretable models,mild,ood,raw,S_I,g COD/m^3,16.0774593474437,4.0096707280578165,3.23783622311001,0.42872626958200766,11.884490668970976,0.9698594270848765,0.030145183270803885,0.17362368292028563,0.14020229786333757,0,0.0,,
PLS,pls_regressor,Interpretable models,mild,ood,projected,S_I,g COD/m^3,2.3025948192200176e-23,4.798536046775118e-12,4.542940838329438e-12,4.540903949153593e-12,8.618883384770015e-12,1.0,4.317357694630243e-26,2.077825231974586e-13,1.9671493574779983e-13,0,0.0,3.237836223109349,0.14020229786330896
PLS,pls_regressor,Interpretable models,mild,ood,raw,S_ALK,mol/m^3,561.1435923512983,23.688469607623414,19.250021188222902,-3.974858706422294,70.83039393351643,0.7916690649486385,0.2076050313856196,0.45563695129523857,0.37026541232313054,0,0.0,,
PLS,pls_regressor,Interpretable models,mild,ood,projected,S_ALK,mol/m^3,0.8364757502090652,0.9145904822427714,0.622902310554769,-0.22594228339719744,6.2666492938405725,0.9996894488726875,0.00030946904988758515,0.017591732429967925,0.011981242960693285,0,0.0,19.144322238659957,0.3682323410470329
PLS,pls_regressor,Interpretable models,mild,ood,raw,X_I,g COD/m^3,262.98502408912736,16.216813006541308,13.072868148687064,7.1761214025376105,50.512418586433675,0.6881450141692955,0.3096125248519909,0.5564283645286165,0.448553895314576,0,0.0,,
PLS,pls_regressor,Interpretable models,mild,ood,projected,X_I,g COD/m^3,269.03806384799344,16.40237982269626,13.196001793398185,8.105303933990838,51.64984527239195,0.6809671505826826,0.31673877445218435,0.5627954996730024,0.4527788347350048,0,0.0,3.0443449848201483,0.10445701632503782
PLS,pls_regressor,Interpretable models,mild,ood,raw,X_S,g COD/m^3,2126.9984057698025,46.11939294667486,32.982149699334634,-24.981097171177773,195.56646853389293,0.30945116055131683,1.1790768326846233,1.0858530437792322,0.7765446453905878,219,8.813720776568422,,
PLS,pls_regressor,Interpretable models,mild,ood,projected,X_S,g COD/m^3,1718.4415890520515,41.45409013658425,24.798156351902428,-15.37130817813572,195.56646853389424,0.44209274357647355,0.9525981121926189,0.9760113279017918,0.5838575018964547,0,0.0,9.609788993093769,0.22625663439005364
PLS,pls_regressor,Interpretable models,mild,ood,raw,X_H,g COD/m^3,2225.721216171772,47.1775499170079,38.02403218780582,-15.032843110316774,132.7259331862205,0.15677179323892154,1.070219061611665,1.0345139252864917,0.8337946939386486,0,0.0,,
PLS,pls_regressor,Interpretable models,mild,ood,projected,X_H,g COD/m^3,2022.1177349493194,44.967963428971515,35.11544635495171,-0.839038473164131,159.66782863098274,0.23390822753899854,0.9723180643836525,0.9860618968318634,0.7700149395369933,0,0.0,43.116640324381066,0.9454659028628551
PLS,pls_regressor,Interpretable models,mild,ood,raw,X_PAO,g COD/m^3,125.78254898503288,11.21528193961404,8.876533151133815,1.5014455594768703,39.895033377508256,0.5686772142534475,0.4144521345663171,0.6437795698578179,0.5095307210852201,1,0.004705490615677092,,
PLS,pls_regressor,Interpretable models,mild,ood,projected,X_PAO,g COD/m^3,129.9727903647561,11.40056096710842,8.997557635397252,2.2277713056231647,39.244911592094184,0.5543083960077005,0.42825893446175456,0.6544149558665011,0.5164777680556739,0,0.0,1.8416511289549538,0.1057144508725196
PLS,pls_regressor,Interpretable models,mild,ood,raw,X_PP,g P/m^3,20.024946244591646,4.474924160764252,3.6631328187855843,1.1116040586908074,15.899429761433048,0.14507722595279993,0.7187969979708855,0.8478189653286163,0.6940170078220247,3,0.003309211415342525,,
PLS,pls_regressor,Interpretable models,mild,ood,projected,X_PP,g P/m^3,14.629679598184829,3.8248764160669073,2.9610523733740646,0.8625327553337033,15.255628661027938,0.3754167370671535,0.5251334834065421,0.7246609437568318,0.561000872705091,0,0.0,2.534326189612032,0.4801533457753906
PLS,pls_regressor,Interpretable models,mild,ood,raw,X_PHA,g COD/m^3,166.12495444783926,12.888946987548644,9.827848727043978,-3.022019700342906,67.3488823400825,0.17645279094559452,0.7477349177936107,0.8647166690850886,0.6593482480555918,165,1.9158792429277776,,
PLS,pls_regressor,Interpretable models,mild,ood,projected,X_PHA,g COD/m^3,131.58459896837886,11.47103303841371,7.879724924579599,-1.1360018255022277,67.2286270411667,0.3476830161059461,0.5922674267665132,0.769589128539712,0.5286490429878887,0,0.0,1.9644277220561,0.1317930315110894
PLS,pls_regressor,Interpretable models,mild,ood,raw,X_AOB,g COD/m^3,3.8894472109718263,1.9721681497711665,1.5877560528731633,0.08849158484489215,5.897966381979244,0.5432602634270898,0.5818033351078007,0.762760339233629,0.6140842228135085,1,0.0006229212521292604,,
PLS,pls_regressor,Interpretable models,mild,ood,projected,X_AOB,g COD/m^3,3.9009521387075483,1.9750828181895432,1.585264725151609,0.10216854825281503,5.99287702539301,0.5419092339932718,0.5835243008295966,0.7638876231682227,0.6131206711111572,0,0.0,0.06465408820356132,0.025005765485418448
PLS,pls_regressor,Interpretable models,mild,ood,raw,X_NOB,g COD/m^3,4.392394375288598,2.0958039925738756,1.7047306713718051,0.041378878612116844,6.712101880388808,0.22645480334782342,0.8668353172622915,0.9310399117450827,0.7573095095948933,0,0.0,,
PLS,pls_regressor,Interpretable models,mild,ood,projected,X_NOB,g COD/m^3,4.309854503859796,2.0760189073945825,1.6905009596780494,0.05059022016315098,6.691356329058379,0.24099091181641763,0.8505461434031997,0.922250586014018,0.7509881028381278,0,0.0,0.0349548369992853,0.015528335889326342
PLS,pls_regressor,Interpretable models,mild,ood,raw,X_MeP,g TSS/m^3,21.222315708919655,4.606768467040606,3.7200659872172035,-0.5702527936231188,13.552465548249286,0.3273482998935393,0.6787427824166036,0.8238584723219174,0.6652836805437126,0,0.0,,
PLS,pls_regressor,Interpretable models,mild,ood,projected,X_MeP,g TSS/m^3,4.810759054404678,2.193344262628345,1.7521526063341344,-0.34718788325277605,8.982754683888714,0.8475206334157119,0.15386011738342578,0.3922500699597462,0.3133488865040852,0,0.0,3.7368580382131276,0.6682867126213244
PLS,pls_regressor,Interpretable models,mild,ood,raw,X_MeOH,g TSS/m^3,4.561383486281672,2.1357395642450583,1.5950298247376915,0.18850804230833698,10.317821233708152,0.347934322149126,0.8139368096472217,0.9021844654211364,0.6737765005867675,25,0.02232450989891595,,
PLS,pls_regressor,Interpretable models,mild,ood,projected,X_MeOH,g TSS/m^3,2.41431467203393,1.5538065104876893,1.2412580065436285,0.24595445529149165,6.363553112808197,0.6548652973599378,0.4308121839678243,0.656362844749628,0.5243353215115024,0,0.0,0.6169644254364216,0.26061966059188924
PLS,pls_regressor,Interpretable models,severe,ood,raw,S_O,g O2/m^3,0.910611962835123,0.9542599031894419,0.7702618323965903,-0.056000178200606356,2.8011363576843715,0.7961188359744251,0.483712493199722,0.6954944235576026,0.5613908824216187,114,0.1565124943927761,,
PLS,pls_regressor,Interpretable models,severe,ood,projected,S_O,g O2/m^3,0.7209141735613495,0.8490666484801705,0.6206110109782442,0.0932580025309371,5.282653585155992,0.8385911597179008,0.3829459819423835,0.6188262938356639,0.4523206894590922,0,0.0,0.16450437283624827,0.11989592518353788
PLS,pls_regressor,Interpretable models,severe,ood,raw,S_F,g COD/m^3,156.0563837152817,12.492252947938642,2.7988909724489344,-1.9936632484487655,131.07735311952314,0.005962574348127414,12.594257790708095,3.5488389355827485,0.7951178463062473,32,0.01777588465438099,,
PLS,pls_regressor,Interpretable models,severe,ood,projected,S_F,g COD/m^3,187.27666795778634,13.684906574682428,3.077206374861133,-1.6726554884147289,131.829233974022,-0.19290228614459992,15.113836283355056,3.887651769816203,0.8741825707053614,0,0.0,0.32100822462729234,0.09119303707243692
PLS,pls_regressor,Interpretable models,severe,ood,raw,S_A,g COD/m^3,361.6319261604279,19.016622364668965,15.31696481694594,-7.759400814598437,72.80902305373174,-0.5763031660171063,0.9437434573040426,0.9714645939528844,0.7824675024377827,358,9.532659642707427,,
PLS,pls_regressor,Interpretable models,severe,ood,projected,S_A,g COD/m^3,145.624012514601,12.0674774710625,5.8913933551528075,1.8868497737276102,72.80907831643843,0.36524522485592736,0.3800320134789454,0.6164673661102795,0.30096196600157243,0,0.0,9.678802389090412,0.4944418442224035
PLS,pls_regressor,Interpretable models,severe,ood,raw,S_NH4,g N/m^3,306.0558613832054,17.49445230303611,13.812537726770467,-11.376726801457004,53.19814827080515,0.30297180403433255,1.9868659233676653,1.4095623162413449,1.1129032412142816,290,5.649232308322717,,
PLS,pls_regressor,Interpretable models,severe,ood,projected,S_NH4,g N/m^3,97.1244330046271,9.855172905871672,5.790817898809371,-3.011806341636585,46.67779001255207,0.7788035556141829,0.6305163553841632,0.7940506000149884,0.4665775497847962,0,0.0,9.287073407309792,0.7482777097765523
PLS,pls_regressor,Interpretable models,severe,ood,raw,S_NO2,g N/m^3,36.10926906108094,6.009098855991715,4.051330466944322,0.24318858638251234,28.099834938969728,0.1665890124446826,2.0296531587530633,1.4246589622618682,0.9605041283455872,57,0.11029904563941538,,
PLS,pls_regressor,Interpretable models,severe,ood,projected,S_NO2,g N/m^3,33.74784292302416,5.809289364717871,3.9225828327703325,0.6254463392811249,26.4680254326665,0.22109132004963006,1.896920590498592,1.3772874030131081,0.9299801720433715,0,0.0,0.4616053796904845,0.1094390784649205
PLS,pls_regressor,Interpretable models,severe,ood,raw,S_NO3,g N/m^3,192.284537910681,13.866670036843056,10.475554743609292,1.131529400891514,45.902556520457054,0.4638616055644208,1.3523197978443324,1.1628928574225281,0.8785056366463683,88,0.9536373268137194,,
PLS,pls_regressor,Interpretable models,severe,ood,projected,S_NO3,g N/m^3,79.42076817874785,8.911833042575912,5.937889910232223,1.9035776629600036,36.95968041865001,0.7785546170333597,0.5585590933890682,0.7473681110330225,0.49796596777912505,0,0.0,9.211865895270343,0.7725295997295467
PLS,pls_regressor,Interpretable models,severe,ood,raw,S_N2,g N/m^3,38.093548621182165,6.171997133925304,4.375793708560356,-1.6258154343900035,29.478953278326262,0.28464672523176804,1.093373767418844,1.0456451441186172,0.7413366117542186,168,0.8594856368976821,,
PLS,pls_regressor,Interpretable models,severe,ood,projected,S_N2,g N/m^3,33.06179503772301,5.749938698605665,3.707030748046961,0.1170687434081547,28.659415562878284,0.37913730261401735,0.948950693922068,0.9741410031007154,0.6280363740753192,0,0.0,2.020180909600675,0.34225426754558863
PLS,pls_regressor,Interpretable models,severe,ood,raw,S_PO4,g P/m^3,31.32801367731971,5.597143349720437,4.449228843791324,-2.6139519249077368,21.84594183586571,0.20582758480221464,0.7710426456813089,0.8780903402733166,0.6980033608740276,122,0.6551362231160915,,
PLS,pls_regressor,Interpretable models,severe,ood,projected,S_PO4,g P/m^3,18.997639346148585,4.358628149561349,3.1775675796392266,-1.9014595936763112,17.378789891176993,0.5184054348932438,0.46756842786232333,0.6837897541366961,0.4985027580875218,0,0.0,2.018438963287923,0.3166564880249026
PLS,pls_regressor,Interpretable models,severe,ood,raw,S_I,g COD/m^3,15.211122100021791,3.9001438563239934,3.1364032667132853,0.5679519064946441,11.772844015287909,0.9714840954083712,0.028520803788108465,0.16888103442396504,0.13581012587378805,0,0.0,,
PLS,pls_regressor,Interpretable models,severe,ood,projected,S_I,g COD/m^3,2.830237240993212e-23,5.319997406947876e-12,5.022092371594529e-12,5.022092371594529e-12,9.457323812966933e-12,1.0,5.306685495874707e-26,2.303624425958951e-13,2.174627875103516e-13,0,0.0,3.1364032667122705,0.13581012587374414
PLS,pls_regressor,Interpretable models,severe,ood,raw,S_ALK,mol/m^3,696.41112020416,26.389602501821813,21.073816252008523,-6.59646196103306,81.87275875118681,0.7447434790253145,0.25764965409560847,0.507592015397808,0.4053452818299034,0,0.0,,
PLS,pls_regressor,Interpretable models,severe,ood,projected,S_ALK,mol/m^3,1.5111565183721294,1.2292910633255776,0.8059751803930798,-0.45711100223574724,6.0242335758383945,0.9994461137332,0.00055907917456683,0.023644855139476537,0.015502566442525704,0,0.0,20.7873224840397,0.39983470435636365
PLS,pls_regressor,Interpretable models,severe,ood,raw,X_I,g COD/m^3,317.23593138474087,17.811118195799523,14.724828874495788,10.5406014414941,50.264704935145474,0.6322677443871485,0.3734821708194118,0.6111318767822636,0.5052356739449693,0,0.0,,
PLS,pls_regressor,Interpretable models,severe,ood,projected,X_I,g COD/m^3,336.55915143824603,18.34554854558037,15.156834772764585,11.62095532068527,54.284522772734434,0.6098687328219639,0.3962314165977903,0.6294691546039332,0.520058582450078,0,0.0,3.298462835350016,0.11317626220342507
PLS,pls_regressor,Interpretable models,severe,ood,raw,X_S,g COD/m^3,5096.321718768583,71.38852652050316,51.04953230927808,-44.11960290319305,243.07531961314032,0.2103910015472671,2.825086682814299,1.6807994177814018,1.201930175135413,295,16.873984208829036,,
PLS,pls_regressor,Interpretable models,severe,ood,projected,X_S,g COD/m^3,3822.352437774799,61.82517640714662,34.100898932951736,-26.571313269484403,243.07531961310139,0.4077760301102036,2.1188766260991825,1.455636158557207,0.802884915349332,0,0.0,17.54828963375672,0.41316380148295323
PLS,pls_regressor,Interpretable models,severe,ood,raw,X_H,g COD/m^3,2791.967521696619,52.83907192311972,43.006960039321335,-15.190238530942855,152.96413920507143,0.10768808411201525,1.3424937675976212,1.1586603331423844,0.9430608228529077,0,0.0,,
PLS,pls_regressor,Interpretable models,severe,ood,projected,X_H,g COD/m^3,2062.6219533713697,45.41609795404455,35.60703275283397,-2.8003578497456876,203.04161835400072,0.34078669158479646,0.9917941723148694,0.9958886344942739,0.7807944941129569,0,0.0,42.45014670265731,0.9308509655886478
PLS,pls_regressor,Interpretable models,severe,ood,raw,X_PAO,g COD/m^3,151.41322870840438,12.30500827746184,9.85476564022941,2.994766444756349,39.48324078665943,0.4668659230147413,0.49890494624372206,0.7063320368238454,0.5656832185829851,2,0.004394002898008438,,
PLS,pls_regressor,Interpretable models,severe,ood,projected,X_PAO,g COD/m^3,166.61846322756804,12.908077441182636,10.318311958596967,4.011592694392507,39.22983022809848,0.41332747898400013,0.549006029056082,0.7409494105916287,0.5922917025296767,0,0.0,2.0775493330595007,0.11925547865820929
PLS,pls_regressor,Interpretable models,severe,ood,raw,X_PP,g P/m^3,26.126383694330883,5.111397430676946,4.057594931254487,2.1856932122678328,16.823599306412696,-0.07525219099497771,0.9378085682698164,0.9684051674117691,0.768751785002608,17,0.032704918637310114,,
PLS,pls_regressor,Interpretable models,severe,ood,projected,X_PP,g P/m^3,21.160303752190895,4.6000330164240015,3.4661471161546356,1.8930137116456665,16.91667609685247,0.12913079598537902,0.7595507437297014,0.8715220844761775,0.6566961039163418,0,0.0,2.798145718957147,0.5301365840085628
PLS,pls_regressor,Interpretable models,severe,ood,raw,X_PHA,g COD/m^3,248.23893005777762,15.755599958674301,12.608350827492862,-6.823464296092663,69.47287557823346,-0.09464209522627764,1.1173331338261234,1.057039797654811,0.8458915333221826,250,4.234357923099158,,
PLS,pls_regressor,Interpretable models,severe,ood,projected,X_PHA,g COD/m^3,146.88116537544798,12.119454004840646,8.337536873461826,-2.5904712947774198,63.357692710700285,0.35230825165724133,0.6611178704757734,0.8130915511034249,0.5593635477404669,0,0.0,4.284965991145393,0.28747744269455167
PLS,pls_regressor,Interpretable models,severe,ood,raw,X_AOB,g COD/m^3,5.531415203541319,2.3518960868927263,1.9136451921748643,0.4386055750999147,6.701950490686945,0.4546029454888033,0.8274172751870895,0.9096247991271399,0.7401258640778008,4,0.0037773559669509755,,
PLS,pls_regressor,Interpretable models,severe,ood,projected,X_AOB,g COD/m^3,5.515104133607384,2.348425884205713,1.9008871953928164,0.47587241621266796,7.0157698338054235,0.4562112155554219,0.8249773822223593,0.908282655467096,0.7351915515778523,0,0.0,0.07091119641397545,0.02742577920572459
PLS,pls_regressor,Interpretable models,severe,ood,raw,X_NOB,g COD/m^3,4.499039870134594,2.1210940267075844,1.709365490488232,0.20654904018456102,6.074712209889481,0.16385001941776167,0.8878817155273266,0.9422747558580388,0.759368481519941,0,0.0,,
PLS,pls_regressor,Interpretable models,severe,ood,projected,X_NOB,g COD/m^3,4.407666085840705,2.099444232610313,1.689114923994105,0.21709973221558035,6.000849122425269,0.1808319067022537,0.8698491764312338,0.9326570518852221,0.7503723703815491,0,0.0,0.035347951173158296,0.015702972919814557
PLS,pls_regressor,Interpretable models,severe,ood,raw,X_MeP,g TSS/m^3,24.755057263080065,4.97544543363507,4.016183946070062,-1.0320018921139607,15.973650990836543,0.21486085448483228,0.7917287008676139,0.8897913805311973,0.7182403878219319,0,0.0,,
PLS,pls_regressor,Interpretable models,severe,ood,projected,X_MeP,g TSS/m^3,6.413037327255609,2.5323975452633043,1.985778684021924,-0.7102788398326703,12.709291834146416,0.7966021005821796,0.20510498754919307,0.4528851814193009,0.35512976280283926,0,0.0,3.9004311768721593,0.6975395646134938
PLS,pls_regressor,Interpretable models,severe,ood,raw,X_MeOH,g TSS/m^3,5.283047613356967,2.298488114686906,1.7555485530738308,0.40538329282084734,10.455766154072474,0.2811569285452553,0.9427111166080551,0.9709331164442044,0.7415832245611912,28,0.031465977106778294,,
PLS,pls_regressor,Interpretable models,severe,ood,projected,X_MeOH,g TSS/m^3,3.2184297605485606,1.7939982610216099,1.406763133449391,0.5031749481468647,9.003502428699434,0.5620811880466837,0.5742991044828812,0.7578252466650087,0.5942484124808656,0,0.0,0.7381923669408643,0.3118290718100359
Multi-task Elastic Net,multitask_elastic_net_regressor,Interpretable models,mild,ood,raw,S_O,g O2/m^3,0.6555055378797011,0.809632964916635,0.6811607909509486,-0.14308972160380887,2.469523873556636,0.8153974211655616,0.3482012437513138,0.5900857935515087,0.4964512603632073,94,0.1220834547356083,,
Multi-task Elastic Net,multitask_elastic_net_regressor,Interpretable models,mild,ood,projected,S_O,g O2/m^3,0.47748071183786084,0.690999791489014,0.5590778003632434,-0.021006671934521385,1.9423075909202967,0.8655325307638381,0.25363535183392744,0.5036222312745213,0.40747336358561626,0,0.0,0.12208586996764914,0.0889799953596311
Multi-task Elastic Net,multitask_elastic_net_regressor,Interpretable models,mild,ood,raw,S_F,g COD/m^3,37.24616484772252,6.102963611862889,1.7912534708019578,-0.8025606938018051,94.7802164377591,0.07066833243421333,3.0058866586531847,1.7337493067491576,0.508864981134462,131,0.18637417954698152,,
Multi-task Elastic Net,multitask_elastic_net_regressor,Interpretable models,mild,ood,projected,S_F,g COD/m^3,36.66487365375321,6.055152653216367,1.6048793991039134,-0.6161864837673138,94.7802155092896,0.08517216972434549,2.9589745684584337,1.720167017605684,0.45591924228482944,0,0.0,0.18637465177335208,0.05294590363927019
Multi-task Elastic Net,multitask_elastic_net_regressor,Interpretable models,mild,ood,raw,S_A,g COD/m^3,230.48903545446043,15.181865348318054,11.151827716608084,-5.5546666818709385,113.92316081755699,-0.09762530099205224,0.6015025318698459,0.7755659429538186,0.5696913771961408,332,6.470025398112886,,
Multi-task Elastic Net,multitask_elastic_net_regressor,Interpretable models,mild,ood,projected,S_A,g COD/m^3,115.52467369344997,10.74824049291092,4.681802615337154,0.9153587970895615,113.92316049365577,0.44985320241042404,0.301482383242379,0.5490741145258798,0.23916999504213662,0,0.0,6.47002620181641,0.33052143837539555
Multi-task Elastic Net,multitask_elastic_net_regressor,Interpretable models,mild,ood,raw,S_NH4,g N/m^3,102.12681467413151,10.105781250063327,8.254285203638085,-3.9170602274765036,28.630808923920192,0.5928658700639097,0.6629910207276016,0.8142426055713381,0.6650639396431721,221,3.496706289773453,,
Multi-task Elastic Net,multitask_elastic_net_regressor,Interpretable models,mild,ood,projected,S_NH4,g N/m^3,52.434052635768865,7.2411361426069645,4.863206941417779,-0.623003282935833,22.747737690186035,0.79096878261597,0.3403935214154746,0.583432533730743,0.391838116562024,0,0.0,3.7677069302371033,0.3035715331643679
Multi-task Elastic Net,multitask_elastic_net_regressor,Interpretable models,mild,ood,raw,S_NO2,g N/m^3,23.780123718442123,4.876486821313283,3.709646496906992,0.7964687632234317,29.017053674785807,0.18582229382850057,1.3366485801479655,1.156135191120816,0.8794964528453711,41,0.06782143985453316,,
Multi-task Elastic Net,multitask_elastic_net_regressor,Interpretable models,mild,ood,projected,S_NO2,g N/m^3,23.391940047031838,4.836521482122439,3.612328456929063,0.8364507314170911,29.007309813543504,0.19911282565685062,1.3148293011832903,1.1466600634814532,0.8564239387851182,0,0.0,0.10245791293365694,0.02429109379188116
Multi-task Elastic Net,multitask_elastic_net_regressor,Interpretable models,mild,ood,raw,S_NO3,g N/m^3,107.48064244223525,10.367287130307295,8.48105356444129,2.1911450688665326,28.50691558802135,0.6165478203982002,0.7559016561548955,0.8694260498483442,0.7112418906126938,45,0.4141041095539072,,
Multi-task Elastic Net,multitask_elastic_net_regressor,Interpretable models,mild,ood,projected,S_NO3,g N/m^3,74.14216934945055,8.610584727499669,6.5907207790918765,-0.1583601108313943,26.008809366676005,0.7354874720558908,0.521435184315045,0.7221046906889921,0.552713960807354,0,0.0,3.3244290135229644,0.27879474629182244
Multi-task Elastic Net,multitask_elastic_net_regressor,Interpretable models,mild,ood,raw,S_N2,g N/m^3,26.44540181499416,5.1425092916779604,3.8662358769646032,-0.24342187455371003,21.282579997943703,0.48711640532679357,0.7590447637447748,0.8712317508819194,0.6550085301472125,95,0.3934123519957278,,
Multi-task Elastic Net,multitask_elastic_net_regressor,Interpretable models,mild,ood,projected,S_N2,g N/m^3,23.36847847036168,4.834095413866144,3.3839633250800953,0.045241454523962756,21.26447975143701,0.5467904279250908,0.6707298812738594,0.8189810017783437,0.573303056039351,0,0.0,0.517051378417674,0.08759762057090122
Multi-task Elastic Net,multitask_elastic_net_regressor,Interpretable models,mild,ood,raw,S_PO4,g P/m^3,14.925627261187037,3.8633699358444873,3.041672753413882,-1.5675842942384492,13.392590553987262,0.6026372156525353,0.3673483818813029,0.6060927172316979,0.4771833230211398,88,0.4264429157939379,,
Multi-task Elastic Net,multitask_elastic_net_regressor,Interpretable models,mild,ood,projected,S_PO4,g P/m^3,12.017188460544041,3.466581667946688,2.5745542166903834,-1.0622562048898954,12.801692044093766,0.6800681550498379,0.29576611143325804,0.5438438300038514,0.4039008913892971,0,0.0,0.5194920922418389,0.08149889319320679
Multi-task Elastic Net,multitask_elastic_net_regressor,Interpretable models,mild,ood,raw,S_I,g COD/m^3,0.002867594902814699,0.053549929064516034,0.04633782182653395,0.00018767481499978978,0.09593480403381704,0.9999946240913199,5.376730988625806e-06,0.002318777908430604,0.0020064847788446166,0,0.0,,
Multi-task Elastic Net,multitask_elastic_net_regressor,Interpretable models,mild,ood,projected,S_I,g COD/m^3,2.1999577823977983e-23,4.690370755492361e-12,4.528972752382288e-12,4.528972752382288e-12,8.022027486731531e-12,1.0,4.124913588971845e-26,2.0309883281229966e-13,1.9611010041593053e-13,0,0.0,0.04633782182643087,0.002006484778840153
Multi-task Elastic Net,multitask_elastic_net_regressor,Interpretable models,mild,ood,raw,S_ALK,mol/m^3,2.0931173124532183,1.446760972812447,1.1748011779025178,-0.5400585266723251,4.432498927378788,0.9992229064132259,0.0007743858992041981,0.027827790052467303,0.022596766947970918,0,0.0,,
Multi-task Elastic Net,multitask_elastic_net_regressor,Interpretable models,mild,ood,projected,S_ALK,mol/m^3,1.0252213359085756,1.012532140679285,0.7497508904528397,-0.12720160801010733,2.9306592130140814,0.9996193749292415,0.0003792988292473626,0.01947559573536488,0.014421117768067386,0,0.0,0.5682010101469388,0.010929088298000862
Multi-task Elastic Net,multitask_elastic_net_regressor,Interpretable models,mild,ood,raw,X_I,g COD/m^3,1.9761882499412893,1.4057696290435675,1.0854578820775138,0.31781937330627696,4.949137743445263,0.9976565807850892,0.0023265683502943467,0.04823451409825071,0.03724403517790222,0,0.0,,
Multi-task Elastic Net,multitask_elastic_net_regressor,Interpretable models,mild,ood,projected,X_I,g COD/m^3,4.07641272333444,2.019012809106084,1.345199210315084,-0.438517820818485,13.11843519182949,0.9951660759525047,0.0047991646671964846,0.06927600354521386,0.04615623280967021,0,0.0,0.7640217933066693,0.026214978044229183
Multi-task Elastic Net,multitask_elastic_net_regressor,Interpretable models,mild,ood,raw,X_S,g COD/m^3,1529.5612753424891,39.10960592159539,29.467995646834364,-16.337696646199984,134.69769016808084,0.5034144075105074,0.8478945066605085,0.9208118736530869,0.6938060265490823,208,10.467565966304711,,
Multi-task Elastic Net,multitask_elastic_net_regressor,Interpretable models,mild,ood,projected,X_S,g COD/m^3,911.1823275818272,30.18579678560477,19.000429677056577,-5.870130676421133,134.6976901680327,0.7041766006354597,0.5051033277171422,0.7107062175872265,0.44735355519098724,0,0.0,10.467565969780289,0.24645247135815404
Multi-task Elastic Net,multitask_elastic_net_regressor,Interpretable models,mild,ood,raw,X_H,g COD/m^3,796.7565218788761,28.226875878830022,22.31384732040303,14.263001033815856,97.04253718148186,0.6981438788076555,0.3831135772901654,0.6189616929101229,0.4893002247950913,0,0.0,,
Multi-task Elastic Net,multitask_elastic_net_regressor,Interpretable models,mild,ood,projected,X_H,g COD/m^3,853.5641500791082,29.21582020206019,22.364766823980744,-2.778600086321722,102.07600974481448,0.6766219585826138,0.4104290407467283,0.6406473606803733,0.49041679264595445,0,0.0,17.186432856805357,0.3768657793302816
Multi-task Elastic Net,multitask_elastic_net_regressor,Interpretable models,mild,ood,raw,X_PAO,g COD/m^3,16.920388226395488,4.113439950503166,2.9759495283548745,1.3463061687504132,16.755334488971357,0.9419780482697128,0.05575249567374283,0.2361196638862228,0.1708254431407374,0,0.0,,
Multi-task Elastic Net,multitask_elastic_net_regressor,Interpretable models,mild,ood,projected,X_PAO,g COD/m^3,14.611276279262706,3.8224699186864384,2.840860463120194,0.7638530541682192,15.341881374577781,0.9498962579551952,0.04814399685443805,0.2194174032624533,0.16307106114860084,0,0.0,0.5872241918054073,0.03370784075211575
Multi-task Elastic Net,multitask_elastic_net_regressor,Interpretable models,mild,ood,raw,X_PP,g P/m^3,13.027876315572136,3.609414954749888,2.8424139708442326,1.3251351627146872,12.558653644210274,0.4438023441555624,0.46763663039037584,0.6838396232965561,0.5385236453672531,11,0.01690198295216726,,
Multi-task Elastic Net,multitask_elastic_net_regressor,Interpretable models,mild,ood,projected,X_PP,g P/m^3,12.531244643034267,3.5399498079823486,2.668715641406621,1.1927974244118404,14.259645221548567,0.4650049842016224,0.4498099980010933,0.6706787591694651,0.5056147663220372,0,0.0,0.5117658427667019,0.09695913756690153
Multi-task Elastic Net,multitask_elastic_net_regressor,Interpretable models,mild,ood,raw,X_PHA,g COD/m^3,129.80087335228225,11.39301862336239,8.587989570070643,-4.644056910572831,56.41739990580436,0.35652565060199604,0.5842388079996854,0.7643551582868303,0.576166365052399,201,2.772193860455424,,
Multi-task Elastic Net,multitask_elastic_net_regressor,Interpretable models,mild,ood,projected,X_PHA,g COD/m^3,85.12842442092852,9.226506620651639,5.815795706265191,-1.871863046767264,56.41739990580362,0.5779846767990103,0.38316636803815557,0.6190043360414816,0.39018047758744545,0,0.0,2.772193863805642,0.18598588746496614
Multi-task Elastic Net,multitask_elastic_net_regressor,Interpretable models,mild,ood,raw,X_AOB,g COD/m^3,1.8229836583760544,1.3501791208488059,1.1091341566977486,0.45290247775280135,3.6969370872752885,0.7859261147562003,0.2726911858575397,0.5221984161767821,0.42897130537096584,1,0.0015663359552728522,,
Multi-task Elastic Net,multitask_elastic_net_regressor,Interpretable models,mild,ood,projected,X_AOB,g COD/m^3,1.7731094122283355,1.3315815454670192,1.0954490810540674,0.438510103835666,3.5837094864815127,0.7917828724936553,0.2652307419510444,0.51500557467958,0.423678433694875,0,0.0,0.01770007205976359,0.006845721025527912
Multi-task Elastic Net,multitask_elastic_net_regressor,Interpretable models,mild,ood,raw,X_NOB,g COD/m^3,0.7310425208888673,0.8550102460724476,0.691325351436668,0.27960284721957235,2.9935054010592683,0.8712559979214238,0.14427062357880618,0.3798297297195234,0.3071143563374261,0,0.0,,
Multi-task Elastic Net,multitask_elastic_net_regressor,Interpretable models,mild,ood,projected,X_NOB,g COD/m^3,0.7073607137315377,0.8410473908951491,0.6835038356611798,0.26825927389552334,2.8582709415020933,0.8754266043400225,0.13959703895351414,0.37362687129476396,0.3036397263705369,0,0.0,0.011436183816728028,0.0050804100045399115
Multi-task Elastic Net,multitask_elastic_net_regressor,Interpretable models,mild,ood,raw,X_MeP,g TSS/m^3,5.491109339722194,2.3433116181426223,1.826421589415531,-0.424649700656899,10.752730118614984,0.8259565975977734,0.17561942263588018,0.41906971095019524,0.32663089348579244,6,0.019921524705426533,,
Multi-task Elastic Net,multitask_elastic_net_regressor,Interpretable models,mild,ood,projected,X_MeP,g TSS/m^3,5.010838245484782,2.2384901709600564,1.7164171971863986,-0.486982897728498,10.185426553724984,0.8411790253705826,0.16025915077450367,0.4003238074040859,0.3069580900490672,0,0.0,0.12187294180599587,0.02179533362095939
Multi-task Elastic Net,multitask_elastic_net_regressor,Interpretable models,mild,ood,raw,X_MeOH,g TSS/m^3,2.7595755302734117,1.6611970172960857,1.2936021700777518,0.3008600777104393,7.648837689138327,0.6055090535272525,0.4924207994891178,0.7017270120845555,0.5464466744060875,42,0.048731129569301965,,
Multi-task Elastic Net,multitask_elastic_net_regressor,Interpretable models,mild,ood,projected,X_MeOH,g TSS/m^3,2.514725879732066,1.5857887248092244,1.215942367619546,0.34498788443753586,7.215548585272721,0.6405111650208295,0.4487296378044601,0.669872851968536,0.5136414257988053,0,0.0,0.08168253521584022,0.03450454147202863
Multi-task Elastic Net,multitask_elastic_net_regressor,Interpretable models,severe,ood,raw,S_O,g O2/m^3,0.8603430504744385,0.9275467915282972,0.7448888260392104,-0.20161383923258308,3.256799823879841,0.8073737774694686,0.4570098998659819,0.6760250734003747,0.54289824286769,132,0.22300110524612402,,
Multi-task Elastic Net,multitask_elastic_net_regressor,Interpretable models,severe,ood,projected,S_O,g O2/m^3,0.46373179198798853,0.680978554719595,0.5218888814073864,0.021386098374212174,2.113002122145047,0.8961729239183128,0.24633199478305032,0.4963184409056854,0.38036891786230115,0,0.0,0.22300473910641538,0.1625328193682255
Multi-task Elastic Net,multitask_elastic_net_regressor,Interpretable models,severe,ood,raw,S_F,g COD/m^3,152.28777419712725,12.340493272034438,3.383541332688944,-2.341446721534369,131.27841881705,0.029967609031925302,12.290118743946975,3.50572656434397,0.9612071794929079,187,0.448819800548556,,
Multi-task Elastic Net,multitask_elastic_net_regressor,Interpretable models,severe,ood,projected,S_F,g COD/m^3,150.53360715893672,12.269213795469403,2.934721629205537,-1.8926267896761972,131.27841841369636,0.0411411838982223,12.148551757957854,3.4854772640139045,0.833705051140516,0,0.0,0.4488205112413233,0.12750235782282898
Multi-task Elastic Net,multitask_elastic_net_regressor,Interpretable models,severe,ood,raw,S_A,g COD/m^3,349.67174721296107,18.699511951197042,14.785277971153139,-9.187992560682527,72.3481055556452,-0.5241704128578635,0.9125312223951977,0.955265001135914,0.7553062676057849,363,9.908717841663957,,
Multi-task Elastic Net,multitask_elastic_net_regressor,Interpretable models,severe,ood,projected,S_A,g COD/m^3,114.00890086828501,10.677495065242832,4.8765600911171445,0.7207251652006718,72.34810901037865,0.5030510903700366,0.2975267018353285,0.5454600827148843,0.24911918520323545,0,0.0,9.908718308259731,0.5061871042783689
Multi-task Elastic Net,multitask_elastic_net_regressor,Interpretable models,severe,ood,raw,S_NH4,g N/m^3,206.2939504041447,14.362936691503752,11.949625079584111,-8.00406899382879,38.01651493180416,0.5301749836158427,1.3392274808999494,1.1572499647439827,0.9628047173829539,261,5.809780533256379,,
Multi-task Elastic Net,multitask_elastic_net_regressor,Interpretable models,severe,ood,projected,S_NH4,g N/m^3,96.43829820227393,9.820300311206065,6.266169884157524,-2.492598542764649,33.66477663804332,0.7803661961769613,0.6260620774903469,0.7912408467024101,0.5048775910716552,0,0.0,6.172926276708493,0.49736477083505104
Multi-task Elastic Net,multitask_elastic_net_regressor,Interpretable models,severe,ood,raw,S_NO2,g N/m^3,35.75508842046414,5.979555871506189,4.364040413247968,1.2267524857828513,25.01147701217111,0.17476359047256007,2.0097451441438205,1.4176548042961024,1.034642537159698,65,0.11184442038006698,,
Multi-task Elastic Net,multitask_elastic_net_regressor,Interpretable models,severe,ood,projected,S_NO2,g N/m^3,35.07561072035056,5.922466607786874,4.207509723797387,1.29384725124703,25.00798465406914,0.19044610623092584,1.9715526219411428,1.4041198744911856,0.9975316732949033,0,0.0,0.16616494830907066,0.039394988915227115
Multi-task Elastic Net,multitask_elastic_net_regressor,Interpretable models,severe,ood,raw,S_NO3,g N/m^3,176.09175122230008,13.269956715163017,10.812389807025294,4.765588488365655,37.755056263072845,0.5090112299225639,1.238437390767277,1.1128510191248768,0.9067534487263557,60,0.6622532281018042,,
Multi-task Elastic Net,multitask_elastic_net_regressor,Interpretable models,severe,ood,projected,S_NO3,g N/m^3,100.10032254623123,10.005014869865573,7.348496187568972,0.44156957132688396,34.87863925008061,0.7208947386224605,0.7039965325384204,0.8390450122242671,0.6162628595485166,0,0.0,5.781054363115802,0.4848133552883786
Multi-task Elastic Net,multitask_elastic_net_regressor,Interpretable models,severe,ood,raw,S_N2,g N/m^3,34.46834354831621,5.870974667660917,4.655258123407667,-0.20417389790755566,24.060272726827765,0.352723930282154,0.9893219194904181,0.9946466304625066,0.7886828113713258,145,0.8696131289013981,,
Multi-task Elastic Net,multitask_elastic_net_regressor,Interpretable models,severe,ood,projected,S_N2,g N/m^3,26.658894214081627,5.16322517561278,3.6603607814533445,0.48967346894828895,24.058579481200002,0.4993764569589383,0.7651724939551273,0.8747413868996524,0.6201296588118667,0,0.0,1.062483051668502,0.18000336351078816
Multi-task Elastic Net,multitask_elastic_net_regressor,Interpretable models,severe,ood,raw,S_PO4,g P/m^3,25.389189908361537,5.038768689706002,4.000589251392168,-2.9376614048268213,16.934015090860427,0.35637814522418154,0.6248767751534997,0.7904914769644893,0.627619940665658,144,0.8491966225104208,,
Multi-task Elastic Net,multitask_elastic_net_regressor,Interpretable models,severe,ood,projected,S_PO4,g P/m^3,17.306860559996682,4.160151506856052,3.081907337355544,-1.9947634584456644,15.019916034634571,0.5612670694033037,0.42595511136022407,0.6526523663944107,0.48349539996765106,0,0.0,0.9855506079998945,0.15461502674903366
Multi-task Elastic Net,multitask_elastic_net_regressor,Interpretable models,severe,ood,raw,S_I,g COD/m^3,0.002834186466399028,0.053237077928817884,0.04600193395845894,0.0002789496051264173,0.09971454203616759,0.999994686822554,5.314090280490442e-06,0.002305231068784742,0.001991940420302819,0,0.0,,
Multi-task Elastic Net,multitask_elastic_net_regressor,Interpretable models,severe,ood,projected,S_I,g COD/m^3,2.5935369715241293e-23,5.092678049439341e-12,4.920822268180321e-12,4.920822268180321e-12,9.400480394106125e-12,1.0,4.8628732709954893e-26,2.2051923433105534e-13,2.1307766725559955e-13,0,0.0,0.04600193395842379,0.001991940420301296
Multi-task Elastic Net,multitask_elastic_net_regressor,Interpretable models,severe,ood,raw,S_ALK,mol/m^3,4.318063045126082,2.0779949579164243,1.7192047326292543,-1.0892413767088718,6.2476829248518015,0.9984172944425053,0.0015975440622108539,0.03996928898805749,0.03306812200208354,0,0.0,,
Multi-task Elastic Net,multitask_elastic_net_regressor,Interpretable models,severe,ood,projected,S_ALK,mol/m^3,1.816540677763364,1.34779103638634,0.9427782883985856,-0.36634830585803707,4.650421981826128,0.9993341808593192,0.0006720614644107419,0.025924148287084416,0.018133912075731243,0,0.0,0.9203236911562226,0.017702008098836923
Multi-task Elastic Net,multitask_elastic_net_regressor,Interpretable models,severe,ood,raw,X_I,g COD/m^3,4.155429519638391,2.038487066340719,1.541770804584589,0.8158701117387801,6.494099118769256,0.9951831261243745,0.0048921912184007495,0.06994420074888803,0.05290096191692723,0,0.0,,
Multi-task Elastic Net,multitask_elastic_net_regressor,Interpretable models,severe,ood,projected,X_I,g COD/m^3,4.955906725898808,2.2261865882937144,1.6001913895835047,-0.23239062472636712,10.112348077475701,0.9942552322148167,0.005834593812522465,0.07638451291016042,0.054905478498122294,0,0.0,1.0601116475005035,0.03637435974617864
Multi-task Elastic Net,multitask_elastic_net_regressor,Interpretable models,severe,ood,raw,X_S,g COD/m^3,3641.560793789629,60.34534608227571,45.41180409955505,-32.01614545207041,189.95120805733015,0.43578735216038345,2.0186568805706324,1.4207944540188184,1.0691932949339324,248,18.513853237650554,,
Multi-task Elastic Net,multitask_elastic_net_regressor,Interpretable models,severe,ood,projected,X_S,g COD/m^3,2187.947920995688,46.77550556643603,26.897950857823634,-13.502292210339538,189.95120805711366,0.6610058269669861,1.2128634877057356,1.1013008161740985,0.6332958858361948,0,0.0,18.5138532418467,0.4358974091004524
Multi-task Elastic Net,multitask_elastic_net_regressor,Interpretable models,severe,ood,raw,X_H,g COD/m^3,1730.5184536910251,41.599500642327726,33.51342163589046,26.795683464882163,126.98362143302295,0.44692686254666847,0.8321050373039829,0.912197915643301,0.7348855849300352,0,0.0,,
Multi-task Elastic Net,multitask_elastic_net_regressor,Interpretable models,severe,ood,projected,X_H,g COD/m^3,1245.335023721411,35.28930466474809,28.250326010403622,0.5779361726080282,110.24905670430647,0.6019913296613163,0.5988087235703515,0.7738273215455445,0.6194759096870724,0,0.0,26.36802549838108,0.5782006401004418
Multi-task Elastic Net,multitask_elastic_net_regressor,Interpretable models,severe,ood,raw,X_PAO,g COD/m^3,30.595900889170927,5.531356152804746,4.040102786152666,2.6242137241956422,20.31894238862457,0.8922701964734261,0.1008131615619052,0.31751088416289797,0.2319099642661541,0,0.0,,
Multi-task Elastic Net,multitask_elastic_net_regressor,Interpretable models,severe,ood,projected,X_PAO,g COD/m^3,25.088505086795855,5.008842689364067,3.718039466707399,1.8345353799298538,22.1717730256728,0.9116620316699815,0.08266635213075325,0.2875175683862697,0.2134228868680276,0,0.0,0.7941477005627946,0.04558566318926489
Multi-task Elastic Net,multitask_elastic_net_regressor,Interpretable models,severe,ood,raw,X_PP,g P/m^3,21.37771976758672,4.623604629246182,3.69431857137867,2.4768589167378288,15.77957981809405,0.12018286619735852,0.767354908458459,0.8759879613661703,0.6999254593502733,15,0.04224012726033419,,
Multi-task Elastic Net,multitask_elastic_net_regressor,Interpretable models,severe,ood,projected,X_PP,g P/m^3,18.39307152180731,4.2887144369621195,3.2270512942143044,2.101472171442136,14.7600574408119,0.24301844892364277,0.6602207282783387,0.8125396779716906,0.6113970183700012,0,0.0,0.9061051376145908,0.17167064572556825
Multi-task Elastic Net,multitask_elastic_net_regressor,Interpretable models,severe,ood,raw,X_PHA,g COD/m^3,236.38134224438366,15.374698118804924,12.097187577302314,-9.292775130363614,65.91059504486815,-0.042354507758179505,1.063961667279461,1.0314851755015488,0.8115977012899396,276,5.2633888172001315,,
Multi-task Elastic Net,multitask_elastic_net_regressor,Interpretable models,severe,ood,projected,X_PHA,g COD/m^3,114.75639593723541,10.712441175438743,6.833798755502194,-4.029386308563326,63.35769271070029,0.49396663263044893,0.5165230267037454,0.7186953643260442,0.4584780822486393,0,0.0,5.26338882180048,0.3531196190413242
Multi-task Elastic Net,multitask_elastic_net_regressor,Interpretable models,severe,ood,raw,X_AOB,g COD/m^3,3.518442382843419,1.8757511516305725,1.563136604137817,0.9334564160527481,5.210962761079602,0.6530818892710116,0.5263065422120641,0.7254698768467676,0.6045623475761982,3,0.0022780822028773237,,
Multi-task Elastic Net,multitask_elastic_net_regressor,Interpretable models,severe,ood,projected,X_AOB,g COD/m^3,3.4268921648362736,1.8511866909731913,1.543303128818399,0.9127418520874393,5.21082956882444,0.6621087327466177,0.5126119940469291,0.7159692689263479,0.5968915065454392,0,0.0,0.025483779923946646,0.009856165977530924
Multi-task Elastic Net,multitask_elastic_net_regressor,Interpretable models,severe,ood,raw,X_NOB,g COD/m^3,1.2592460876826514,1.1221613465463207,0.9174140436951416,0.5783846968917744,3.6385914509029105,0.7659681571720303,0.248511151017939,0.498508927721399,0.4075519911700502,0,0.0,,
Multi-task Elastic Net,multitask_elastic_net_regressor,Interpretable models,severe,ood,projected,X_NOB,g COD/m^3,1.2174474942007667,1.1033800316304292,0.9050537040550803,0.5627303622248545,3.541892859933559,0.773736457551017,0.2402622339248316,0.49016551686632504,0.4020610342063273,0,0.0,0.015746490112135463,0.006995220362326246
Multi-task Elastic Net,multitask_elastic_net_regressor,Interpretable models,severe,ood,raw,X_MeP,g TSS/m^3,6.840105432644138,2.6153595226362545,2.0879254984950406,-0.8059070611085247,10.067883311797033,0.7830570748616529,0.21876369464358272,0.4677218133074218,0.37339734432478044,10,0.01934193152831456,,
Multi-task Elastic Net,multitask_elastic_net_regressor,Interpretable models,severe,ood,projected,X_MeP,g TSS/m^3,6.36710171216305,2.5233116557736284,1.9692211951821326,-0.8870397318372252,9.78559313083551,0.7980590089302073,0.2036358515874263,0.4512602925002668,0.352168679006544,0,0.0,0.14069376491968824,0.02516118425773961
Multi-task Elastic Net,multitask_elastic_net_regressor,Interpretable models,severe,ood,raw,X_MeOH,g TSS/m^3,3.4371732575847425,1.8539615038033401,1.4794244340029885,0.5709481903127814,7.160003339052223,0.5323176389026839,0.6133318638735729,0.7831550701320734,0.6249421813720758,43,0.05708671124733436,,
Multi-task Elastic Net,multitask_elastic_net_regressor,Interpretable models,severe,ood,projected,X_MeOH,g TSS/m^3,3.195376635619983,1.7875616452642922,1.395033495564782,0.6283957032628377,6.932299035181639,0.5652179341718542,0.5701854869777543,0.7551062752869654,0.5892935494153168,0,0.0,0.09657370150850944,0.040794905300166016
Multi-task Lasso,multitask_lasso_regressor,Interpretable models,mild,ood,raw,S_O,g O2/m^3,0.6554611781146622,0.8096055694686531,0.6811124501281112,-0.14297931415282528,2.4702722126770316,0.815409913702313,0.34817768006730737,0.5900658268933284,0.4964160280616076,94,0.12215436490440602,,
Multi-task Lasso,multitask_lasso_regressor,Interpretable models,mild,ood,projected,S_O,g O2/m^3,0.4772823752031392,0.6908562623318538,0.5589589950825453,-0.020825859462889906,1.942633339882462,0.8655883860573957,0.2535299964114318,0.503517622741679,0.4073867745861847,0,0.0,0.12215704989337416,0.08903187351278995
Multi-task Lasso,multitask_lasso_regressor,Interpretable models,mild,ood,raw,S_F,g COD/m^3,37.24630913678011,6.1029754330801715,1.7915399222469455,-0.8026935908612649,94.77924403677373,0.07066473226783243,3.00589830324948,1.7337526649581478,0.5089463571717038,131,0.18653113763351825,,
Multi-task Lasso,multitask_lasso_regressor,Interpretable models,mild,ood,projected,S_F,g COD/m^3,36.6644137781146,6.05511467918772,1.605008863849057,-0.6161624256297453,94.77924594005438,0.08518364411361068,2.9589374549985012,1.7201562298228905,0.4559560210412529,0,0.0,0.18653156332810678,0.052990479572632795
Multi-task Lasso,multitask_lasso_regressor,Interpretable models,mild,ood,raw,S_A,g COD/m^3,230.54874666845046,15.183831751848755,11.154027927415537,-5.556270694187936,113.9186475992542,-0.09790965525254514,0.6016583590063741,0.7756663967237295,0.5698037750161998,332,6.472154456478577,,
Multi-task Lasso,multitask_lasso_regressor,Interpretable models,mild,ood,projected,S_A,g COD/m^3,115.51668807843234,10.747869001733894,4.681873291466912,0.9158838735978092,113.91864720545445,0.44989123117422214,0.30146154334584274,0.5490551368904973,0.23917360553386227,0,0.0,6.472155203034351,0.33063019845192493
Multi-task Lasso,multitask_lasso_regressor,Interpretable models,mild,ood,raw,S_NH4,g N/m^3,102.14871141208407,10.106864568800953,8.255098474144237,-3.917560829263339,28.639273254311476,0.5927785775209746,0.6631331708640971,0.8143298906856465,0.6651294664420982,221,3.4981955887349705,,
Multi-task Lasso,multitask_lasso_regressor,Interpretable models,mild,ood,projected,S_NH4,g N/m^3,52.43520116306514,7.241215447911016,4.8631810815144565,-0.6231925505552359,22.74814847581063,0.7909642039491138,0.34040097747181913,0.5834389235145518,0.3918360329789204,0,0.0,3.7685588168378157,0.30364017133773136
Multi-task Lasso,multitask_lasso_regressor,Interpretable models,mild,ood,raw,S_NO2,g N/m^3,23.780766238583148,4.876552700277435,3.7097889708917484,0.7967345829814722,29.014883024690143,0.1858002953906127,1.3366846953357745,1.156150809944695,0.8795302310946788,41,0.06788552951555833,,
Multi-task Lasso,multitask_lasso_regressor,Interpretable models,mild,ood,projected,S_NO2,g N/m^3,23.392445093285218,4.836573693565024,3.6123881578888435,0.8366819845503924,29.00587097643812,0.1990955340142606,1.3148576891498744,1.146672441959723,0.8564380929053027,0,0.0,0.10245284427625691,0.024289892096191902
Multi-task Lasso,multitask_lasso_regressor,Interpretable models,mild,ood,raw,S_NO3,g N/m^3,107.48487551266105,10.367491283462025,8.48115031948083,2.1929383023353135,28.513739491697166,0.6165327183291738,0.7559314269570861,0.869443170631115,0.7112500047269047,45,0.4143688330350838,,
Multi-task Lasso,multitask_lasso_regressor,Interpretable models,mild,ood,projected,S_NO3,g N/m^3,74.1383306421277,8.610361818305181,6.590448793296071,-0.15849530104540915,26.009294490950282,0.7355011671795555,0.5214081870329587,0.7220859969788631,0.5526911514134316,0,0.0,3.3247766100596743,0.2788238965873679
Multi-task Lasso,multitask_lasso_regressor,Interpretable models,mild,ood,raw,S_N2,g N/m^3,26.446752187122428,5.142640585061572,3.8665070011283538,-0.24348440177137812,21.28010757566606,0.48709021613458026,0.7590835225770375,0.8712539942961739,0.655054463361232,95,0.39373750315024725,,
Multi-task Lasso,multitask_lasso_regressor,Interpretable models,mild,ood,projected,S_N2,g N/m^3,23.368160398333192,4.834062514938465,3.3839066607761894,0.04516729326731548,21.263320167021746,0.5467965966317143,0.6707207518641645,0.8189754281198945,0.5732934561071187,0,0.0,0.5172063707056108,0.08762387899742675
Multi-task Lasso,multitask_lasso_regressor,Interpretable models,mild,ood,raw,S_PO4,g P/m^3,14.929147442543975,3.8638254932830463,3.0421052600480483,-1.5681238662953745,13.391952094559302,0.6025434983808304,0.3674350203121555,0.6061641859365791,0.47725117547262014,88,0.4268265797542443,,
Multi-task Lasso,multitask_lasso_regressor,Interpretable models,mild,ood,projected,S_PO4,g P/m^3,12.01829740376922,3.466741611913011,2.5746725981770586,-1.062552699553237,12.801535802040771,0.6800386318170832,0.2957934046580075,0.5438689223130951,0.40391946329882705,0,0.0,0.519599297573879,0.08151571176664833
Multi-task Lasso,multitask_lasso_regressor,Interpretable models,mild,ood,raw,S_I,g COD/m^3,0.0023419493993741525,0.048393691731197286,0.04187600432618144,0.00016961443188941475,0.0867020668228804,0.9999956095241723,4.39114740267143e-06,0.002095506478794907,0.001813282583584903,0,0.0,,
Multi-task Lasso,multitask_lasso_regressor,Interpretable models,mild,ood,projected,S_I,g COD/m^3,2.1999625891902472e-23,4.690375879596695e-12,4.528984594761217e-12,4.528984594761217e-12,8.022027486731531e-12,1.0,4.1249226016918394e-26,2.0309905469233083e-13,1.9611061320552938e-13,0,0.0,0.04187600432607835,0.0018132825835804392
Multi-task Lasso,multitask_lasso_regressor,Interpretable models,mild,ood,raw,S_ALK,mol/m^3,2.0939843810340273,1.447060600332283,1.1751695830702298,-0.5406067102640425,4.417688984777072,0.9992225845041626,0.0007747066866147399,0.027833553251691383,0.022603853054006386,0,0.0,,
Multi-task Lasso,multitask_lasso_regressor,Interpretable models,mild,ood,projected,S_ALK,mol/m^3,1.025206051692587,1.0125245931297604,0.7497390471675993,-0.1272315531068497,2.9305904013398845,0.9996193806036803,0.0003792931745803873,0.0194754505616786,0.014420889967856159,0,0.0,0.5626340279572285,0.010822009924646672
Multi-task Lasso,multitask_lasso_regressor,Interpretable models,mild,ood,raw,X_I,g COD/m^3,1.9738528100040071,1.4049387210850184,1.0846904817008889,0.3184702443533586,4.948384630732221,0.9976593502149876,0.002323818834582847,0.04820600413416203,0.037217704274516226,0,0.0,,
Multi-task Lasso,multitask_lasso_regressor,Interpretable models,mild,ood,projected,X_I,g COD/m^3,4.067571504775336,2.0168221301779035,1.3435588269811476,-0.4379387299016388,13.10931389354873,0.9951765601163769,0.004788755891980735,0.06920083736473667,0.046099948272422725,0,0.0,0.7637284610716418,0.026204913281458967
Multi-task Lasso,multitask_lasso_regressor,Interpretable models,mild,ood,raw,X_S,g COD/m^3,1529.802508993585,39.11268987162076,29.47263537931395,-16.33945312967163,134.6756334049705,0.5033360888726803,0.848028231729836,0.920884483379884,0.6939152662270873,208,10.472406560563119,,
Multi-task Lasso,multitask_lasso_regressor,Interpretable models,mild,ood,projected,X_S,g COD/m^3,910.9867985599523,30.18255785316997,19.000228815330964,-5.867046565687851,134.67563340492228,0.7042400808612879,0.5049949384775523,0.7106299588939045,0.4473488260238798,0,0.0,10.472406564080499,0.24656644020550336
Multi-task Lasso,multitask_lasso_regressor,Interpretable models,mild,ood,raw,X_H,g COD/m^3,796.9415549217632,28.23015329256579,22.315667825396456,14.270473798996788,97.04128959103511,0.698073777898426,0.38320254885052385,0.6190335603588256,0.48934014500650674,0,0.0,,
Multi-task Lasso,multitask_lasso_regressor,Interpretable models,mild,ood,projected,X_H,g COD/m^3,853.3409762544239,29.212000552074894,22.36205111217463,-2.7768240360953738,102.0726969482337,0.676706509362207,0.41032172951677975,0.6405636030221977,0.4903572422520608,0,0.0,17.182307642262387,0.3767753212226223
Multi-task Lasso,multitask_lasso_regressor,Interpretable models,mild,ood,raw,X_PAO,g COD/m^3,16.924282809709656,4.113913320636406,2.9758318126308025,1.3466394297147808,16.761531978102624,0.941964693296881,0.055765328283519225,0.23614683627675223,0.17081868602320646,0,0.0,,
Multi-task Lasso,multitask_lasso_regressor,Interpretable models,mild,ood,projected,X_PAO,g COD/m^3,14.610747523080132,3.822400753856159,2.8404645640406936,0.7639283252917305,15.337657275277081,0.9498980711207853,0.048142254608551815,0.21941343306313726,0.16304833575119398,0,0.0,0.5871107094857173,0.033701326640446526
Multi-task Lasso,multitask_lasso_regressor,Interpretable models,mild,ood,raw,X_PP,g P/m^3,13.031093416573288,3.6098605813207367,2.842728447145321,1.3255130358560705,12.559845266606516,0.44366499682495286,0.467752108480232,0.6839240516901215,0.5385832260355796,11,0.01694156470262687,,
Multi-task Lasso,multitask_lasso_regressor,Interpretable models,mild,ood,projected,X_PP,g P/m^3,12.532683479372933,3.540153030502062,2.6688352878051544,1.1931084480141172,14.259468780458487,0.46494355612391236,0.44986164514302174,0.6707172617005035,0.5056374345242605,0,0.0,0.5114503955033995,0.09689937294010993
Multi-task Lasso,multitask_lasso_regressor,Interpretable models,mild,ood,raw,X_PHA,g COD/m^3,129.8397508797165,11.394724695213855,8.589638658739041,-4.645705231836611,56.4166557811571,0.3563329192972995,0.5844137972713255,0.7644696182787943,0.5762770020549205,201,2.7739825192952527,,
Multi-task Lasso,multitask_lasso_regressor,Interpretable models,mild,ood,projected,X_PHA,g COD/m^3,85.12453866356252,9.226296042484357,5.815656136093758,-1.8717227091912159,56.416655781156365,0.5780039400376037,0.38314887809226333,0.6189902083977284,0.3901711138547944,0,0.0,2.7739825226454697,0.18610588820013865
Multi-task Lasso,multitask_lasso_regressor,Interpretable models,mild,ood,raw,X_AOB,g COD/m^3,1.8231361529945294,1.3502355916633695,1.1091579550883583,0.45316013580902154,3.6976275135450622,0.7859082072366756,0.27271399677971003,0.522220256960327,0.4289805096918534,1,0.0015688356578665585,,
Multi-task Lasso,multitask_lasso_regressor,Interpretable models,mild,ood,projected,X_AOB,g COD/m^3,1.7732344168529441,1.3316284830435794,1.0954692408520657,0.43876148766346146,3.584390324473273,0.7917681931378967,0.26524944077983836,0.5150237283658282,0.42368623074522377,0,0.0,0.017698248428062426,0.006845015713490913
Multi-task Lasso,multitask_lasso_regressor,Interpretable models,mild,ood,raw,X_NOB,g COD/m^3,0.73113254548765,0.8550628897851024,0.6913256605282754,0.2797303307373038,2.994404175930697,0.8712401436765589,0.14428838985728204,0.3798531161610788,0.3071144936482739,0,0.0,,
Multi-task Lasso,multitask_lasso_regressor,Interpretable models,mild,ood,projected,X_NOB,g COD/m^3,0.7074371953331647,0.8410928577351996,0.6835029534328825,0.2683820564097031,2.8591436777454344,0.8754131351543083,0.13961213253294863,0.37364706948261833,0.3036393344494608,0,0.0,0.011433958659743417,0.00507942150085831
Multi-task Lasso,multitask_lasso_regressor,Interpretable models,mild,ood,raw,X_MeP,g TSS/m^3,5.491424098669444,2.3433787783176334,1.82644649596107,-0.424841609874274,10.754577889681592,0.8259466211586376,0.17562948941495263,0.4190817216426322,0.32663534768589064,6,0.01995504124735797,,
Multi-task Lasso,multitask_lasso_regressor,Interpretable models,mild,ood,projected,X_MeP,g TSS/m^3,5.010969003760962,2.2385193775710235,1.716506771411496,-0.48729861788994316,10.184885189660339,0.8411748809229181,0.1602633327515045,0.40032903061295033,0.30697410919237267,0,0.0,0.12120022246192018,0.021675026829967657
Multi-task Lasso,multitask_lasso_regressor,Interpretable models,mild,ood,raw,X_MeOH,g TSS/m^3,2.7594170134617646,1.6611493049878945,1.2936354067775488,0.300993799894415,7.647683867543531,0.6055317140583278,0.4923925136262135,0.7017068573316164,0.5464607143362085,42,0.04878116746064497,,
Multi-task Lasso,multitask_lasso_regressor,Interpretable models,mild,ood,projected,X_MeOH,g TSS/m^3,2.5147915017308247,1.5858094153241822,1.2160058236927676,0.3452115465642268,7.215165072742328,0.6405017841272408,0.4487413474448517,0.6698815921077782,0.5136682310724704,0,0.0,0.0816079836617702,0.034473049217504256
Multi-task Lasso,multitask_lasso_regressor,Interpretable models,severe,ood,raw,S_O,g O2/m^3,0.8605600205502558,0.9276637432552033,0.7449006860363823,-0.2014805296086748,3.257706015127172,0.8073251990261561,0.4571251532786391,0.676110311471907,0.5429068868040734,132,0.22311342704512038,,
Multi-task Lasso,multitask_lasso_regressor,Interpretable models,severe,ood,projected,S_O,g O2/m^3,0.46363473272178707,0.6809072864361102,0.5217878683999063,0.021631735748896864,2.1132420024135588,0.8961946549705944,0.24628043738916736,0.4962664983546314,0.380295296427329,0,0.0,0.22311703287623819,0.1626146625751453
Multi-task Lasso,multitask_lasso_regressor,Interpretable models,severe,ood,raw,S_F,g COD/m^3,152.28773955130066,12.340491868288746,3.3839350402112998,-2.341645826921987,131.27836906811598,0.0299678297165743,12.290115947916075,3.5057261655634306,0.9613190251776206,187,0.4490733763333616,,
Multi-task Lasso,multitask_lasso_regressor,Interpretable models,severe,ood,projected,S_F,g COD/m^3,150.53221741219312,12.269157159813103,2.9348617504020846,-1.8925723389391946,131.27836492519125,0.041150036213279284,12.148439600875037,3.4854611747765945,0.8337448572155356,0,0.0,0.44907403487899455,0.12757437962387702
Multi-task Lasso,multitask_lasso_regressor,Interpretable models,severe,ood,raw,S_A,g COD/m^3,349.78916312207434,18.70265123243425,14.788232984739583,-9.190133788245925,72.33912510936995,-0.5246822124416035,0.9128376402969176,0.955425371390627,0.755457224543291,363,9.911545385338302,,
Multi-task Lasso,multitask_lasso_regressor,Interpretable models,severe,ood,projected,S_A,g COD/m^3,114.00027242427699,10.677091009459318,4.876687515930104,0.7214115883520914,72.33911182715492,0.5030887005549338,0.2975041843610951,0.545439441515825,0.2491256947027569,0,0.0,9.911546003953184,0.5063315571783626
Multi-task Lasso,multitask_lasso_regressor,Interpretable models,severe,ood,raw,S_NH4,g N/m^3,206.33005929741432,14.364193652879173,11.950693322792718,-8.004563270850445,38.02637542175117,0.5300927472665035,1.3394618940859728,1.1573512405860085,0.9628907878323366,261,5.8118290819601155,,
Multi-task Lasso,multitask_lasso_regressor,Interpretable models,severe,ood,projected,S_NH4,g N/m^3,96.4452328432236,9.82065338168615,6.2663480811610315,-2.492846841815773,33.66397244630838,0.7803504028500537,0.6261070960752922,0.7912692942831109,0.5048919487535454,0,0.0,6.173902599003079,0.4974434350361998
Multi-task Lasso,multitask_lasso_regressor,Interpretable models,severe,ood,raw,S_NO2,g N/m^3,35.75690745322862,5.979707973908812,4.364364936658873,1.2271465461703457,25.010206000294353,0.17472160674007076,2.009847389514395,1.417690865285657,1.0347194763475673,65,0.11195224894567346,,
Multi-task Lasso,multitask_lasso_regressor,Interpretable models,severe,ood,projected,S_NO2,g N/m^3,35.07699817670143,5.922583741636874,4.2076767961278785,1.2942059511853055,25.007143032625343,0.19041408339031907,1.9716306089854228,1.4041476450093924,0.997571283409279,0,0.0,0.16618369660184282,0.03939943382851031
Multi-task Lasso,multitask_lasso_regressor,Interpretable models,severe,ood,raw,S_NO3,g N/m^3,176.12765650855167,13.271309525007382,10.81379521605302,4.7680402338296695,37.76235629788907,0.5089111168155411,1.2386899094043593,1.1129644690664475,0.9068713097640636,60,0.6626414475569915,,
Multi-task Lasso,multitask_lasso_regressor,Interpretable models,severe,ood,projected,S_NO3,g N/m^3,100.09982272002283,10.004989891050506,7.34835318159245,0.44128025100320345,34.88069280779443,0.7208961322655676,0.7039930173058154,0.8390429174397549,0.6162508667176332,0,0.0,5.782148067442311,0.48490507600763216
Multi-task Lasso,multitask_lasso_regressor,Interpretable models,severe,ood,raw,S_N2,g N/m^3,34.475702366824095,5.871601346040456,4.6559365067560075,-0.20418404026902587,24.06024914172289,0.35258574008700083,0.9895331347593268,0.9947528008300991,0.7887977414723372,145,0.8701143606273744,,
Multi-task Lasso,multitask_lasso_regressor,Interpretable models,severe,ood,projected,S_N2,g N/m^3,26.65956077366892,5.163289723971426,3.660406484589426,0.4897435580772079,24.059051086141704,0.49936393973224624,0.7651916257712363,0.8747523225297755,0.6201374017289935,0,0.0,1.0628072209104455,0.18005828349638697
Multi-task Lasso,multitask_lasso_regressor,Interpretable models,severe,ood,raw,S_PO4,g P/m^3,25.397612773683804,5.039604426310046,4.001246721355657,-2.938389940136503,16.936083296192184,0.35616462363405554,0.6250840780623016,0.7906225888894787,0.627723085785925,144,0.8498365204201569,,
Multi-task Lasso,multitask_lasso_regressor,Interpretable models,severe,ood,projected,S_PO4,g P/m^3,17.308449226111538,4.1603424409670335,3.0820159168068697,-1.9949321832029463,15.021075354206742,0.5612267963487024,0.4259942114875707,0.652682320495638,0.48351243411550193,0,0.0,0.9859219614911744,0.15467328538082947
Multi-task Lasso,multitask_lasso_regressor,Interpretable models,severe,ood,raw,S_I,g COD/m^3,0.002314646911644338,0.04811077749989433,0.04157230676964707,0.0002521151585927702,0.09011504525891212,0.999995660790173,4.339955328191392e-06,0.0020832559439952145,0.0018001321051951402,0,0.0,,
Multi-task Lasso,multitask_lasso_regressor,Interpretable models,severe,ood,projected,S_I,g COD/m^3,2.5934602548010966e-23,5.092602728272741e-12,4.920730489743619e-12,4.920730489743619e-12,9.400480394106125e-12,1.0,4.8627294273927303e-26,2.2051597283173684e-13,2.1307369313620826e-13,0,0.0,0.04157230676961201,0.001800132105193622
Multi-task Lasso,multitask_lasso_regressor,Interpretable models,severe,ood,raw,S_ALK,mol/m^3,4.315181181754153,2.077301418127411,1.7183545500493567,-1.0899981714623281,6.24389632878524,0.9984183507358311,0.0015964778657079736,0.039955949065289056,0.033051769126394855,0,0.0,,
Multi-task Lasso,multitask_lasso_regressor,Interpretable models,severe,ood,projected,S_ALK,mol/m^3,1.8166095533049618,1.347816587412754,0.9427902519786494,-0.36637643992540914,4.650388571800306,0.9993341556142727,0.0006720869461397859,0.02592463974946973,0.018134142189758746,0,0.0,0.9160998032342551,0.017620763533558688
Multi-task Lasso,multitask_lasso_regressor,Interpretable models,severe,ood,raw,X_I,g COD/m^3,4.157721825841802,2.039049245565639,1.5422277563809075,0.8167872102740373,6.495497453307692,0.9951804689382007,0.004894889952725374,0.06996349014111126,0.05291664076458931,0,0.0,,
Multi-task Lasso,multitask_lasso_regressor,Interpretable models,severe,ood,projected,X_I,g COD/m^3,4.948216952231095,2.224458799850223,1.5993061870031795,-0.23171498668899326,10.102066320499858,0.9942641460153552,0.005825540634498176,0.07632522934455013,0.054875105586758746,0,0.0,1.0600332645282924,0.03637167028376598
Multi-task Lasso,multitask_lasso_regressor,Interpretable models,severe,ood,raw,X_S,g COD/m^3,3641.8774915039285,60.34797006945576,45.41755890522161,-32.01824860357792,189.92205295886413,0.43573828395417524,2.0188324382658718,1.4208562342003048,1.0693287883316152,248,18.520717861269816,,
Multi-task Lasso,multitask_lasso_regressor,Interpretable models,severe,ood,projected,X_S,g COD/m^3,2187.381140773706,46.769446658836,26.89684103986384,-13.497530738220485,189.92205295864755,0.6610936422165166,1.2125492996804177,1.1011581628814353,0.6332697558476436,0,0.0,18.520717865459407,0.4360590324863645
Multi-task Lasso,multitask_lasso_regressor,Interpretable models,severe,ood,raw,X_H,g COD/m^3,1731.1224002521085,41.60675906931599,33.51958272843965,26.806198479991618,126.99337018555217,0.4467338414213057,0.8323954398562747,0.9123570791396726,0.7350206859695831,0,0.0,,
Multi-task Lasso,multitask_lasso_regressor,Interpretable models,severe,ood,projected,X_H,g COD/m^3,1245.0827216584594,35.28572971696149,28.24625003202161,0.5786767557213377,110.24670323892559,0.6020719653189396,0.5986874062754932,0.7737489297410971,0.6193865312347624,0,0.0,26.368945675423365,0.5782208178325547
Multi-task Lasso,multitask_lasso_regressor,Interpretable models,severe,ood,raw,X_PAO,g COD/m^3,30.605081025010733,5.5321859174299925,4.040245400299575,2.624677302746239,20.324971795924903,0.8922378727241124,0.10084341000992215,0.317558514308658,0.23191815060285492,0,0.0,,
Multi-task Lasso,multitask_lasso_regressor,Interpretable models,severe,ood,projected,X_PAO,g COD/m^3,25.09016523477517,5.009008408335443,3.717727595947619,1.8346252119754805,22.167818482436893,0.9116561862001493,0.08267182230033777,0.28752708098601387,0.2134049848638994,0,0.0,0.7941977963846834,0.04558853878943624
Multi-task Lasso,multitask_lasso_regressor,Interpretable models,severe,ood,raw,X_PP,g P/m^3,21.38528397231692,4.624422555554036,3.6949881899401733,2.477358671491073,15.783219113728109,0.1198715553093137,0.7676264261736975,0.8761429256540838,0.7000523252580704,15,0.04229578099209256,,
Multi-task Lasso,multitask_lasso_regressor,Interpretable models,severe,ood,projected,X_PP,g P/m^3,18.395148656097152,4.2889565929369295,3.2272231495607713,2.1016844028317503,14.761190568099726,0.2429329628027057,0.6602952871747114,0.8125855568336859,0.611429578077561,0,0.0,0.9059986339748323,0.17165046754993446
Multi-task Lasso,multitask_lasso_regressor,Interpretable models,severe,ood,raw,X_PHA,g COD/m^3,236.47407801945766,15.377713679850386,12.099716589082155,-9.295017805798667,65.91286304441559,-0.042763438311923974,1.0643790746303434,1.0316874888406582,0.8117673721439242,276,5.265993697689564,,
Multi-task Lasso,multitask_lasso_regressor,Interpretable models,severe,ood,projected,X_PHA,g COD/m^3,114.75529654904086,10.712389861699435,6.833722886792593,-4.02902410350894,63.35769271070028,0.49397148052677387,0.5165180783144803,0.718691921698359,0.4584729922333018,0,0.0,5.265993702289916,0.3532943799106462
Multi-task Lasso,multitask_lasso_regressor,Interpretable models,severe,ood,raw,X_AOB,g COD/m^3,3.5192274538727943,1.8759604083969348,1.5632795106955513,0.9338227975337506,5.210951148251266,0.6530044813362883,0.5264239771374948,0.7255508094802836,0.60461761844875,3,0.002285143794238665,,
Multi-task Lasso,multitask_lasso_regressor,Interpretable models,severe,ood,projected,X_AOB,g COD/m^3,3.4276200503573735,1.8513832802413912,1.543437629983581,0.9131031984339436,5.210804908971474,0.6620369632980008,0.5127208748726048,0.7160453022488206,0.5969435265288232,0,0.0,0.025489091069165307,0.009858220128405017
Multi-task Lasso,multitask_lasso_regressor,Interpretable models,severe,ood,raw,X_NOB,g COD/m^3,1.259639784067329,1.1223367516335412,0.9175390535693089,0.5785611613362673,3.6396463465642936,0.765894988399602,0.24858884666668066,0.4985868496728335,0.4076075255533343,0,0.0,,
Multi-task Lasso,multitask_lasso_regressor,Interpretable models,severe,ood,projected,X_NOB,g COD/m^3,1.2178179004850682,1.1035478695938243,0.9051745191162401,0.562900279960332,3.542924863950401,0.7736676172614516,0.24033533329195003,0.4902400771988659,0.40211470508598884,0,0.0,0.015746750914087056,0.006995336220978514
Multi-task Lasso,multitask_lasso_regressor,Interpretable models,severe,ood,raw,X_MeP,g TSS/m^3,6.841055842589485,2.6155412140873415,2.0880603928926385,-0.8061667996599878,10.06918037107674,0.7830269313623085,0.21879409113280607,0.46775430637547966,0.37342146837032886,10,0.01939634813905837,,
Multi-task Lasso,multitask_lasso_regressor,Interpretable models,severe,ood,projected,X_MeP,g TSS/m^3,6.368072993485627,2.5235041100591906,1.9693942640050106,-0.8874171402671682,9.785852675462332,0.7980282034677291,0.20366691559554104,0.45129471035626045,0.35219963003372123,0,0.0,0.14018348859776103,0.025069928212628434
Multi-task Lasso,multitask_lasso_regressor,Interpretable models,severe,ood,raw,X_MeOH,g TSS/m^3,3.4373278328711505,1.8540031911707031,1.4795024845751508,0.5711300259421783,7.158729510595796,0.5322966064642536,0.6133594464076544,0.7831726798143909,0.624975151690602,43,0.057138319470140975,,
Multi-task Lasso,multitask_lasso_regressor,Interpretable models,severe,ood,projected,X_MeOH,g TSS/m^3,3.1958640802667175,1.7876979835158726,1.3951561007883813,0.6286630665242959,6.9324829014983855,0.5651516095364038,0.5702724669788517,0.7551638676332785,0.589345340621493,0,0.0,0.09647241677557462,0.0407521203491505
MLP,ann_deep_regressor,Neural networks,mild,ood,raw,S_O,g O2/m^3,0.04505926495325203,0.21227167722815032,0.14915788196231275,-0.02610137883088599,1.4547603740665287,0.9873104710333033,0.023935254841617716,0.15471022862635073,0.10871092329010622,12,0.0014417941324972423,,
MLP,ann_deep_regressor,Neural networks,mild,ood,projected,S_O,g O2/m^3,0.0446847841445913,0.2113877577926198,0.14771618595914623,-0.024659721601738863,1.4547604611968281,0.9874159318097696,0.023736332520139795,0.15406600053269312,0.10766017021191836,0,0.0,0.001442446941188235,0.0010513003852735269
MLP,ann_deep_regressor,Neural networks,mild,ood,raw,S_F,g COD/m^3,8.837038859633656,2.9727157381145033,0.8230427300039057,-0.0035466205933267266,36.74678500782273,0.7795064245314058,0.7131777813574492,0.844498538398646,0.23381259553891368,10,0.009215633887874814,,
MLP,ann_deep_regressor,Neural networks,mild,ood,projected,S_F,g COD/m^3,8.798902076465623,2.9662943340918857,0.8138270470777873,0.005668908776860988,36.7467824778797,0.7804579780790541,0.710100018903317,0.8426743255275534,0.23119457503272542,0,0.0,0.009215986294823775,0.0026181066881346216
MLP,ann_deep_regressor,Neural networks,mild,ood,raw,S_A,g COD/m^3,7.105158188560895,2.6655502599952783,1.4237627999071232,-0.6154548989063943,28.44911072045072,0.9661641111042951,0.01854218631844442,0.13616969677003918,0.0727329556097578,272,0.3917540678495923,,
MLP,ann_deep_regressor,Neural networks,mild,ood,projected,S_A,g COD/m^3,6.26259031860146,2.502516796866998,1.0320086705982532,-0.22370077571141153,28.449110720221825,0.9701765527809544,0.016343354143831423,0.1278411285300291,0.052720186840395325,0,0.0,0.3917542067630852,0.02001277272611286
MLP,ann_deep_regressor,Neural networks,mild,ood,raw,S_NH4,g N/m^3,4.967671526234448,2.228827388165007,1.49967594868875,-0.9126395987132541,13.910383572532425,0.9801961058797808,0.032249332619710705,0.17958099181068887,0.12083183098440253,192,0.3420031752286494,,
MLP,ann_deep_regressor,Neural networks,mild,ood,projected,S_NH4,g N/m^3,2.8391065054028717,1.6849648380316047,0.9441812863964795,-0.30503696718278495,12.565103122152351,0.9886817467032399,0.01843102740428667,0.13576092001856305,0.076074537113333,0,0.0,0.6747805972149533,0.05436839548271879
MLP,ann_deep_regressor,Neural networks,mild,ood,raw,S_NO2,g N/m^3,1.1502553235818396,1.0724995681033347,0.6637333322053035,-0.1422207474973874,7.296776272587973,0.9606178566624055,0.06465429546444883,0.25427208943265645,0.15736030691779376,124,0.06921384841759701,,
MLP,ann_deep_regressor,Neural networks,mild,ood,projected,S_NO2,g N/m^3,1.0235670694922767,1.0117149151279112,0.5904791481470666,-0.028976521718777595,6.841519447517129,0.9649553762369365,0.057533320108929,0.23986104333327868,0.1399929391405625,0,0.0,0.1181038663583107,0.02800049320496272
MLP,ann_deep_regressor,Neural networks,mild,ood,raw,S_NO3,g N/m^3,5.430554792929282,2.330355078722829,1.6386378793029706,0.13814090203102405,11.814671534100288,0.980625738509938,0.03819260164937454,0.19542927531302606,0.13742017951537344,39,0.038723745361671884,,
MLP,ann_deep_regressor,Neural networks,mild,ood,projected,S_NO3,g N/m^3,3.2058558562078305,1.7904903954525504,1.1927766385849652,0.3957093014925878,12.54448355478399,0.9885626621908893,0.022546494848165448,0.15015490284424765,0.10002916560540695,0,0.0,0.7125542820596341,0.05975654450068922
MLP,ann_deep_regressor,Neural networks,mild,ood,raw,S_N2,g N/m^3,1.7270925885437478,1.3141889470482346,0.776629145712674,0.03168736679000839,11.517685308231474,0.9665046702128937,0.04957158885342616,0.22264678046948302,0.13157467143523724,14,0.008672288359653581,,
MLP,ann_deep_regressor,Neural networks,mild,ood,projected,S_N2,g N/m^3,1.8960153343857624,1.3769587264641459,0.7653213098907737,0.12665710408598926,15.413683103098247,0.9632285730782909,0.05442006597643479,0.23328108790991778,0.12965892465812545,0,0.0,0.14177358867556908,0.024018945787908585
MLP,ann_deep_regressor,Neural networks,mild,ood,raw,S_PO4,g P/m^3,1.2997378899429812,1.1400604764410445,0.8374120805470582,-0.2906386516864408,6.368302929376348,0.9653972688831192,0.03198904825808982,0.1788548245312097,0.13137477688386878,53,0.08375685928466302,,
MLP,ann_deep_regressor,Neural networks,mild,ood,projected,S_PO4,g P/m^3,1.0016407120259558,1.0008200197967443,0.7020328429656407,-0.2186260867988739,5.735462634208563,0.9733334663072138,0.02465230360843862,0.1570105206934829,0.11013622833039168,0,0.0,0.26219052455412367,0.04113294095525875
MLP,ann_deep_regressor,Neural networks,mild,ood,raw,S_I,g COD/m^3,4.949214676473081,2.224683050790175,1.8086948378968892,-1.5342124691131396,8.48236559799399,0.9907216580303433,0.009279761201358922,0.09633151717563117,0.07831871500996698,0,0.0,,
MLP,ann_deep_regressor,Neural networks,mild,ood,projected,S_I,g COD/m^3,2.214402657031789e-23,4.705743997533004e-12,4.401599085213093e-12,4.401599085213093e-12,8.597567102697212e-12,1.0,4.15199768128738e-26,2.0376451313433798e-13,1.9059466368786523e-13,0,0.0,1.8086948379001646,0.0783187150101088
MLP,ann_deep_regressor,Neural networks,mild,ood,raw,S_ALK,mol/m^3,21.464990369232687,4.633032524085352,3.5571448816240134,1.3627824444164212,20.965795961006265,0.9920308784142879,0.007941354156115518,0.08911427582669074,0.06842006579678044,0,0.0,,
MLP,ann_deep_regressor,Neural networks,mild,ood,projected,S_ALK,mol/m^3,0.045797008802720675,0.21400235700272247,0.1367262374775987,-0.05503600776413686,1.5047175379548037,0.9999829973400811,1.694341622973417e-05,0.004116238116257874,0.0026298670635233144,0,0.0,3.577271495398711,0.06880719206927077
MLP,ann_deep_regressor,Neural networks,mild,ood,raw,X_I,g COD/m^3,6.441525187890853,2.538015994411945,1.8684732093230665,0.11744956846456797,15.545898141631262,0.9923614595425897,0.007583613873939357,0.08708394728042222,0.06411071593474015,0,0.0,,
MLP,ann_deep_regressor,Neural networks,mild,ood,projected,X_I,g COD/m^3,7.310799101282176,2.7038489420236065,1.9650015175285807,0.007370932599262042,14.842231359688391,0.9913306502602642,0.008607010898333592,0.09277397748471061,0.06742277784504543,0,0.0,0.40358520629608335,0.013847742845446369
MLP,ann_deep_regressor,Neural networks,mild,ood,raw,X_S,g COD/m^3,26.09630242357331,5.1084540150199365,3.189179849887695,0.3789756676362797,32.09221150733009,0.9915276046735079,0.01446618179068675,0.12027544134480135,0.07508729898426872,0,0.0,,
MLP,ann_deep_regressor,Neural networks,mild,ood,projected,X_S,g COD/m^3,26.0963024234343,5.1084540150063305,3.1891798498759667,0.37897566762480506,32.092211507415186,0.9915276046735529,0.014466181790609696,0.12027544134448102,0.07508729898399258,0,0.0,1.52695219431583e-11,3.5951160281322926e-13
MLP,ann_deep_regressor,Neural networks,mild,ood,raw,X_H,g COD/m^3,45.70000733931508,6.7601780552967,4.9771246526705015,-1.3824352875435262,31.811287227883042,0.9826862704287918,0.021974458712511725,0.148237845075108,0.109138875802834,0,0.0,,
MLP,ann_deep_regressor,Neural networks,mild,ood,projected,X_H,g COD/m^3,154.61632046164684,12.434481109465198,8.137603086716727,-3.2218493466025016,90.09195748200756,0.941422653613772,0.07434593883187463,0.2726645170018912,0.1784421557811307,0,0.0,6.375601036550197,0.1398048026229608
MLP,ann_deep_regressor,Neural networks,mild,ood,raw,X_PAO,g COD/m^3,5.479344023805517,2.340799868379507,1.6463858463789474,0.48901957049325573,18.18204309835543,0.9812107009479293,0.018054379125037545,0.13436658485292222,0.09450583388885485,0,0.0,,
MLP,ann_deep_regressor,Neural networks,mild,ood,projected,X_PAO,g COD/m^3,5.703592548823107,2.3882195353072353,1.6867373000592227,0.46438871374753643,17.714170270188838,0.9804417270378708,0.018793275582589437,0.13708856838770123,0.09682208787455887,0,0.0,0.2220832347371913,0.012748020968312995
MLP,ann_deep_regressor,Neural networks,mild,ood,raw,X_PP,g P/m^3,1.2458026906947954,1.1161553165643192,0.8353990878738464,0.2735511996586739,5.477355028391678,0.9468130860759781,0.0447181841687751,0.21146674482947692,0.15827468016725282,16,0.016891663930184833,,
MLP,ann_deep_regressor,Neural networks,mild,ood,projected,X_PP,g P/m^3,1.077401654809964,1.0379796023091996,0.7546070888584414,0.2955548352233113,5.5549084534732796,0.9540026125292622,0.03867341592966452,0.19665557690964303,0.14296783103388713,0,0.0,0.30962186379594925,0.05866094681742444
MLP,ann_deep_regressor,Neural networks,mild,ood,raw,X_PHA,g COD/m^3,10.81340370441259,3.288374021368705,2.4064301482177823,-0.4813798581663306,18.727744064862442,0.9463936741427749,0.04867155302984187,0.22061630272906368,0.16144687879956757,152,0.44213963880742096,,
MLP,ann_deep_regressor,Neural networks,mild,ood,projected,X_PHA,g COD/m^3,9.133556146442087,3.022177385006063,1.9642905068769945,-0.03924021682553854,18.727744064861945,0.9547213439537414,0.04111049346573369,0.20275722790010148,0.13178382577436482,0,0.0,0.44213964134103134,0.029663053025219023
MLP,ann_deep_regressor,Neural networks,mild,ood,raw,X_AOB,g COD/m^3,0.11273561329338917,0.33576124447796113,0.2466835825658123,0.05518742027383778,1.9061926152301183,0.9867614003931571,0.016863567556462265,0.12985979961659522,0.09540791597465884,0,0.0,,
MLP,ann_deep_regressor,Neural networks,mild,ood,projected,X_AOB,g COD/m^3,0.11084661927640918,0.33293635919858494,0.24502620475111447,0.05487624588779217,1.8088645937997772,0.9869832259079164,0.01658100220476463,0.12876724041760246,0.09476690467735954,0,0.0,0.006163560168912247,0.002383832862259686
MLP,ann_deep_regressor,Neural networks,mild,ood,raw,X_NOB,g COD/m^3,0.08224136347018067,0.286777550498955,0.2167099743123104,0.010125089573507887,1.5021850211355403,0.9855164618103528,0.016230263565774075,0.12739805165611473,0.0962712334134942,0,0.0,,
MLP,ann_deep_regressor,Neural networks,mild,ood,projected,X_NOB,g COD/m^3,0.08210810738400035,0.28654512277126676,0.21707278356986498,0.00972245297269458,1.500255179730459,0.9855399295585971,0.01620396558980199,0.12729479796834586,0.09643240778873674,0,0.0,0.003909222810290318,0.001736633040676044
MLP,ann_deep_regressor,Neural networks,mild,ood,raw,X_MeP,g TSS/m^3,1.0556581762336363,1.027452274431098,0.6853943700266245,-0.043383656665302105,6.497065371089038,0.9665403965941194,0.033762591116129,0.18374599619074425,0.12257354860964421,2,0.003189627552076635,,
MLP,ann_deep_regressor,Neural networks,mild,ood,projected,X_MeP,g TSS/m^3,0.8699404482580242,0.932705981678055,0.6242310619538474,-0.11271721694276086,6.076631779895475,0.9724268110258019,0.027822873266333908,0.16680189826957578,0.11163531502757673,0,0.0,0.3201178155246191,0.05724875828859784
MLP,ann_deep_regressor,Neural networks,mild,ood,raw,X_MeOH,g TSS/m^3,0.4711952285261458,0.6864366165394631,0.4618982787474666,0.11449900852046618,4.852724854762672,0.9326409987204427,0.084080442300238,0.28996627786733753,0.1951162298377085,8,0.001804814027509655,,
MLP,ann_deep_regressor,Neural networks,mild,ood,projected,X_MeOH,g TSS/m^3,0.4365859865929088,0.6607465373294883,0.44221707674722327,0.07985100585187903,4.304800747571557,0.9375885105595531,0.07790474230742488,0.2791142101495817,0.18680244710750404,0,0.0,0.06592146945075836,0.027846712526127148
MLP,ann_deep_regressor,Neural networks,severe,ood,raw,S_O,g O2/m^3,0.14350966517233787,0.3788266954325393,0.27332626626275364,-0.06460833770347596,1.7797485018611532,0.9678689510149183,0.07623161211570606,0.2761007282056787,0.19920872014238578,21,0.0040894408954806295,,
MLP,ann_deep_regressor,Neural networks,severe,ood,projected,S_O,g O2/m^3,0.14227750027378286,0.377196898547407,0.26923688840045285,-0.06051892458438191,1.7797483973007822,0.9681448261670597,0.07557709232084463,0.27491288132942154,0.1962282538254588,0,0.0,0.004090288222900268,0.0029811298161667825
MLP,ann_deep_regressor,Neural networks,severe,ood,raw,S_F,g COD/m^3,47.9190361377201,6.922357700792419,1.6541483805121933,-0.6673335484326179,101.75460340436757,0.6947685561587579,3.867222088791785,1.966525384731096,0.46991573117013163,62,0.041079118887977426,,
MLP,ann_deep_regressor,Neural networks,severe,ood,projected,S_F,g COD/m^3,47.82904674572407,6.915854737176314,1.6130692694103945,-0.6262543829375999,101.75459559739228,0.6953417645173401,3.8599596521375132,1.9646780021513737,0.45824584668054086,0,0.0,0.04107952608173552,0.011670002378410543
MLP,ann_deep_regressor,Neural networks,severe,ood,raw,S_A,g COD/m^3,14.905108803209957,3.8607135096002603,2.1972251908113614,-1.0617734535437315,48.61584026495321,0.9350307080301687,0.03889755825151906,0.19722463905790033,0.11224529976366099,306,0.7767772497244815,,
MLP,ann_deep_regressor,Neural networks,severe,ood,projected,S_A,g COD/m^3,12.068613544308109,3.473991010971115,1.4204479790334914,-0.2849964494079753,45.463924210459965,0.9473945955454983,0.031495214463224744,0.1774689112583518,0.07256361790865207,0,0.0,0.7767778118442553,0.03968171250941416
MLP,ann_deep_regressor,Neural networks,severe,ood,raw,S_NH4,g N/m^3,28.14729132571316,5.305402088976212,3.4677730536457236,-2.67870390706738,27.865760981274626,0.9358958341610819,0.1827277338111146,0.4274666464311743,0.27940527277026456,216,0.7270044369199923,,
MLP,ann_deep_regressor,Neural networks,severe,ood,projected,S_NH4,g N/m^3,13.835150318504283,3.7195631892070717,1.840361061790523,-1.0212170000587946,26.581676482405015,0.9684910792956634,0.08981559310209596,0.2996924975739232,0.14828149838835664,0,0.0,1.7449267772120585,0.14059217100107332
MLP,ann_deep_regressor,Neural networks,severe,ood,raw,S_NO2,g N/m^3,4.812334261493832,2.1937033212113786,1.2504915677371788,0.10282732728759249,14.437827708623553,0.8889301181219257,0.27049479783970337,0.520091143781264,0.2964710785933062,129,0.09073193608709205,,
MLP,ann_deep_regressor,Neural networks,severe,ood,projected,S_NO2,g N/m^3,4.773315409746323,2.1847918458622835,1.1318442477826314,0.3561423137275964,16.62429286378275,0.8898306830077216,0.2683016009747575,0.5179783788680349,0.2683417414376934,0,0.0,0.258364680496045,0.06125403599136964
MLP,ann_deep_regressor,Neural networks,severe,ood,raw,S_NO3,g N/m^3,26.945226501396736,5.190879164592134,3.300683874250086,-0.6119230173327126,29.825919982653858,0.9248698276463997,0.18950334567288413,0.43531981998627645,0.2768034208484704,60,0.09699606884276389,,
MLP,ann_deep_regressor,Neural networks,severe,ood,projected,S_NO3,g N/m^3,12.592045517435706,3.5485272321676926,2.1451277425521322,0.1494857153895883,21.489524269142677,0.9648901615297134,0.08855871945613879,0.2975881708941718,0.1798956579658188,0,0.0,1.5785128960433694,0.13237795139575512
MLP,ann_deep_regressor,Neural networks,severe,ood,raw,S_N2,g N/m^3,4.368318450912756,2.0900522603305296,1.247012527065671,0.41954995133913653,17.785851380243724,0.9179679756232184,0.12538093653222662,0.3540917063872389,0.21126591041561643,9,0.002953399676235969,,
MLP,ann_deep_regressor,Neural networks,severe,ood,projected,S_N2,g N/m^3,4.455693156701129,2.1108512872064504,1.2622801453656947,0.5887271229972475,18.10680970746717,0.9163271785806749,0.12788879454763408,0.35761542828523785,0.21385251416660084,0,0.0,0.23099636409002727,0.03913485719105915
MLP,ann_deep_regressor,Neural networks,severe,ood,raw,S_PO4,g P/m^3,2.9580377133484324,1.7198946808884643,1.1236230307224593,-0.34668890214326925,12.509716469591089,0.9250130576661237,0.07280299504518084,0.2698203013955415,0.17627608723569674,48,0.06339118276540417,,
MLP,ann_deep_regressor,Neural networks,severe,ood,projected,S_PO4,g P/m^3,2.5791558210373133,1.60597503748885,0.9875580765130388,-0.2592817836464344,12.373516467490028,0.934617801541388,0.06347798326316033,0.25194837420225663,0.1549299621722765,0,0.0,0.35323184126692686,0.055415673373621605
MLP,ann_deep_regressor,Neural networks,severe,ood,raw,S_I,g COD/m^3,10.536313178418803,3.2459687580780567,2.475198915568783,-1.5782265630334515,15.718983845550696,0.980247841062108,0.019755552472444732,0.14055444664771274,0.10717916278614498,0,0.0,,
MLP,ann_deep_regressor,Neural networks,severe,ood,projected,S_I,g COD/m^3,2.4978443319449265e-23,4.997843867053999e-12,4.664813720485957e-12,4.664813720485957e-12,9.620748642191757e-12,1.0,4.683449887272817e-26,2.164127973866799e-13,2.0199218170718912e-13,0,0.0,2.4751989155713403,0.10717916278625574
MLP,ann_deep_regressor,Neural networks,severe,ood,raw,S_ALK,mol/m^3,48.98275249839553,6.998767927170862,5.525915380050871,1.9597312226847328,23.08316415176691,0.9820462846905157,0.01812203865177026,0.13461812155787295,0.10628847192693135,0,0.0,,
MLP,ann_deep_regressor,Neural networks,severe,ood,projected,S_ALK,mol/m^3,0.2676078424898095,0.5173082664039012,0.28532891426363577,-0.11742428772864083,3.08518623035755,0.9999019133312526,9.900627093742898e-05,0.009950189492538772,0.005488172041710322,0,0.0,5.507499567631346,0.10593425214129537
MLP,ann_deep_regressor,Neural networks,severe,ood,raw,X_I,g COD/m^3,14.057963497538816,3.7493950842154278,2.698170338096265,-0.0659969533397732,20.69472834564965,0.9837043470967874,0.01655045410979379,0.12864856823841372,0.09257913425041901,0,0.0,,
MLP,ann_deep_regressor,Neural networks,severe,ood,projected,X_I,g COD/m^3,14.435480072446461,3.7994052261434894,2.744684736362349,-0.16567354932103331,22.42969805912807,0.9832667389701921,0.016994904740910418,0.1303645072130847,0.09417512789872648,0,0.0,0.577662502453948,0.019820651650870318
MLP,ann_deep_regressor,Neural networks,severe,ood,raw,X_S,g COD/m^3,211.03620944990192,14.5270853735325,7.079002161898575,-2.887408732295982,87.54180055230671,0.9673026745216426,0.11698546869850773,0.34203138554598717,0.16667079840589136,4,0.004087985229752462,,
MLP,ann_deep_regressor,Neural networks,severe,ood,projected,X_S,g COD/m^3,210.9954147183526,14.525681213573172,7.074914176602542,-2.8833207470060924,87.54180055202141,0.9673089951365681,0.11696285461345013,0.34199832545416087,0.16657454927959095,0,0.0,0.004087985309795427,9.624912662442565e-05
MLP,ann_deep_regressor,Neural networks,severe,ood,raw,X_H,g COD/m^3,138.5476395246136,11.770626131375238,8.391436515409344,0.2471622104902008,64.1130619853393,0.955720219270015,0.06661945066758075,0.25810744016316295,0.18400824001288218,0,0.0,,
MLP,ann_deep_regressor,Neural networks,severe,ood,projected,X_H,g COD/m^3,292.16970859250034,17.09297249142174,12.215015638826568,-1.4544890230695506,83.38501553080084,0.9066226557391389,0.14048731219763308,0.3748163713041802,0.2678520567131604,0,0.0,10.326987013380752,0.22645118049557056
MLP,ann_deep_regressor,Neural networks,severe,ood,raw,X_PAO,g COD/m^3,11.76469960995882,3.4299707884993453,2.411992928386128,0.45112042174412836,26.505256428313963,0.9585758634099051,0.03876455760535704,0.1968871697327102,0.13845320860386304,0,0.0,,
MLP,ann_deep_regressor,Neural networks,severe,ood,projected,X_PAO,g COD/m^3,11.902399765020219,3.449985473160752,2.450647930852851,0.4621332415199645,26.474836333323886,0.9580910137987079,0.03921827812267699,0.19803605258305113,0.14067208290366826,0,0.0,0.3618570172503277,0.02077131508327163
MLP,ann_deep_regressor,Neural networks,severe,ood,raw,X_PP,g P/m^3,2.7642092427495055,1.6625911231416777,1.1083174611625974,0.23537553199210687,11.554457607339465,0.886236760532614,0.09922150507586723,0.3149944524525269,0.20998178503611403,24,0.021562705538555427,,
MLP,ann_deep_regressor,Neural networks,severe,ood,projected,X_PP,g P/m^3,2.7168406431487493,1.6482841512156663,1.015570103306388,0.2819234918014832,12.473136252057998,0.8881862530877634,0.09752120552074091,0.3122838540826933,0.19240987406071441,0,0.0,0.36338067862679463,0.06884608987902124
MLP,ann_deep_regressor,Neural networks,severe,ood,raw,X_PHA,g COD/m^3,27.24665668770051,5.219833013392336,3.4918329031520225,-1.447007211436138,41.93611915694913,0.8798522965048483,0.12263826747910639,0.3501974692642801,0.23426631515609964,161,0.651670891162982,,
MLP,ann_deep_regressor,Neural networks,severe,ood,projected,X_PHA,g COD/m^3,23.86099606917033,4.884771854362323,2.8401620093058395,-0.7953363175899958,41.93611915694938,0.8947818107125126,0.10739927660811953,0.32771828848588774,0.1905458556638888,0,0.0,0.6516708938467866,0.04372045949225136
MLP,ann_deep_regressor,Neural networks,severe,ood,raw,X_AOB,g COD/m^3,0.4005810939107802,0.6329147603830868,0.43550766962976906,0.026810321797500702,3.262047115323789,0.9605027392317358,0.0599209614571913,0.24478758436079084,0.16843795893580069,0,0.0,,
MLP,ann_deep_regressor,Neural networks,severe,ood,projected,X_AOB,g COD/m^3,0.39706076872277085,0.6301275813061755,0.43234897827820284,0.02902099109818661,3.2567505579453813,0.9608498429868892,0.05939437327538742,0.24370960850033677,0.16721629612417155,0,0.0,0.009940098176696959,0.003844455483247049
MLP,ann_deep_regressor,Neural networks,severe,ood,raw,X_NOB,g COD/m^3,0.25696712131267496,0.5069192453563732,0.37281072737921367,-0.03457543002220075,2.239620585711387,0.9522424651263561,0.05071224418786733,0.22519379251628435,0.1656174279401408,0,0.0,,
MLP,ann_deep_regressor,Neural networks,severe,ood,projected,X_NOB,g COD/m^3,0.25567808744334475,0.5056462077810381,0.3717602966055196,-0.034160654173097785,2.2074062556153664,0.9524820330510516,0.05045785444331957,0.2246282583365672,0.16515078460025798,0,0.0,0.005926248333883814,0.0026326764073879103
MLP,ann_deep_regressor,Neural networks,severe,ood,raw,X_MeP,g TSS/m^3,1.9377488174688844,1.3920304657114673,0.9760735163241537,0.06778159929391998,8.052130119095722,0.9385417519094338,0.06197405796957992,0.24894589365880274,0.17455759754066477,0,0.0,,
MLP,ann_deep_regressor,Neural networks,severe,ood,projected,X_MeP,g TSS/m^3,1.5615430839238098,1.2496171749475156,0.8038800961668415,-0.005040760630090567,8.56619547400836,0.9504736107225423,0.049942056851052526,0.22347719537136787,0.1437631243454833,0,0.0,0.4881511930298843,0.08729926390463352
MLP,ann_deep_regressor,Neural networks,severe,ood,raw,X_MeOH,g TSS/m^3,0.8262050744580873,0.9089582358161937,0.5813788228936166,0.031064562591031387,6.19393509996054,0.8875815936480719,0.14742867475213076,0.383964418601686,0.24558750107944513,6,0.00252313807131371,,
MLP,ann_deep_regressor,Neural networks,severe,ood,projected,X_MeOH,g TSS/m^3,0.7836718355426967,0.885252413463356,0.5694838463633803,0.0035709700662639706,6.068454699234997,0.8933689206491681,0.13983901058754702,0.373950545644136,0.2405627952483662,0,0.0,0.08046075032843414,0.03398843203436239
TabNet,tabnet_regressor,Neural networks,mild,ood,raw,S_O,g O2/m^3,0.24400494877038204,0.4939685706301384,0.3593281614104567,-0.2363423773816315,2.808170733577101,0.9312836578969619,0.12961420115250818,0.3600197232826393,0.261889587577658,39,0.008184857075488394,,
TabNet,tabnet_regressor,Neural networks,mild,ood,projected,S_O,g O2/m^3,0.23887247690157115,0.4887458203417919,0.3511432806332482,-0.2281576024335457,2.808172071601977,0.9327290576503223,0.1268878579182172,0.356213219740954,0.2559241908141494,0,0.0,0.008185371947851733,0.005965754744015004
TabNet,tabnet_regressor,Neural networks,mild,ood,raw,S_F,g COD/m^3,6.003105740575734,2.450123617407035,1.0223728710987434,-0.516299866358066,30.406766115421668,0.8502160882530668,0.4844701603468393,0.6960389072076641,0.2904389357755874,81,0.05076498582920306,,
TabNet,tabnet_regressor,Neural networks,mild,ood,projected,S_F,g COD/m^3,5.877728275994291,2.4244026637492153,0.9716078494098239,-0.4655349160827942,30.406766983029982,0.8533443901523634,0.47435179112354037,0.6887320169148087,0.27601744701081915,0,0.0,0.05076510431857046,0.014421512238462213
TabNet,tabnet_regressor,Neural networks,mild,ood,raw,S_A,g COD/m^3,45.21697499269424,6.724356846025815,4.5640651688881375,4.33890989157012,38.82006309071634,0.7846696017949533,0.11800181682384125,0.34351392522551577,0.23315537486331106,24,0.035228672526368646,,
TabNet,tabnet_regressor,Neural networks,mild,ood,projected,S_A,g COD/m^3,45.14492046155852,6.718996983297322,4.528836434891115,4.374138904914503,38.82006308823852,0.7850127368871269,0.11781377758446757,0.34324011651388825,0.23135571417112236,0,0.0,0.03522979801562412,0.001799715047603628
TabNet,tabnet_regressor,Neural networks,mild,ood,raw,S_NH4,g N/m^3,5.678010240741323,2.3828575787783297,1.61001842346607,-0.3503299399186439,16.65729252066099,0.9773643017604271,0.03686073845759919,0.19199150621212177,0.12972234048037165,185,0.28206824779352646,,
TabNet,tabnet_regressor,Neural networks,mild,ood,projected,S_NH4,g N/m^3,4.160016848994244,2.039611935882472,1.2102928542753957,0.19778095056866482,16.25376646202713,0.983415865404801,0.027006167045933765,0.1643355319032794,0.09751566779296697,0,0.0,1.0325588240988324,0.0831952885715433
TabNet,tabnet_regressor,Neural networks,mild,ood,raw,S_NO2,g N/m^3,3.9440497755135584,1.9859631858404523,1.34308686564523,0.7521963516425345,10.14678902089602,0.8649646470609609,0.22168970165553303,0.47083935865168813,0.3184239078260084,44,0.03606270915806914,,
TabNet,tabnet_regressor,Neural networks,mild,ood,projected,S_NO2,g N/m^3,4.174433896653915,2.0431431414988808,1.3378536267438832,0.7937515851227391,10.702903131115459,0.8570768152940083,0.2346392813993961,0.4843957900306278,0.3171831925571912,0,0.0,0.18311512952950684,0.04341359938684198
TabNet,tabnet_regressor,Neural networks,mild,ood,raw,S_NO3,g N/m^3,15.444693827072472,3.9299737692601044,2.9944585750903268,-1.0547307981299765,14.982328416039557,0.9448989010792683,0.10862113751286745,0.3295772102449856,0.25112261844899003,54,0.14243332492643992,,
TabNet,tabnet_regressor,Neural networks,mild,ood,projected,S_NO3,g N/m^3,6.747881070632782,2.597668391198688,1.9123382959603592,-0.4667192717178903,11.845174952514228,0.9759259933190435,0.047457238447090086,0.21784682335781277,0.16037336573519279,0,0.0,1.6142411125427383,0.13537420699750888
TabNet,tabnet_regressor,Neural networks,mild,ood,raw,S_N2,g N/m^3,4.009366816153823,2.002340334746774,1.463378613022265,-0.07897514874349992,10.123565551023265,0.9222421168179593,0.11507818671176767,0.33923175958593216,0.24792214051800754,26,0.0364212489125297,,
TabNet,tabnet_regressor,Neural networks,mild,ood,projected,S_N2,g N/m^3,3.768741919632962,1.9413247846851804,1.412687040886211,0.10273256411812785,11.772280583946571,0.9269088094535582,0.108171690489531,0.3288946495301056,0.23933409436347328,0,0.0,0.36082677793397916,0.06113041857080004
TabNet,tabnet_regressor,Neural networks,mild,ood,raw,S_PO4,g P/m^3,5.06044634741885,2.2495435864678974,1.7813146037102008,1.2857006975614491,10.05084918963226,0.8652764794763211,0.12454731347576356,0.35291261450359573,0.2794559740164318,12,0.016769994747111085,,
TabNet,tabnet_regressor,Neural networks,mild,ood,projected,S_PO4,g P/m^3,3.8426438525592617,1.9602662708314047,1.5240679088137064,0.9555019452558053,7.104545739812174,0.8976978565933195,0.09457485281402617,0.30753024699048087,0.2390986303248268,0,0.0,0.55433234949282,0.08696469805708468
TabNet,tabnet_regressor,Neural networks,mild,ood,raw,S_I,g COD/m^3,14.161733533671846,3.7632078780837825,2.9641429063465026,-1.9549661515886256,14.102293116317767,0.973450857318196,0.026553203685923482,0.16295153784461036,0.12835104002447612,0,0.0,,
TabNet,tabnet_regressor,Neural networks,mild,ood,projected,S_I,g COD/m^3,2.3125995702644956e-23,4.808949542534727e-12,4.4500344150340725e-12,4.4500344150340725e-12,9.329426120530115e-12,1.0,4.3361165698540516e-26,2.0823344039452577e-13,1.9269197314725087e-13,0,0.0,2.9641429063487625,0.12835104002457398
TabNet,tabnet_regressor,Neural networks,mild,ood,raw,S_ALK,mol/m^3,79.89648590243128,8.938483422954437,6.628008013754185,2.8270382031159627,58.19340702611288,0.9703375217283938,0.029559122993586453,0.17192766791178915,0.12748672305852476,0,0.0,,
TabNet,tabnet_regressor,Neural networks,mild,ood,projected,S_ALK,mol/m^3,0.06862098973958328,0.26195608360865236,0.18106008838760468,0.021590403195571095,1.7262656654893078,0.9999745236778047,2.5387553066238822e-05,0.0050386062622751965,0.0034826085450292347,0,0.0,6.604712663785213,0.12703864758488576
TabNet,tabnet_regressor,Neural networks,mild,ood,raw,X_I,g COD/m^3,41.685063474384094,6.456397097018127,4.805862634752823,0.030332949313390405,27.282400425015425,0.9505686876118452,0.04907586580498806,0.2215307333193028,0.16489789238650363,0,0.0,,
TabNet,tabnet_regressor,Neural networks,mild,ood,projected,X_I,g COD/m^3,43.258117662136705,6.5770903644496705,4.92630505817579,-0.4431475456864712,27.099414500446215,0.9487033160260234,0.05092782403145355,0.2256719389544335,0.16903049110723084,0,0.0,0.8411781382087231,0.02886235264178657
TabNet,tabnet_regressor,Neural networks,mild,ood,raw,X_S,g COD/m^3,81.84544800963518,9.046847407226187,6.298654455424154,-0.17664475165291152,62.54770989698571,0.9734281516225415,0.04537007237385711,0.21300251729464867,0.14829798649006398,7,0.02927472779297549,,
TabNet,tabnet_regressor,Neural networks,mild,ood,projected,X_S,g COD/m^3,81.00937651273084,9.000520902299534,6.269379727609694,-0.14737002385253106,62.54770989701285,0.9736995896265933,0.04490660586170846,0.21191178792532628,0.1476087308370268,0,0.0,0.029274728027253727,0.0006892556580473059
TabNet,tabnet_regressor,Neural networks,mild,ood,raw,X_H,g COD/m^3,124.43226744955159,11.154921221127095,7.861383655456809,-1.403094179328158,82.69917755436313,0.9528580682152231,0.05983219440803197,0.24460620271782146,0.1723851890972783,0,0.0,,
TabNet,tabnet_regressor,Neural networks,mild,ood,projected,X_H,g COD/m^3,586.6574932586341,24.221013464730042,16.51497341380392,-7.580689307888092,142.5587371600658,0.7777411912915648,0.2820892515023104,0.5311207503970358,0.36214195104178293,0,0.0,13.993227949377905,0.30684487004529243
TabNet,tabnet_regressor,Neural networks,mild,ood,raw,X_PAO,g COD/m^3,19.401929135560202,4.404762097498593,3.251608065471354,-0.9544561736761151,40.55397647511708,0.9334685598985372,0.06392914605263869,0.2528421366240973,0.18664879340584808,0,0.0,,
TabNet,tabnet_regressor,Neural networks,mild,ood,projected,X_PAO,g COD/m^3,20.528487360668045,4.530837379631722,3.327939146160009,-1.1117522701424525,40.701572296915,0.929605462546161,0.0676411431848064,0.2600791094740337,0.19103034979980318,0,0.0,0.47929649789388745,0.027512575690014637
TabNet,tabnet_regressor,Neural networks,mild,ood,raw,X_PP,g P/m^3,3.5662149003063255,1.8884424535331559,1.4700712519050838,-0.3294035468849901,7.368560866729377,0.8477479890243513,0.1280095603328547,0.35778423712183677,0.2785196447969864,29,0.035266780142021344,,
TabNet,tabnet_regressor,Neural networks,mild,ood,projected,X_PP,g P/m^3,3.6787992726677627,1.9180196225971629,1.4719980518417133,-0.7550430882652561,7.50523272033225,0.8429414370986702,0.13205078510736284,0.3633879264743985,0.27888469624143125,0,0.0,0.6625552641298621,0.12552769573902073
TabNet,tabnet_regressor,Neural networks,mild,ood,raw,X_PHA,g COD/m^3,35.29291358438213,5.940783920021173,4.407988475335056,-1.7628220775164603,36.50275607417221,0.8250390461901237,0.15885478449296406,0.398565909848,0.2957309945831448,118,0.6374307223248671,,
TabNet,tabnet_regressor,Neural networks,mild,ood,projected,X_PHA,g COD/m^3,31.23586231730317,5.588905287916693,3.770557751043487,-1.1253913532249795,36.50275607417315,0.8451514565086022,0.14059383805203515,0.37495844843400333,0.25296590499014826,0,0.0,0.637430724291926,0.042765089593020514
TabNet,tabnet_regressor,Neural networks,mild,ood,raw,X_AOB,g COD/m^3,0.28993360976261895,0.5384548353971937,0.41322596947851215,-0.06613239539946526,2.3359973884068195,0.965952950801581,0.0433697468997368,0.2082540441377713,0.15982023677653823,2,0.00047527601651211764,,
TabNet,tabnet_regressor,Neural networks,mild,ood,projected,X_AOB,g COD/m^3,0.287142892774999,0.5358571570624012,0.41127660089352913,-0.07145979741278646,2.2910865861159406,0.9662806660970038,0.042952297230755804,0.20724936002496075,0.15906629444999493,0,0.0,0.013553732207129035,0.005242072983173907
TabNet,tabnet_regressor,Neural networks,mild,ood,raw,X_NOB,g COD/m^3,0.2380504484631302,0.4879041386001252,0.3593938846581404,-0.06984365404183515,2.5708936762352472,0.9580769017450871,0.04697905479045474,0.21674652198006486,0.15965713007488827,0,0.0,,
TabNet,tabnet_regressor,Neural networks,mild,ood,projected,X_NOB,g COD/m^3,0.23696969255463277,0.48679532922433916,0.3580143792895546,-0.07442544211539603,2.5671064632171428,0.9582672338214768,0.04676576852542898,0.21625394453149052,0.15904429864543645,0,0.0,0.009573560762219675,0.004252958386722323
TabNet,tabnet_regressor,Neural networks,mild,ood,raw,X_MeP,g TSS/m^3,3.0545944906674665,1.747739823505623,1.3425051087702895,0.8549693238642972,7.73061441201732,0.9031831301793458,0.09769357840995037,0.312559719749603,0.2400889508359377,7,0.015759199611573196,,
TabNet,tabnet_regressor,Neural networks,mild,ood,projected,X_MeP,g TSS/m^3,1.4920129964259066,1.221479838730835,0.824715287658452,-0.09380031610878488,7.7650896956353135,0.9527099166560316,0.047718310597472766,0.21844521188955543,0.14748921762662442,0,0.0,1.074355461799542,0.19213399931459524
TabNet,tabnet_regressor,Neural networks,mild,ood,raw,X_MeOH,g TSS/m^3,0.9738143451952022,0.9868203206233657,0.6644534623134744,0.2046712249225439,5.6912597428943705,0.8607898430354858,0.17376818759060494,0.4168551158263563,0.280680098702204,21,0.006736818433532023,,
TabNet,tabnet_regressor,Neural networks,mild,ood,projected,X_MeOH,g TSS/m^3,0.7487776518003727,0.8653193929413421,0.5842438896161594,0.0664499159388026,5.500936232010277,0.8929596232044048,0.13361246535716045,0.3655303891021381,0.24679776975299797,0,0.0,0.1701205564182061,0.0718627522843862
TabNet,tabnet_regressor,Neural networks,severe,ood,raw,S_O,g O2/m^3,0.40454273293749315,0.6360367386696253,0.4642918095027148,-0.20775606470877256,2.4028602916901107,0.9094250387040906,0.21489106440660133,0.46356344162002394,0.3383903728254016,45,0.016058105788866354,,
TabNet,tabnet_regressor,Neural networks,severe,ood,projected,S_O,g O2/m^3,0.39016865210878304,0.6246348149989585,0.44823365587676545,-0.19169794501039936,2.402860596066782,0.9126433187737164,0.2072556249890669,0.45525336351208534,0.32668668888966157,0,0.0,0.0160589737700069,0.011704281682346164
TabNet,tabnet_regressor,Neural networks,severe,ood,raw,S_F,g COD/m^3,35.106676707642436,5.925088751035079,1.6738898604818848,-1.2373503229835372,74.00781643546688,0.7763798589532473,2.83322300635754,1.6832180507461119,0.4755239535663991,116,0.10275135317716065,,
TabNet,tabnet_regressor,Neural networks,severe,ood,projected,S_F,g COD/m^3,34.83948867339875,5.902498511088228,1.5711383844862092,-1.1345988561546294,74.00781377384597,0.7780817752696548,2.8116600628768236,1.676800543558125,0.44633398757533893,0,0.0,0.10275160979668167,0.029190004001675353
TabNet,tabnet_regressor,Neural networks,severe,ood,raw,S_A,g COD/m^3,77.14459625312404,8.783199659185941,5.491849363315675,5.147684427534176,40.501331398075266,0.6637374564629426,0.2013226784295311,0.44868995802171807,0.2805512519245286,33,0.03856817122834804,,
TabNet,tabnet_regressor,Neural networks,severe,ood,projected,S_A,g COD/m^3,77.07064291243897,8.77898871809498,5.453281179176519,5.186252548578355,40.50133124990843,0.6640598087682191,0.20112968390562852,0.4484748419985546,0.2785809953444823,0,0.0,0.03856897087466598,0.0019702967704480806
TabNet,tabnet_regressor,Neural networks,severe,ood,raw,S_NH4,g N/m^3,12.666189007666567,3.558958978081451,2.361680387530406,-1.2756598987568302,20.325308214824823,0.9711533351007455,0.08222688238849644,0.28675230145283304,0.19028521839985751,223,0.4276947277589208,,
TabNet,tabnet_regressor,Neural networks,severe,ood,projected,S_NH4,g N/m^3,9.466630183041504,3.076788940281979,1.7617769081119141,-0.033692176219857185,20.54290033224637,0.9784401836692886,0.06145585591729201,0.24790291631461703,0.1419498190788042,0,0.0,1.7467828486878636,0.14074171831831583
TabNet,tabnet_regressor,Neural networks,severe,ood,raw,S_NO2,g N/m^3,12.137169455047749,3.483844062963747,2.133121996491684,1.0648302306437818,21.008106375931177,0.7198710844978047,0.6822138737034137,0.8259623924268064,0.5057283034825808,44,0.02750842000478367,,
TabNet,tabnet_regressor,Neural networks,severe,ood,projected,S_NO2,g N/m^3,12.059274839896071,3.4726466621146574,2.148239975501475,1.1461278158448778,16.147141918574643,0.7216689117545401,0.6778355227757054,0.8233076720009995,0.5093125288055024,0,0.0,0.26787235972494755,0.06350815108389486
TabNet,tabnet_regressor,Neural networks,severe,ood,raw,S_NO3,g N/m^3,36.84495112425682,6.07000421122233,4.11526091898373,-1.6713377564267087,29.131984058493117,0.8972668673547092,0.2591272153098669,0.5090453961189187,0.3451158437030035,74,0.32760058769789535,,
TabNet,tabnet_regressor,Neural networks,severe,ood,projected,S_NO3,g N/m^3,12.322893041026436,3.5103978465448096,2.34841921769315,-0.3837678755635923,17.922994868080053,0.9656406273660639,0.08666579438560525,0.2943905473781474,0.19694417817927012,0,0.0,2.486314326069513,0.2085083991622687
TabNet,tabnet_regressor,Neural networks,severe,ood,raw,S_N2,g N/m^3,7.071165338368089,2.6591662863326335,1.9330437143352863,-0.12805664236381703,13.597649271112857,0.8672116023757241,0.2029589514733199,0.4505096574695374,0.3274916901943219,35,0.048262261638291615,,
TabNet,tabnet_regressor,Neural networks,severe,ood,projected,S_N2,g N/m^3,6.424703923331434,2.5346999671226245,1.8032641408409367,-0.036348793616114476,18.740190474739645,0.879351408379532,0.18440399982314704,0.4294228683048296,0.3055047420662616,0,0.0,0.4400516146062254,0.07455250285929987
TabNet,tabnet_regressor,Neural networks,severe,ood,raw,S_PO4,g P/m^3,6.498203036501592,2.5491573189000305,2.0025936300375253,1.2107830570027855,11.023632450003337,0.835269045363058,0.1599332697261249,0.3999165784587142,0.31417064244328446,5,0.008075168265873435,,
TabNet,tabnet_regressor,Neural networks,severe,ood,projected,S_PO4,g P/m^3,5.023961184155099,2.2414194574320754,1.7265642148498606,0.8599046317611702,10.806408319518557,0.8726414183619656,0.1236493434639794,0.35163808591217677,0.2708666303851178,0,0.0,0.7360321391941632,0.11547010165272634
TabNet,tabnet_regressor,Neural networks,severe,ood,raw,S_I,g COD/m^3,26.642506790002486,5.161637994861949,3.9289490357953043,-1.783520250110489,22.971491756923783,0.950053968621786,0.04995461239377731,0.22350528493478025,0.17012833418650972,0,0.0,,
TabNet,tabnet_regressor,Neural networks,severe,ood,projected,S_I,g COD/m^3,2.639811677390324e-23,5.137909767006739e-12,4.707617999126038e-12,4.707617999126038e-12,1.0686562745831907e-11,1.0,4.949638191931881e-26,2.224778234326262e-13,2.0384565971231122e-13,0,0.0,3.9289490357972623,0.17012833418659448
TabNet,tabnet_regressor,Neural networks,severe,ood,raw,S_ALK,mol/m^3,108.98395177889967,10.439537910218998,7.873245260675259,2.686662197007438,53.94917429391366,0.960053963002487,0.04032054725027098,0.20079976904934674,0.15143829579515278,0,0.0,,
TabNet,tabnet_regressor,Neural networks,severe,ood,projected,S_ALK,mol/m^3,0.1391736382538439,0.3730598320026479,0.24592651122793246,-0.029122006372326748,2.5508537310768418,0.9999489884959022,5.148975758000258e-05,0.0071756363885025955,0.00473028471972324,0,0.0,7.881791174444384,0.15160267256411644
TabNet,tabnet_regressor,Neural networks,severe,ood,raw,X_I,g COD/m^3,104.4635496700986,10.220741150723788,7.3291646083087425,-0.4961194179259124,65.09290199120122,0.878908367719161,0.12298503871231564,0.3506922279040635,0.2514769748357623,0,0.0,,
TabNet,tabnet_regressor,Neural networks,severe,ood,projected,X_I,g COD/m^3,108.00039122739913,10.392323668333235,7.446114688470731,-0.888228355763077,64.8855469726108,0.8748085461197155,0.1271489657205173,0.3565795363176598,0.2554897449040721,0,0.0,0.9481130083785794,0.03253148263025546
TabNet,tabnet_regressor,Neural networks,severe,ood,raw,X_S,g COD/m^3,213.4661113053719,14.610479502924328,9.969661921405036,-0.8137677322034798,120.59850366637173,0.9669261927223539,0.11833245653625606,0.3439948495780948,0.2347296235083701,22,0.1578052212228185,,
TabNet,tabnet_regressor,Neural networks,severe,ood,projected,X_S,g COD/m^3,208.9375089479382,14.454670834990958,9.811856699846341,-0.6559625106665042,120.59850366638923,0.9676278409638052,0.11582207847973909,0.34032642929948753,0.23101419558953576,0,0.0,0.15780522166024047,0.0037154279212251186
TabNet,tabnet_regressor,Neural networks,severe,ood,raw,X_H,g COD/m^3,200.77882840006254,14.169644610930174,10.493493208647827,-4.98310884924544,57.45029769885386,0.9358311514560403,0.09654278701237896,0.3107133518411769,0.23010234461819412,0,0.0,,
TabNet,tabnet_regressor,Neural networks,severe,ood,projected,X_H,g COD/m^3,674.3065016765358,25.967412302278714,18.836718995499176,-8.185289107561253,114.736301191812,0.7844918604063563,0.3242345295625796,0.5694159547840046,0.4130534150635769,0,0.0,14.700686902734105,0.32235809911511626
TabNet,tabnet_regressor,Neural networks,severe,ood,raw,X_PAO,g COD/m^3,24.648000848550186,4.964675301422056,3.7865388692360207,-1.0156297150042157,20.437953772280164,0.9132130706542797,0.08121489544379941,0.2849822721570579,0.21735488930299368,1,0.005524776102192585,,
TabNet,tabnet_regressor,Neural networks,severe,ood,projected,X_PAO,g COD/m^3,25.281635358861184,5.028084661067392,3.8392253544579646,-1.0892851522839604,21.8017863406248,0.9109820096519995,0.08330271428236122,0.288622095970425,0.22037919872081566,0,0.0,0.5027536045232927,0.028859060432644933
TabNet,tabnet_regressor,Neural networks,severe,ood,raw,X_PP,g P/m^3,5.739421028325243,2.395708878041162,1.858148484641614,-0.255941582921832,10.219780213497758,0.7637895428639644,0.2060169627853742,0.4538909150725251,0.3520447429005676,28,0.05687186646736266,,
TabNet,tabnet_regressor,Neural networks,severe,ood,projected,X_PP,g P/m^3,5.136184013350872,2.266315073715672,1.7344506008981977,-0.6256118521135601,10.302455912692936,0.7886162440878773,0.18436372336428938,0.4293759697098679,0.32860894643988037,0,0.0,0.8033818650385314,0.15220869831778688
TabNet,tabnet_regressor,Neural networks,severe,ood,raw,X_PHA,g COD/m^3,67.32715516642462,8.205312618445724,6.105679880351606,-3.3710721675495083,36.2655631727567,0.7031120856835539,0.30304215884345714,0.5504926510349226,0.4096287442052417,172,1.3661942794915782,,
TabNet,tabnet_regressor,Neural networks,severe,ood,projected,X_PHA,g COD/m^3,55.301682646635015,7.436510112050882,4.7394855979932515,-2.0048778851917293,36.2655631727193,0.7561399827667579,0.2489150366666531,0.49891385695994966,0.31797106493126587,0,0.0,1.3661942823588973,0.09165767927401215
TabNet,tabnet_regressor,Neural networks,severe,ood,raw,X_AOB,g COD/m^3,0.8874455878022935,0.9420433046321669,0.6693585134169729,-0.19213329292084527,4.918180091693193,0.9124979427838908,0.13274863359851807,0.3643468589112826,0.2588826550221333,3,0.0018913290079474474,,
TabNet,tabnet_regressor,Neural networks,severe,ood,projected,X_AOB,g COD/m^3,0.872572541799604,0.934115914541447,0.6630482529517603,-0.19185226073279543,4.9017116314823825,0.913964423816861,0.13052384758184027,0.36128084308725844,0.25644208401217317,0,0.0,0.01601756207033566,0.006194989549893378
TabNet,tabnet_regressor,Neural networks,severe,ood,raw,X_NOB,g COD/m^3,0.48222162899824944,0.6944217947315949,0.4860898780399238,-0.1680909767975397,3.6466138548993,0.9103787436070979,0.09516603088172654,0.30848992022710653,0.21594055491547404,0,0.0,,
TabNet,tabnet_regressor,Neural networks,severe,ood,projected,X_NOB,g COD/m^3,0.48070839869233944,0.6933313772593445,0.48534645948963223,-0.1700649563516947,3.6440826993401583,0.9106599786099931,0.0948673961599233,0.30800551319728564,0.21561029867781742,0,0.0,0.00880184800535995,0.003910132731467777
TabNet,tabnet_regressor,Neural networks,severe,ood,raw,X_MeP,g TSS/m^3,4.841435809159571,2.200326296066011,1.7014938477594486,1.0585990071650382,10.850672333566896,0.8464475063065506,0.154841236793929,0.39349871256959534,0.30428925006963764,4,0.00926785104472831,,
TabNet,tabnet_regressor,Neural networks,severe,ood,projected,X_MeP,g TSS/m^3,2.588111155872765,1.6087607515950795,1.0691160509736506,-0.1591548461792514,9.336703422516102,0.9179146563942391,0.08277427361059446,0.2877051852341116,0.19119700128012296,0,0.0,1.3532188266288516,0.24200495492665625
TabNet,tabnet_regressor,Neural networks,severe,ood,raw,X_MeOH,g TSS/m^3,1.6533593722431459,1.2858302268352326,0.8453862396892032,0.25530651237250607,6.599917307296144,0.775034030290227,0.2950267296514737,0.5431636306413323,0.35711017649194776,25,0.01136940251897979,,
TabNet,tabnet_regressor,Neural networks,severe,ood,projected,X_MeOH,g TSS/m^3,1.2988625424413032,1.1396765078044309,0.7573820073647844,0.1127482996648444,6.614297085757782,0.8232689902234773,0.23177004019601744,0.48142500994029946,0.3199352078658138,0,0.0,0.19855950813095086,0.0838760056218405
